Student_ID,CGPA,DSA,Python,Java,C++,SQL,DBMS,Operating_System,Computer_Networks,OOPS,React,NodeJS,MongoDB,Git,Linux,AWS,Docker,Kubernetes,Machine_Learning,Communication,Presentation,Teamwork,Leadership,Critical_Thinking,Problem_Solving,Adaptability,Internships,Projects,Hackathons,Certifications,LeetCode,GitHub_Repos,Industry_Ready
S1000,7.11,86,78,49,59,40,48,45,53,88,34,99,61,27,82,29,36,16,25,77,61,72,71,50,67,83,1,0,1,1,257,14,Moderately Ready
S1001,9.59,36,31,44,37,30,50,37,74,40,77,69,40,56,20,63,14,49,76,42,89,90,29,88,79,41,1,6,2,6,278,5,Moderately Ready
S1002,8.65,85,77,98,48,42,66,62,40,63,72,23,22,56,54,82,35,75,35,90,90,69,36,69,40,82,2,1,0,4,187,10,Industry Ready
S1003,8.07,96,43,80,88,59,57,39,97,68,49,27,85,83,36,67,39,79,42,79,88,91,27,84,71,40,1,3,2,7,487,13,Industry Ready
S1004,6.17,45,88,91,84,98,68,50,69,41,95,55,30,78,79,68,87,31,60,93,91,76,21,65,87,62,0,4,2,5,186,3,Industry Ready
S1005,6.17,80,87,66,59,47,50,65,95,74,59,29,43,64,20,29,44,68,49,41,98,52,75,96,36,87,2,2,5,1,193,2,Industry Ready
S1006,5.75,41,87,35,65,42,68,62,39,47,78,49,69,35,23,48,84,14,86,90,61,55,84,71,91,64,2,6,1,6,42,7,Industry Ready
S1007,9.22,82,80,55,84,61,67,41,71,96,82,35,40,45,28,87,62,27,74,99,88,87,74,67,85,65,2,6,0,5,442,20,Industry Ready
S1008,8.08,34,31,37,73,79,77,43,45,99,67,49,44,50,64,99,77,20,99,54,86,82,88,90,73,96,2,7,4,4,201,2,Industry Ready
S1009,8.54,56,70,33,56,60,98,73,74,75,87,83,23,46,51,41,42,17,23,61,99,48,99,79,56,42,0,0,1,5,106,3,Moderately Ready
S1010,5.59,41,45,50,83,80,52,77,99,76,26,93,62,62,88,50,79,29,47,85,55,89,92,76,77,99,2,0,2,5,72,3,Industry Ready
S1011,9.67,46,33,60,77,56,95,61,42,45,66,30,66,34,33,78,37,84,69,85,56,86,55,81,72,70,2,6,2,0,220,13,Industry Ready
S1012,9.08,35,41,50,59,89,54,67,45,84,62,53,42,77,70,77,83,68,47,94,79,52,28,86,98,66,1,3,3,7,89,11,Industry Ready
S1013,6.41,34,58,54,68,62,45,90,92,69,35,99,79,68,42,96,45,34,72,43,94,46,33,90,71,52,2,1,0,2,119,2,Moderately Ready
S1014,6.28,86,36,44,42,82,80,36,82,54,41,74,40,98,65,30,58,67,86,63,46,74,93,96,72,86,3,0,4,6,163,19,Industry Ready
S1015,6.29,57,43,64,45,62,98,48,47,62,82,23,85,44,46,33,99,28,45,58,94,83,41,80,65,72,1,4,4,3,315,7,Industry Ready
S1016,6.81,98,41,78,73,70,62,47,94,71,65,68,70,87,55,25,95,11,58,69,92,65,35,55,78,64,1,1,2,0,220,18,Industry Ready
S1017,7.76,88,34,72,56,48,82,58,83,37,64,63,34,55,87,41,62,67,32,61,70,89,60,87,48,94,3,0,3,3,387,13,Industry Ready
S1018,7.36,62,61,70,74,70,69,68,41,93,60,50,77,99,51,92,78,75,90,78,43,48,86,47,86,95,1,5,3,1,20,0,Industry Ready
S1019,6.75,91,72,66,64,71,42,53,59,61,44,67,45,66,92,35,11,16,73,87,68,74,47,42,39,98,0,5,0,2,96,19,Moderately Ready
S1020,8.13,79,98,86,57,52,56,64,57,66,69,45,78,78,85,12,89,60,32,79,46,63,48,42,76,55,2,0,2,2,478,13,Industry Ready
S1021,6.1,48,74,71,36,62,58,83,85,82,86,89,64,71,61,91,80,42,78,66,82,72,84,49,41,86,2,6,2,2,374,18,Industry Ready
S1022,6.76,98,38,76,91,49,98,77,81,80,71,31,85,59,69,16,73,84,23,54,69,60,47,51,52,77,1,4,2,0,475,6,Industry Ready
S1023,7.08,95,78,90,80,54,99,50,39,81,50,64,54,62,76,97,30,22,99,91,42,92,51,54,91,65,2,6,0,4,355,12,Industry Ready
S1024,7.46,76,62,43,75,81,48,86,47,74,56,27,83,75,83,25,44,19,76,76,64,61,71,86,78,93,1,0,4,1,352,8,Industry Ready
S1025,8.88,68,47,97,49,41,59,83,76,37,41,28,96,22,65,62,55,68,79,93,73,78,30,66,95,98,2,7,1,0,3,15,Industry Ready
S1026,6.36,97,38,82,67,61,37,45,39,63,46,20,46,90,93,97,95,47,66,40,72,58,45,97,97,86,1,6,3,0,387,15,Industry Ready
S1027,7.71,62,91,63,90,62,39,81,57,92,21,24,99,31,73,13,57,29,96,51,70,83,50,90,66,91,1,1,4,4,160,7,Industry Ready
S1028,8.05,42,86,53,61,97,99,69,96,84,41,90,50,84,72,54,31,94,93,48,63,85,39,85,62,57,1,2,1,3,141,7,Industry Ready
S1029,5.7,83,58,49,55,44,88,63,35,44,72,73,31,62,48,41,15,23,24,58,77,84,88,50,38,56,0,2,4,3,495,17,Moderately Ready
S1030,8.11,36,54,98,87,80,53,88,88,95,36,43,64,89,56,92,42,97,55,57,85,71,60,45,49,85,1,0,4,2,392,1,Industry Ready
S1031,6.23,43,44,59,68,35,88,57,37,95,75,45,51,65,88,87,48,49,38,98,43,44,86,51,36,93,0,3,4,0,87,1,Moderately Ready
S1032,5.78,48,35,36,49,98,44,58,98,57,50,29,73,79,33,67,52,16,49,78,87,51,63,57,57,64,0,1,4,4,319,9,Moderately Ready
S1033,9.58,83,71,65,79,98,50,44,85,40,62,80,85,80,46,22,34,78,60,50,49,79,79,64,93,97,3,7,2,6,189,16,Industry Ready
S1034,9.65,49,58,67,81,64,80,95,36,94,91,59,51,68,24,31,27,15,67,50,64,45,26,73,57,65,1,2,4,4,88,7,Moderately Ready
S1035,8.98,58,33,81,51,63,63,42,83,61,72,63,34,44,63,53,50,49,47,69,76,57,73,65,60,57,0,7,1,3,134,7,Industry Ready
S1036,6.81,53,86,44,82,92,49,82,65,89,24,31,74,22,34,53,44,62,50,59,82,46,82,63,68,88,3,3,1,4,493,4,Industry Ready
S1037,5.92,92,78,75,95,97,82,63,37,65,21,41,60,87,86,39,33,18,76,91,40,58,99,97,47,40,2,7,3,3,475,2,Industry Ready
S1038,8.44,86,73,52,72,47,45,60,69,64,78,46,59,82,20,32,64,74,62,97,56,54,32,55,74,85,0,2,5,3,260,0,Industry Ready
S1039,7.39,37,43,41,52,55,68,71,70,47,23,86,91,49,43,21,49,29,84,54,85,81,52,75,85,46,0,3,0,6,365,19,Industry Ready
S1040,6.02,91,32,73,93,90,70,86,98,93,53,88,68,23,95,23,96,15,28,96,46,48,26,75,44,69,0,7,1,5,12,6,Industry Ready
S1041,7.63,58,91,44,38,77,64,72,66,88,86,33,57,97,81,45,38,86,31,94,53,59,49,60,73,72,3,0,1,0,246,6,Industry Ready
S1042,5.65,46,93,78,36,60,53,40,52,55,92,44,75,90,97,54,19,48,31,64,40,87,30,69,38,64,3,5,1,5,385,12,Industry Ready
S1043,9.41,95,74,50,70,63,67,42,68,77,25,71,53,40,76,81,88,30,61,88,45,98,89,88,86,64,0,6,1,1,249,20,Industry Ready
S1044,6.61,35,87,44,83,36,56,51,90,45,77,78,20,90,39,33,19,46,92,42,78,59,40,59,90,66,1,7,0,5,83,5,Moderately Ready
S1045,8.35,87,49,43,94,36,70,96,87,72,66,57,29,20,77,12,99,21,72,97,82,43,51,93,61,74,3,3,0,2,395,12,Industry Ready
S1046,6.84,98,87,71,31,76,57,68,98,58,24,39,59,79,33,87,73,79,76,82,49,49,24,99,42,82,3,0,5,1,116,1,Industry Ready
S1047,7.74,57,86,44,33,37,97,53,73,85,80,97,35,53,97,60,38,24,35,65,60,81,54,81,87,57,2,5,4,6,90,1,Industry Ready
S1048,7.85,91,97,92,61,30,60,71,72,95,75,39,65,22,72,84,27,30,96,84,42,79,66,89,47,96,2,6,5,4,262,1,Industry Ready
S1049,6.29,70,81,97,31,32,94,72,74,80,54,75,43,37,54,64,11,94,69,67,58,40,31,98,80,69,0,3,1,5,161,14,Industry Ready
S1050,9.67,98,66,56,93,82,39,49,53,77,32,49,33,62,81,47,34,90,23,45,67,74,56,58,70,53,2,6,1,7,148,14,Industry Ready
S1051,8.83,70,37,82,43,67,88,74,39,61,45,60,58,95,80,96,94,55,32,85,41,63,63,50,77,74,1,3,3,1,187,17,Industry Ready
S1052,9.54,78,73,81,49,80,72,43,48,64,83,90,37,97,38,91,60,80,79,71,66,83,41,53,69,73,0,7,3,1,337,4,Industry Ready
S1053,9.35,78,34,92,78,44,96,87,83,97,98,82,60,60,61,29,31,96,47,50,83,46,30,75,85,59,0,6,3,3,393,13,Industry Ready
S1054,8.07,32,98,82,37,96,59,86,98,44,30,88,75,43,63,11,18,95,31,52,71,61,74,55,97,54,3,6,3,0,421,4,Industry Ready
S1055,9.46,39,60,86,92,93,46,35,91,37,81,48,55,43,20,35,98,19,43,56,51,62,29,42,47,46,0,3,4,7,185,7,Moderately Ready
S1056,5.88,64,74,81,75,97,56,64,69,94,99,98,43,22,87,11,98,91,20,85,40,40,61,96,81,52,2,6,2,4,55,20,Industry Ready
S1057,6.34,31,38,72,50,34,43,35,39,61,66,96,48,78,97,76,83,75,53,92,85,63,99,61,40,75,0,1,3,2,486,10,Industry Ready
S1058,5.69,53,61,36,61,39,63,73,73,79,89,63,41,77,65,93,13,85,22,85,82,59,95,82,52,79,0,2,3,6,427,7,Industry Ready
S1059,6.9,67,62,71,37,37,78,50,58,96,94,98,30,92,70,83,30,48,41,75,79,71,74,44,42,99,2,6,0,7,212,5,Industry Ready
S1060,7.17,51,96,33,45,41,61,51,74,58,77,76,60,43,51,51,39,31,46,69,68,70,69,92,75,92,3,6,5,6,463,3,Industry Ready
S1061,6.67,55,59,98,69,93,89,56,84,80,29,43,68,85,99,94,42,95,40,43,48,72,51,41,95,73,1,6,1,7,370,19,Industry Ready
S1062,9.06,72,58,34,56,88,39,65,92,78,35,38,30,59,38,49,52,51,32,53,57,75,87,51,54,52,2,3,4,6,447,2,Industry Ready
S1063,7.03,84,32,70,47,96,86,74,35,97,31,36,71,90,58,18,99,95,63,85,84,57,37,84,90,97,1,0,1,3,147,11,Industry Ready
S1064,6.71,68,86,33,64,79,47,61,77,38,90,88,86,28,33,11,11,15,99,67,75,76,84,96,36,43,1,3,2,7,305,10,Industry Ready
S1065,7.83,58,59,31,81,52,76,70,73,50,69,80,94,79,48,37,96,61,43,46,55,72,44,41,66,52,1,7,4,2,309,4,Industry Ready
S1066,6.11,49,38,96,44,69,49,38,44,85,34,23,27,58,61,12,40,46,65,55,74,72,50,76,56,87,0,1,2,6,429,7,Moderately Ready
S1067,8.95,70,55,50,92,47,52,59,36,82,78,41,50,52,33,25,13,93,36,53,75,44,38,94,75,83,1,7,1,0,494,10,Industry Ready
S1068,5.82,83,31,99,82,50,84,64,97,99,89,93,93,53,30,13,56,15,24,76,43,57,37,58,44,52,3,7,0,7,39,10,Industry Ready
S1069,9.74,49,91,72,95,30,36,81,50,79,81,25,25,81,94,32,93,82,57,78,79,48,87,63,73,62,3,1,3,1,151,19,Industry Ready
S1070,8.82,48,32,98,60,67,47,46,71,37,91,49,90,80,66,86,98,38,78,88,82,81,52,44,79,68,3,5,1,5,494,2,Industry Ready
S1071,6.35,95,75,38,90,70,81,61,50,51,81,94,32,46,43,15,54,78,46,66,74,70,89,65,39,72,0,6,4,1,84,10,Industry Ready
S1072,5.52,59,97,57,93,71,84,79,61,71,69,30,25,36,41,83,74,60,73,69,58,46,26,67,46,62,2,7,3,7,107,5,Industry Ready
S1073,9.01,82,54,55,63,38,46,97,97,39,96,67,86,79,68,64,75,86,90,54,99,54,20,74,66,42,3,1,4,0,313,5,Industry Ready
S1074,8.54,63,80,32,84,52,47,89,98,81,73,65,46,61,74,90,15,36,74,96,45,85,99,58,74,71,1,3,2,4,286,17,Industry Ready
S1075,8.63,51,42,78,88,40,43,64,66,78,73,46,64,66,74,17,16,96,90,95,70,43,78,70,52,94,0,3,4,3,117,4,Industry Ready
S1076,8.82,96,73,46,32,60,93,48,43,67,47,38,45,72,89,82,60,46,62,78,66,85,53,58,98,42,0,3,0,6,177,4,Industry Ready
S1077,5.82,35,64,92,46,55,79,90,45,55,70,78,23,40,97,90,77,55,57,81,42,78,71,82,35,51,3,6,2,6,137,18,Industry Ready
S1078,7.04,56,84,84,75,59,77,53,64,66,93,87,56,27,92,95,27,34,80,57,92,47,30,83,87,99,1,2,5,1,83,4,Industry Ready
S1079,6.0,39,38,52,67,63,57,60,49,58,52,73,40,92,54,73,50,46,64,50,75,63,27,58,76,95,1,3,5,7,269,0,Industry Ready
S1080,9.21,77,31,63,64,75,79,72,93,69,20,36,47,77,63,76,78,32,77,61,98,47,72,59,72,43,3,4,1,5,18,0,Industry Ready
S1081,8.18,99,90,98,30,98,57,70,82,52,88,69,51,87,55,50,34,35,48,85,75,99,34,81,51,72,1,7,3,0,29,6,Industry Ready
S1082,6.92,88,70,44,58,34,68,52,94,88,20,59,72,82,34,49,65,85,73,43,41,44,47,56,96,71,0,6,3,3,312,8,Industry Ready
S1083,5.77,88,73,76,33,90,50,91,91,60,74,30,52,78,64,36,10,61,53,42,87,62,33,51,62,56,0,1,0,3,271,15,Moderately Ready
S1084,6.84,31,93,32,90,67,97,57,98,94,64,33,45,49,81,48,64,12,40,63,96,82,77,74,56,91,3,3,4,0,21,8,Industry Ready
S1085,6.9,58,60,57,46,57,85,48,88,99,92,32,36,44,69,62,12,82,64,53,76,94,76,65,80,48,1,6,1,1,309,11,Industry Ready
S1086,8.64,97,76,32,57,55,66,56,88,85,99,99,75,75,97,49,63,88,20,91,54,73,71,97,72,44,2,5,5,4,83,10,Industry Ready
S1087,8.24,94,31,33,79,90,72,62,93,94,59,47,49,53,32,61,90,81,29,42,76,54,56,92,66,60,3,2,4,1,325,11,Industry Ready
S1088,9.32,55,98,60,37,52,90,77,73,93,80,63,24,69,50,46,41,37,77,98,62,90,21,47,89,42,0,0,5,1,108,9,Industry Ready
S1089,7.53,39,87,74,63,75,51,52,49,51,55,82,25,21,24,76,97,99,47,70,83,98,53,79,43,92,3,6,4,1,426,8,Industry Ready
S1090,6.01,82,73,88,88,59,73,70,62,55,43,80,81,96,27,28,11,89,80,92,90,89,53,64,84,78,3,7,0,5,224,12,Industry Ready
S1091,8.57,88,85,74,47,96,75,41,70,62,99,36,29,72,32,43,74,43,49,96,86,86,77,64,71,42,0,1,5,1,488,11,Industry Ready
S1092,8.77,51,72,66,88,62,82,57,88,78,33,69,89,60,60,87,17,93,47,97,99,58,92,84,99,76,2,3,2,5,402,8,Industry Ready
S1093,7.91,80,63,94,56,32,62,68,51,96,94,45,29,42,36,94,67,74,48,74,45,64,80,61,78,83,3,3,5,5,4,18,Industry Ready
S1094,8.82,77,59,38,45,98,84,55,56,76,20,26,63,80,51,75,62,97,50,70,72,78,73,52,94,74,2,0,2,2,70,3,Industry Ready
S1095,7.62,50,99,46,39,71,35,81,70,56,66,98,75,50,24,19,53,38,87,96,44,43,86,81,63,72,2,2,0,0,481,0,Moderately Ready
S1096,7.75,51,84,94,51,91,84,87,63,72,95,35,23,85,28,61,82,13,93,91,60,85,49,54,97,93,0,4,0,4,275,12,Industry Ready
S1097,7.34,59,96,32,45,87,53,75,89,48,40,36,32,21,53,51,37,77,50,51,96,47,99,62,60,42,3,6,0,5,398,1,Industry Ready
S1098,5.61,54,42,55,41,86,93,66,76,60,92,54,93,88,20,69,28,71,60,49,67,68,78,67,79,87,3,0,4,4,37,7,Industry Ready
S1099,5.96,57,32,82,80,30,75,48,66,74,58,42,99,79,59,90,65,47,83,59,60,94,77,87,69,57,2,2,5,2,128,11,Industry Ready
S1100,5.64,94,55,60,30,89,44,51,48,88,22,88,38,97,98,11,29,76,61,57,63,81,43,52,41,42,3,5,5,4,117,12,Industry Ready
S1101,8.24,74,86,55,56,98,62,59,52,47,35,28,89,42,73,10,80,11,63,83,90,52,34,71,87,68,2,7,4,2,4,12,Industry Ready
S1102,6.85,97,53,52,96,88,68,98,72,53,87,37,81,76,51,59,65,85,50,95,67,77,41,50,75,76,0,2,1,2,481,0,Industry Ready
S1103,7.69,36,82,59,41,75,73,82,68,76,45,94,28,54,69,45,44,53,30,75,50,75,51,83,38,44,0,5,0,5,437,7,Industry Ready
S1104,9.4,78,99,39,59,63,90,69,79,75,73,67,65,20,78,31,28,88,55,90,61,76,94,53,36,48,0,6,4,4,84,4,Industry Ready
S1105,6.57,38,72,93,38,54,86,71,66,84,32,91,75,67,81,91,90,41,51,58,85,81,61,91,69,51,2,6,2,4,316,18,Industry Ready
S1106,7.26,65,89,51,82,71,37,89,97,37,80,85,93,68,30,45,72,95,58,56,85,95,78,74,67,55,3,3,5,6,77,19,Industry Ready
S1107,8.75,30,87,44,90,58,57,51,89,65,39,42,59,59,42,12,91,12,86,79,73,84,74,86,84,66,3,7,5,1,400,16,Industry Ready
S1108,6.48,39,78,85,83,54,51,62,77,49,46,29,86,81,45,53,16,26,79,50,96,90,24,82,47,48,1,5,0,5,124,18,Industry Ready
S1109,5.83,65,71,49,66,83,60,35,56,88,21,57,81,34,82,25,36,21,44,44,93,82,60,74,41,89,1,3,2,2,381,1,Moderately Ready
S1110,6.75,75,95,76,94,96,52,87,63,87,29,78,65,49,65,20,48,73,47,76,76,99,76,89,73,98,0,7,3,3,75,11,Industry Ready
S1111,6.19,61,40,82,71,44,80,89,74,79,79,87,25,40,88,19,39,72,38,84,80,70,72,79,83,93,3,1,1,7,282,0,Industry Ready
S1112,9.5,61,47,82,78,33,65,95,79,72,38,62,48,27,25,60,32,87,48,75,56,58,57,62,37,96,2,3,3,0,453,11,Industry Ready
S1113,8.97,35,81,30,33,67,43,47,44,84,34,31,38,26,70,51,93,81,69,84,90,76,20,79,51,96,2,5,1,1,358,18,Industry Ready
S1114,8.22,77,75,31,93,49,69,81,79,58,66,72,34,53,62,94,32,50,38,87,54,64,79,52,59,82,2,5,0,6,495,11,Industry Ready
S1115,9.25,67,73,87,80,52,94,98,51,51,43,33,76,83,61,34,99,11,75,83,68,76,95,45,48,61,3,3,5,7,280,0,Industry Ready
S1116,8.96,46,51,48,89,66,97,66,36,52,35,71,57,61,32,15,56,62,37,53,73,40,65,68,39,56,3,2,1,5,346,2,Moderately Ready
S1117,6.3,56,82,91,60,91,86,62,51,76,79,91,40,72,44,53,87,43,64,92,80,60,23,81,67,40,0,3,4,7,428,0,Industry Ready
S1118,9.34,83,88,41,87,37,82,87,72,51,99,80,70,89,21,17,57,97,99,67,82,80,34,54,85,96,1,3,2,2,129,0,Industry Ready
S1119,7.82,79,59,55,33,66,95,65,71,50,68,60,58,29,33,43,72,93,60,92,61,78,31,99,51,42,3,6,5,5,149,8,Industry Ready
S1120,8.97,64,37,56,51,74,58,42,97,86,23,40,39,77,36,50,18,83,32,48,66,80,20,97,95,44,2,7,4,1,351,0,Industry Ready
S1121,9.35,54,86,58,32,62,92,59,39,70,85,67,21,23,59,10,32,49,87,98,77,65,96,44,65,61,3,3,0,7,309,11,Industry Ready
S1122,6.87,57,49,44,76,36,98,67,59,73,68,75,51,27,58,12,72,80,96,77,54,81,49,72,49,40,1,6,3,1,144,20,Industry Ready
S1123,5.97,44,54,75,67,51,64,41,56,59,50,54,23,31,44,61,83,74,87,68,60,92,93,79,74,86,1,5,2,5,188,4,Industry Ready
S1124,6.48,33,48,30,62,34,63,80,97,76,85,63,26,44,67,86,56,64,43,64,91,42,25,41,99,88,2,6,0,6,484,14,Industry Ready
S1125,7.34,56,34,89,77,44,44,39,69,55,73,58,22,46,68,52,96,83,52,47,43,89,92,72,54,43,0,6,4,7,65,14,Industry Ready
S1126,9.02,55,56,86,94,50,73,51,89,93,21,34,44,21,52,56,83,60,92,87,86,80,69,64,68,61,1,4,4,5,244,14,Industry Ready
S1127,9.2,48,69,32,55,46,89,86,54,64,80,31,28,92,46,92,75,14,74,58,57,44,21,98,99,63,1,4,1,0,243,16,Industry Ready
S1128,5.53,46,55,47,37,85,62,46,39,91,34,27,45,74,64,28,46,65,22,41,46,82,25,66,66,94,1,1,1,4,118,8,Moderately Ready
S1129,7.7,72,56,81,79,79,52,96,73,67,79,86,83,77,50,79,47,30,22,45,55,68,94,95,56,71,1,7,3,4,153,20,Industry Ready
S1130,7.29,70,91,89,67,36,75,69,97,87,62,20,37,52,82,56,10,67,49,69,93,72,96,98,96,85,1,5,1,5,439,13,Industry Ready
S1131,6.46,71,79,63,39,79,99,96,66,50,59,99,21,68,57,87,57,82,37,41,74,41,57,87,79,41,3,7,1,0,160,17,Industry Ready
S1132,6.02,79,71,89,71,89,80,55,97,83,49,61,20,24,98,14,91,40,85,90,51,57,95,64,45,75,2,0,1,5,0,15,Industry Ready
S1133,6.95,69,58,55,66,36,94,87,74,39,82,50,67,66,59,73,44,55,62,58,46,99,37,44,67,44,3,6,3,1,39,8,Industry Ready
S1134,9.55,68,68,48,55,69,43,55,51,94,43,93,99,43,77,54,80,36,92,52,80,91,38,90,72,95,0,2,0,2,170,14,Industry Ready
S1135,6.89,52,89,51,41,74,79,49,66,89,63,49,82,63,84,73,95,79,85,88,49,53,47,82,99,46,1,1,5,4,299,19,Industry Ready
S1136,7.73,81,70,62,78,88,94,57,57,69,33,62,55,87,30,54,62,40,46,92,40,93,31,79,97,75,0,2,2,6,189,20,Industry Ready
S1137,8.52,76,62,67,43,84,62,65,94,76,47,45,82,33,34,45,34,50,38,47,51,79,71,43,72,79,0,6,0,3,291,14,Industry Ready
S1138,7.06,92,45,64,75,93,37,88,90,58,33,31,94,55,76,18,51,54,35,48,66,69,96,53,47,82,2,0,5,7,439,8,Industry Ready
S1139,9.68,98,52,96,64,94,85,89,43,89,75,78,45,70,44,32,32,45,45,62,67,68,77,56,82,47,3,0,5,5,422,1,Industry Ready
S1140,9.64,72,36,39,58,83,42,60,96,48,53,88,25,25,58,41,18,11,33,76,97,68,41,80,58,75,0,5,0,5,472,20,Industry Ready
S1141,6.58,77,55,44,41,69,93,87,98,89,97,92,45,36,52,54,36,71,66,47,95,58,64,66,70,82,0,7,0,2,396,10,Industry Ready
S1142,7.64,63,41,40,73,82,95,73,56,49,31,30,62,91,48,37,84,30,37,48,57,85,81,75,54,51,0,1,4,1,294,2,Moderately Ready
S1143,6.79,69,34,53,95,73,92,41,66,39,75,66,20,70,77,61,60,43,47,55,40,65,61,99,77,67,0,4,2,3,125,9,Industry Ready
S1144,6.72,90,98,33,31,92,46,73,81,38,80,42,28,71,91,20,66,95,38,55,96,85,86,73,91,41,1,6,2,2,483,8,Industry Ready
S1145,5.66,79,78,42,88,31,43,66,36,64,80,62,46,31,30,28,91,22,49,51,89,97,28,49,99,86,2,7,4,0,267,15,Industry Ready
S1146,8.12,96,55,86,46,50,83,60,86,87,59,96,90,20,32,73,45,28,40,64,62,93,83,90,94,53,2,4,5,3,20,9,Industry Ready
S1147,7.66,91,34,66,39,79,51,63,48,64,39,58,22,30,88,74,43,42,40,96,78,91,34,61,77,58,2,4,4,5,86,7,Industry Ready
S1148,5.72,87,51,77,47,81,88,59,71,95,61,92,80,35,40,82,22,58,67,50,56,79,49,80,99,60,0,3,5,1,401,3,Industry Ready
S1149,6.7,62,42,30,51,38,78,90,61,89,26,74,92,28,22,66,64,12,74,57,84,48,45,61,80,69,0,3,1,6,268,20,Industry Ready
S1150,9.41,45,57,89,87,49,66,65,58,76,98,37,21,27,45,75,55,47,49,52,81,96,88,67,96,88,1,1,4,5,274,7,Industry Ready
S1151,6.53,77,62,41,82,47,69,36,98,63,92,61,93,44,52,13,61,92,61,74,85,85,41,87,60,87,0,3,3,3,418,14,Industry Ready
S1152,6.12,39,52,50,30,59,83,81,60,69,87,45,50,93,41,38,37,80,56,57,40,83,73,99,63,76,3,7,4,0,45,9,Industry Ready
S1153,7.6,67,47,40,90,94,88,63,88,79,50,37,84,59,81,13,95,24,60,82,94,52,77,59,75,91,3,2,1,4,111,11,Industry Ready
S1154,9.74,48,59,73,60,53,50,83,49,63,89,60,37,86,24,10,97,47,65,69,77,77,98,88,49,60,0,1,4,4,184,14,Industry Ready
S1155,6.54,65,55,87,60,76,46,66,63,37,95,61,25,42,38,27,39,34,79,82,43,70,72,41,53,67,3,7,3,5,417,0,Industry Ready
S1156,8.39,88,45,73,95,73,42,64,62,91,66,52,61,81,28,22,54,70,93,76,90,53,38,62,93,99,3,1,4,6,499,7,Industry Ready
S1157,8.77,92,68,63,48,58,55,49,93,56,70,62,87,42,77,79,47,95,20,69,54,70,53,90,62,72,2,7,5,4,189,19,Industry Ready
S1158,6.52,75,62,54,82,97,82,96,55,61,77,33,23,63,43,58,29,96,73,99,60,54,33,73,49,81,0,0,0,0,55,14,Moderately Ready
S1159,8.63,32,55,33,51,46,42,51,44,56,41,74,23,75,58,56,79,59,54,42,60,73,41,87,92,46,2,0,2,5,128,14,Moderately Ready
S1160,7.08,94,77,93,52,34,62,56,38,83,43,77,84,87,95,95,56,19,35,68,98,89,32,55,87,81,3,1,3,6,440,10,Industry Ready
S1161,8.22,37,94,45,44,79,44,64,96,58,53,29,60,42,80,39,68,59,24,64,90,49,83,67,76,96,2,4,3,2,109,15,Industry Ready
S1162,8.22,80,67,39,55,69,86,50,38,61,82,47,62,28,67,36,88,51,50,41,61,96,75,93,62,55,3,0,3,0,341,9,Industry Ready
S1163,7.8,35,31,95,32,75,49,86,40,70,79,33,74,23,69,81,88,80,56,86,83,60,91,53,53,76,2,3,5,3,155,3,Industry Ready
S1164,5.89,68,35,64,49,80,38,42,50,51,38,45,38,53,81,37,23,61,44,44,53,78,61,91,36,90,0,6,0,2,131,9,Moderately Ready
S1165,9.09,89,75,35,69,40,96,98,72,90,43,93,40,53,72,11,51,55,81,99,74,93,85,40,52,64,3,7,0,4,484,17,Industry Ready
S1166,6.88,57,79,48,68,41,38,73,83,44,83,36,77,61,40,29,70,98,44,70,43,64,82,80,74,77,0,6,2,7,198,16,Industry Ready
S1167,6.3,83,67,88,47,42,75,65,95,88,39,53,49,22,57,84,68,49,86,44,74,76,61,54,87,83,1,1,1,5,74,15,Industry Ready
S1168,5.68,66,47,82,70,93,89,46,99,72,46,33,26,53,78,87,17,67,57,60,71,79,53,54,42,77,3,2,2,0,203,19,Industry Ready
S1169,8.04,38,56,37,99,37,62,67,84,38,77,45,88,62,62,33,66,33,67,87,67,59,48,64,43,81,2,1,3,1,423,6,Industry Ready
S1170,8.41,85,70,39,56,94,81,92,51,84,63,53,83,86,36,86,31,78,83,88,51,84,45,82,55,81,1,2,3,4,52,18,Industry Ready
S1171,5.57,88,46,96,44,38,43,46,62,95,84,43,21,56,88,81,93,94,21,65,93,46,42,44,78,84,0,0,3,1,38,18,Moderately Ready
S1172,7.7,31,91,67,66,31,36,59,78,55,65,89,86,31,63,53,97,49,83,46,69,96,55,47,94,90,0,4,2,5,290,4,Industry Ready
S1173,6.47,90,58,58,87,42,82,72,46,70,73,39,98,35,82,30,30,29,88,69,48,57,28,61,65,69,0,5,1,7,481,9,Industry Ready
S1174,8.27,87,87,44,34,31,62,82,37,80,58,58,93,81,42,31,37,38,39,73,58,80,61,78,47,56,1,2,1,2,337,3,Moderately Ready
S1175,6.25,89,99,52,36,97,48,89,83,78,26,64,28,36,87,82,58,46,30,67,55,83,86,77,79,55,3,4,2,7,393,6,Industry Ready
S1176,8.47,69,51,75,70,77,80,37,55,98,73,53,42,34,45,67,32,29,50,53,69,95,26,78,36,43,3,5,5,4,50,17,Industry Ready
S1177,7.16,65,35,57,39,32,47,69,42,52,62,41,33,45,67,20,97,27,54,57,40,65,42,90,68,69,0,2,3,5,373,10,Moderately Ready
S1178,9.53,66,55,55,91,97,50,85,98,47,39,90,73,64,66,89,63,13,63,96,85,56,51,85,96,59,0,4,2,0,191,0,Industry Ready
S1179,6.09,47,68,39,55,35,74,61,93,47,44,52,64,21,65,62,32,20,74,83,84,81,42,82,81,74,0,7,2,1,206,3,Moderately Ready
S1180,6.97,92,41,76,97,34,64,71,64,59,62,25,35,36,48,18,77,73,64,56,62,46,35,90,36,98,1,2,4,0,314,15,Moderately Ready
S1181,5.99,51,43,33,53,32,99,50,66,39,92,35,91,84,53,76,55,95,40,64,51,67,88,97,71,44,1,1,4,6,281,0,Industry Ready
S1182,9.48,40,51,84,70,39,92,59,54,73,46,91,76,49,29,61,77,61,71,45,44,60,32,53,97,84,0,7,0,4,112,0,Industry Ready
S1183,9.27,87,80,95,94,72,82,67,50,63,44,42,27,87,39,22,37,52,39,44,59,76,29,58,90,53,2,7,0,0,114,20,Industry Ready
S1184,6.61,86,52,96,46,48,83,96,59,91,55,37,44,63,53,10,59,23,28,92,42,62,78,65,80,80,3,5,2,4,258,16,Industry Ready
S1185,8.34,33,77,36,53,43,36,51,94,80,85,33,60,79,32,53,92,54,28,60,94,86,21,77,97,80,1,7,4,3,332,1,Industry Ready
S1186,9.01,36,79,84,56,50,48,77,79,67,28,69,81,20,29,84,72,37,77,93,41,87,99,72,42,79,3,1,3,0,353,2,Industry Ready
S1187,7.89,90,42,60,36,72,51,64,43,44,98,80,96,38,64,33,19,13,90,78,82,98,71,85,89,67,1,0,0,7,238,16,Industry Ready
S1188,7.78,83,39,48,41,57,65,75,85,92,72,55,37,52,97,14,98,25,52,98,59,87,20,51,77,49,2,1,3,7,16,1,Industry Ready
S1189,6.54,97,84,57,32,50,44,38,95,59,40,34,69,55,27,75,46,47,20,96,41,49,89,68,57,93,1,7,3,7,320,1,Industry Ready
S1190,5.9,30,38,57,39,65,71,94,74,73,69,24,60,96,24,90,22,72,22,89,87,85,73,51,50,91,3,7,0,3,205,7,Industry Ready
S1191,9.36,84,81,48,62,53,98,43,95,50,35,72,53,97,39,90,79,32,58,59,97,91,38,68,86,69,2,6,5,1,256,6,Industry Ready
S1192,9.37,32,31,49,75,83,64,65,49,94,85,67,31,43,63,29,39,86,31,50,79,56,47,80,88,89,2,3,2,6,87,18,Industry Ready
S1193,8.22,67,54,42,88,67,68,58,87,62,45,98,99,44,99,73,96,29,35,44,74,77,24,80,71,71,2,0,4,5,373,20,Industry Ready
S1194,6.96,30,42,72,81,46,52,58,38,78,63,30,96,30,77,24,89,78,96,77,92,40,95,85,52,51,2,1,0,0,312,18,Industry Ready
S1195,7.0,67,80,40,35,51,97,79,57,92,48,21,94,28,39,77,81,92,69,78,98,50,49,59,93,84,3,1,1,0,379,10,Industry Ready
S1196,8.62,58,87,77,31,74,83,71,61,66,65,43,97,25,90,63,89,30,46,74,43,72,38,73,35,55,2,3,1,1,10,10,Industry Ready
S1197,9.36,34,63,44,58,90,90,92,71,97,90,87,61,77,93,20,20,51,48,74,92,70,61,85,53,65,3,4,3,0,66,20,Industry Ready
S1198,9.31,50,64,46,69,40,92,57,77,79,68,98,74,48,59,32,10,78,97,96,75,83,44,94,47,74,1,1,1,7,204,18,Industry Ready
S1199,8.85,96,32,83,90,90,61,69,71,87,34,31,78,92,35,10,95,23,88,64,79,63,54,69,67,80,3,2,3,6,310,10,Industry Ready
S1200,8.26,76,88,79,97,67,89,97,63,95,36,78,70,98,23,51,27,79,71,69,45,59,28,68,56,55,0,4,5,4,85,12,Industry Ready
S1201,5.86,64,99,57,97,95,53,40,63,84,28,86,72,30,29,56,20,14,25,41,53,86,58,78,61,56,2,2,5,3,40,2,Moderately Ready
S1202,6.2,97,77,33,58,62,57,40,83,61,96,51,28,42,70,77,93,33,43,59,54,44,75,86,84,87,3,6,5,2,494,0,Industry Ready
S1203,9.36,98,93,51,91,72,81,64,85,60,51,55,22,45,67,47,19,38,59,75,88,81,57,93,87,62,1,5,5,4,104,4,Industry Ready
S1204,8.11,30,48,68,89,60,85,35,84,37,85,40,27,20,95,11,57,11,52,76,76,65,34,79,94,81,0,4,5,2,442,2,Moderately Ready
S1205,5.54,97,96,63,70,64,62,97,62,73,78,89,78,66,39,54,70,15,28,41,72,88,65,90,84,61,0,7,4,1,29,2,Industry Ready
S1206,5.94,41,34,73,94,66,91,42,39,99,51,85,49,60,51,36,19,43,68,87,83,81,56,41,58,89,1,5,0,1,280,11,Industry Ready
S1207,8.35,89,96,71,93,76,92,62,90,69,62,28,86,42,85,86,69,85,86,83,58,46,79,65,42,60,0,2,0,0,255,3,Industry Ready
S1208,5.52,56,40,69,92,52,49,67,98,87,78,95,74,24,79,70,31,31,42,86,51,66,81,40,54,73,0,1,4,4,454,17,Industry Ready
S1209,6.19,85,97,41,77,65,50,87,51,80,49,63,53,69,30,91,84,13,41,66,82,57,50,67,93,85,3,5,3,5,319,17,Industry Ready
S1210,7.86,52,98,31,49,69,81,72,89,56,30,78,62,28,39,20,18,15,91,71,93,77,49,90,81,96,2,2,5,2,216,18,Industry Ready
S1211,8.48,54,30,57,66,44,97,86,43,94,99,43,47,23,42,78,24,76,97,98,48,70,85,95,70,44,3,1,2,3,102,3,Industry Ready
S1212,8.3,50,92,96,93,66,46,45,50,40,45,82,56,90,96,38,92,86,27,43,58,48,26,99,36,77,2,3,1,5,408,1,Industry Ready
S1213,6.46,90,58,39,34,33,77,36,50,86,21,97,49,84,54,34,46,72,38,66,71,41,49,47,98,91,3,2,5,4,449,4,Industry Ready
S1214,8.56,92,41,86,63,51,63,87,47,63,53,60,90,99,36,87,79,96,57,69,67,93,52,70,72,70,1,0,4,5,161,11,Industry Ready
S1215,6.52,81,70,66,68,51,83,41,97,77,60,95,81,76,29,63,53,99,25,42,67,99,57,78,60,72,2,6,1,1,438,8,Industry Ready
S1216,6.9,54,31,93,96,46,37,43,75,68,50,93,48,44,57,57,78,82,71,85,99,83,38,99,54,86,0,7,2,4,185,11,Industry Ready
S1217,8.71,84,66,69,91,67,94,97,87,65,82,21,21,77,97,55,12,96,53,84,70,76,28,89,38,42,0,0,3,3,255,12,Industry Ready
S1218,8.29,75,74,89,53,53,60,45,43,80,74,47,76,25,51,50,19,77,93,66,75,86,51,58,99,92,3,2,5,4,85,12,Industry Ready
S1219,9.15,61,77,77,32,35,81,71,85,38,80,35,76,33,73,50,86,43,30,77,52,84,49,52,48,58,2,6,1,0,181,17,Industry Ready
S1220,8.33,84,53,48,96,97,76,48,82,36,55,78,61,82,76,70,13,81,62,75,81,68,25,55,69,95,1,1,3,5,116,18,Industry Ready
S1221,7.94,34,51,62,79,35,65,53,83,39,59,20,68,94,44,20,65,43,54,40,72,73,80,62,86,57,1,4,5,3,384,19,Industry Ready
S1222,5.9,65,40,73,58,55,56,42,52,80,42,20,76,84,33,53,49,66,30,74,81,54,56,50,57,67,2,3,2,2,246,0,Moderately Ready
S1223,7.08,78,87,66,61,70,51,41,44,53,45,50,90,71,64,41,42,46,59,95,57,85,98,63,54,54,1,7,3,1,145,11,Industry Ready
S1224,6.64,87,75,65,68,67,54,93,88,72,37,41,37,84,63,58,42,15,51,51,68,48,90,96,61,89,3,2,2,6,271,1,Industry Ready
S1225,6.55,68,58,50,38,72,42,97,49,93,98,95,89,27,57,15,69,80,68,74,84,55,97,93,75,72,1,5,0,6,183,3,Industry Ready
S1226,9.68,90,64,31,43,82,83,41,45,54,53,78,46,27,55,66,30,54,76,94,78,41,39,49,70,67,0,3,1,6,201,4,Moderately Ready
S1227,7.19,38,44,60,97,44,72,89,74,87,47,47,73,33,58,15,78,50,84,57,47,40,49,90,38,85,2,1,1,4,158,19,Industry Ready
S1228,9.34,35,89,59,93,85,87,37,81,89,68,95,43,43,58,56,54,14,67,85,88,96,37,96,60,88,2,0,2,3,47,9,Industry Ready
S1229,8.21,64,71,73,49,85,62,52,54,73,83,46,53,83,32,72,66,69,71,76,96,48,82,44,74,91,0,1,2,0,123,0,Industry Ready
S1230,8.92,68,72,41,57,60,63,79,56,70,90,20,41,44,85,58,86,76,58,62,61,96,80,51,37,47,0,1,4,7,332,9,Industry Ready
S1231,7.66,51,78,80,43,86,45,70,82,92,82,21,82,25,53,31,49,26,73,72,40,95,76,75,98,95,2,2,2,0,161,14,Industry Ready
S1232,7.98,70,93,78,73,80,81,50,50,49,81,85,55,20,34,76,90,92,44,53,87,59,41,96,63,79,2,3,2,6,161,7,Industry Ready
S1233,7.62,34,61,53,68,53,79,63,39,35,61,68,80,52,77,28,73,74,64,98,70,85,68,65,88,98,0,4,3,2,233,20,Industry Ready
S1234,6.34,71,93,53,57,87,52,93,99,43,43,38,61,33,78,64,19,64,48,83,59,96,37,67,41,88,1,3,3,6,375,16,Industry Ready
S1235,8.61,96,31,89,93,33,84,52,55,57,54,47,52,82,85,43,83,18,51,40,75,41,80,55,59,69,3,4,1,1,59,11,Industry Ready
S1236,6.71,59,53,40,61,39,83,83,95,86,96,89,93,75,71,50,75,13,86,66,62,40,97,41,58,40,0,0,3,6,75,4,Industry Ready
S1237,5.6,86,95,42,38,92,56,80,89,60,74,58,28,81,88,16,94,51,31,63,56,99,87,65,77,46,3,3,3,0,420,5,Industry Ready
S1238,8.28,58,67,93,57,44,79,63,58,94,68,38,44,47,24,66,74,55,77,41,84,49,26,43,40,94,1,4,1,1,39,15,Moderately Ready
S1239,6.26,66,60,49,46,92,95,84,57,52,96,83,32,48,62,25,39,83,39,51,49,62,26,68,49,97,2,3,5,6,144,6,Industry Ready
S1240,9.54,42,55,57,84,48,55,89,45,92,78,77,66,42,27,68,91,10,69,52,48,93,84,55,74,53,2,1,0,3,168,18,Industry Ready
S1241,9.6,61,58,31,39,92,95,61,81,99,41,36,64,63,97,47,44,96,27,66,85,58,59,61,95,60,2,0,4,4,311,8,Industry Ready
S1242,9.43,75,96,72,35,85,70,41,36,48,80,89,24,57,82,18,62,26,50,59,56,57,43,82,55,95,2,3,3,2,437,18,Industry Ready
S1243,7.09,52,54,37,77,50,58,75,87,80,99,98,50,68,87,86,48,88,43,86,97,63,51,45,92,45,2,5,0,0,462,16,Industry Ready
S1244,5.57,74,77,42,96,63,66,45,45,66,49,60,50,62,54,43,31,16,32,87,42,91,29,67,66,56,0,1,4,4,396,18,Moderately Ready
S1245,9.49,46,94,64,70,46,93,39,49,85,88,24,90,29,90,55,76,14,91,90,72,61,28,50,46,53,2,5,1,0,173,9,Industry Ready
S1246,7.34,95,82,52,89,47,39,90,46,49,79,42,60,46,51,46,79,61,61,76,40,59,58,81,43,46,3,1,3,2,71,16,Industry Ready
S1247,9.66,35,96,75,71,95,50,46,70,87,25,88,65,27,43,52,89,62,97,73,59,50,22,86,54,54,2,0,5,0,400,13,Industry Ready
S1248,9.64,47,47,44,57,80,45,76,57,49,30,29,71,87,69,56,76,12,98,45,41,48,88,60,49,47,3,3,3,2,138,13,Industry Ready
S1249,9.17,51,38,31,42,94,69,44,61,64,43,87,24,49,78,15,84,71,98,47,55,54,26,65,42,99,3,7,2,4,39,19,Industry Ready
S1250,6.77,62,67,90,44,72,76,62,48,58,98,31,31,32,84,47,26,41,45,60,48,99,31,78,55,95,2,5,3,3,173,14,Industry Ready
S1251,7.16,59,50,93,65,86,44,41,88,69,70,29,40,77,57,70,28,11,57,78,53,55,42,92,79,87,2,2,3,2,64,18,Industry Ready
S1252,9.16,61,94,81,44,39,42,48,61,46,38,79,28,22,57,13,69,89,57,60,40,52,82,86,74,49,1,6,0,3,31,6,Moderately Ready
S1253,6.86,71,50,65,85,66,60,95,55,80,69,49,36,24,40,14,81,90,74,84,74,92,36,61,40,68,2,6,0,1,107,15,Industry Ready
S1254,6.23,39,56,96,33,77,37,85,83,70,22,43,43,41,42,79,87,62,29,45,57,45,97,69,45,80,3,2,3,7,179,19,Industry Ready
S1255,7.89,65,99,98,81,98,93,76,96,82,22,88,46,77,65,69,99,21,30,80,40,64,83,69,98,58,1,5,5,7,265,8,Industry Ready
S1256,9.53,63,73,96,39,85,37,42,78,88,50,32,27,85,88,86,98,14,22,83,82,86,84,72,76,41,3,6,4,4,363,20,Industry Ready
S1257,8.49,57,57,76,74,65,72,84,78,70,66,28,63,59,49,97,60,13,42,98,96,54,47,79,93,47,1,2,1,6,114,18,Industry Ready
S1258,7.95,40,74,31,58,60,36,35,95,86,27,37,81,24,59,86,57,65,81,69,44,93,77,69,42,69,3,1,5,2,442,16,Industry Ready
S1259,5.92,68,46,73,82,84,51,45,76,56,36,54,48,35,89,65,66,89,89,49,50,57,37,76,89,82,2,3,0,6,398,18,Industry Ready
S1260,8.14,76,69,93,58,67,70,82,57,72,64,23,93,34,88,91,19,91,60,50,77,82,63,92,73,75,1,7,5,4,130,19,Industry Ready
S1261,9.76,48,32,57,52,44,36,44,35,96,79,60,43,96,61,68,41,73,60,40,63,72,83,69,85,89,3,4,5,5,249,11,Industry Ready
S1262,6.1,44,95,83,86,45,68,49,70,99,94,45,53,94,37,16,88,54,23,49,78,53,56,65,89,57,2,3,4,3,136,1,Industry Ready
S1263,7.73,57,75,96,79,82,61,81,89,37,40,63,79,99,78,77,77,69,22,64,84,96,22,45,37,41,1,0,5,3,135,3,Industry Ready
S1264,9.27,53,59,65,50,85,71,59,50,42,89,61,50,37,32,40,37,29,70,55,71,73,33,93,77,44,0,4,3,4,73,20,Moderately Ready
S1265,8.69,38,98,92,72,36,56,40,52,73,40,29,23,66,40,97,13,62,74,58,94,41,26,95,79,85,2,0,2,4,379,7,Industry Ready
S1266,8.5,76,38,54,39,86,48,45,72,52,77,92,28,23,87,95,70,82,82,49,55,59,36,43,50,52,3,7,0,5,7,10,Industry Ready
S1267,8.52,62,40,77,59,84,57,51,54,37,74,20,96,72,96,94,86,25,68,86,96,97,89,54,39,79,2,5,5,3,271,10,Industry Ready
S1268,7.05,91,98,68,80,81,78,49,53,52,47,73,73,77,96,57,21,39,91,53,42,81,98,75,74,96,3,5,0,5,266,11,Industry Ready
S1269,6.76,48,95,76,62,33,99,50,47,35,94,35,20,94,96,51,24,29,89,42,97,55,58,42,79,50,3,3,2,5,278,4,Industry Ready
S1270,8.98,96,60,50,47,72,95,90,51,60,65,65,80,77,80,99,38,95,88,43,86,42,24,96,37,93,3,0,3,4,439,17,Industry Ready
S1271,8.98,69,62,59,51,69,89,70,64,86,63,32,92,78,57,39,96,96,27,79,47,85,98,55,65,47,3,6,0,5,311,14,Industry Ready
S1272,9.23,76,68,60,93,59,84,72,77,46,44,83,50,53,59,60,22,61,27,72,71,69,71,55,58,86,1,1,3,3,149,16,Industry Ready
S1273,9.43,94,75,55,50,39,46,37,82,72,90,97,64,49,46,44,47,45,38,59,61,62,45,79,63,77,0,2,4,1,359,8,Industry Ready
S1274,7.7,58,66,51,30,36,49,52,77,75,68,74,79,73,77,71,67,31,93,54,95,78,58,92,89,56,2,6,0,3,401,3,Industry Ready
S1275,7.66,79,89,50,44,65,51,88,87,87,65,82,92,87,95,60,44,10,74,46,91,90,64,66,67,50,3,6,3,5,294,13,Industry Ready
S1276,8.93,42,60,30,65,64,68,51,68,47,82,37,61,97,85,96,49,30,92,83,87,90,96,95,85,96,1,3,4,0,386,8,Industry Ready
S1277,8.29,30,40,66,76,68,69,47,47,47,96,80,46,94,62,59,85,57,91,42,56,96,50,45,64,65,1,4,5,7,135,8,Industry Ready
S1278,8.52,63,31,75,83,65,73,97,90,52,31,39,77,87,39,39,14,92,27,94,66,62,96,60,95,78,3,7,0,3,132,16,Industry Ready
S1279,8.92,77,56,38,61,49,89,48,93,53,97,84,88,45,54,28,11,81,76,66,84,90,42,52,94,73,2,4,1,1,346,11,Industry Ready
S1280,9.33,77,31,46,87,78,93,93,66,53,76,83,92,22,74,59,39,14,91,76,42,42,59,48,69,42,3,0,3,3,260,6,Industry Ready
S1281,6.95,78,50,76,75,88,39,70,88,82,92,95,53,76,93,63,19,49,26,68,65,52,51,80,41,89,1,2,4,4,18,11,Industry Ready
S1282,7.12,93,87,88,83,78,64,52,36,62,83,83,29,56,91,92,82,91,65,65,74,90,23,82,40,64,2,6,5,5,464,11,Industry Ready
S1283,5.9,90,34,83,62,55,38,39,71,53,50,32,85,57,59,95,90,88,41,66,52,96,65,47,49,63,0,5,1,1,380,5,Industry Ready
S1284,7.99,58,81,41,68,65,49,48,67,82,23,87,44,60,65,13,47,54,63,64,56,85,94,67,51,92,0,3,3,6,60,15,Industry Ready
S1285,5.65,68,74,93,52,72,69,59,35,63,73,89,22,23,98,21,68,40,24,79,69,79,61,84,53,91,0,1,0,2,301,1,Moderately Ready
S1286,7.5,55,49,35,72,72,89,78,62,82,84,76,53,45,61,24,44,24,44,82,68,68,58,97,48,62,0,0,5,3,145,9,Moderately Ready
S1287,7.83,46,90,82,84,62,94,73,51,53,25,64,90,58,37,24,80,67,66,90,53,62,89,58,83,69,3,3,3,4,444,3,Industry Ready
S1288,6.73,42,67,45,31,74,58,46,91,81,84,57,47,61,34,19,21,62,62,69,69,79,75,68,85,85,1,3,4,2,187,4,Industry Ready
S1289,8.04,98,49,34,95,74,56,95,86,94,41,73,28,30,85,70,51,54,34,83,76,56,66,70,68,80,1,5,0,2,385,4,Industry Ready
S1290,5.63,55,54,75,67,44,78,96,78,82,36,55,30,30,32,28,58,76,83,59,83,96,57,96,55,79,1,7,0,2,177,6,Industry Ready
S1291,5.66,78,31,43,58,46,66,87,81,54,78,86,99,73,76,62,76,51,50,46,87,60,37,93,82,95,2,2,5,0,446,1,Industry Ready
S1292,9.04,96,61,73,96,41,85,87,47,53,48,98,58,57,28,81,42,33,63,68,77,68,21,96,92,66,0,6,0,5,326,18,Industry Ready
S1293,7.05,36,55,92,65,51,37,62,64,76,86,30,32,39,85,66,22,47,66,85,48,76,73,72,55,89,2,6,2,4,176,17,Industry Ready
S1294,6.05,87,99,81,58,52,66,69,87,83,36,46,30,45,35,18,84,60,31,73,87,44,49,88,61,83,0,4,4,6,113,6,Industry Ready
S1295,7.75,78,70,55,66,41,36,99,52,49,21,36,54,95,21,38,29,33,83,65,71,96,23,45,63,83,2,5,1,0,207,13,Moderately Ready
S1296,8.81,82,96,82,74,97,93,37,62,94,51,52,27,33,35,16,42,86,42,66,95,60,26,83,43,49,1,2,0,7,454,14,Industry Ready
S1297,6.43,94,30,58,45,80,48,77,38,61,41,24,26,69,91,81,43,42,69,93,43,41,98,43,78,48,1,0,4,4,17,19,Moderately Ready
S1298,8.18,91,80,48,60,42,85,84,76,89,77,81,88,44,20,26,59,28,55,96,45,93,76,92,62,41,1,0,2,7,363,14,Industry Ready
S1299,5.87,46,34,76,63,86,45,43,40,49,72,84,89,74,45,88,59,34,30,83,90,62,49,55,72,95,2,5,2,4,89,19,Industry Ready
S1300,5.72,72,42,37,79,84,44,70,43,86,66,90,76,70,63,25,18,79,66,48,40,50,63,92,49,60,3,2,5,7,220,13,Industry Ready
S1301,7.78,54,48,52,94,57,92,57,54,65,23,86,54,29,24,80,16,98,75,61,64,54,96,42,49,50,1,3,0,5,143,2,Moderately Ready
S1302,7.82,32,41,64,91,73,68,84,72,41,57,99,30,33,40,92,18,96,88,51,79,62,48,64,64,93,1,4,4,1,45,2,Industry Ready
S1303,8.24,58,77,82,72,48,87,89,84,47,32,99,57,24,54,47,35,58,56,45,77,46,55,56,66,49,0,7,2,2,102,11,Industry Ready
S1304,8.62,61,54,87,85,75,62,46,94,88,80,63,97,76,73,98,11,26,29,45,42,82,67,61,74,64,2,0,0,3,93,1,Industry Ready
S1305,9.7,55,86,34,44,32,52,66,47,47,83,33,68,41,69,85,14,30,75,66,98,73,38,57,36,79,2,2,5,1,408,3,Moderately Ready
S1306,7.72,45,64,45,77,49,60,58,76,54,96,76,54,94,63,56,75,52,61,97,60,77,82,71,56,44,1,0,3,3,391,7,Industry Ready
S1307,6.89,54,34,46,78,54,41,61,59,44,52,67,48,48,23,19,19,93,49,93,53,80,21,57,60,61,3,4,3,6,63,8,Moderately Ready
S1308,8.92,83,51,61,73,85,79,95,65,86,57,36,60,26,61,33,40,85,41,58,69,88,33,96,74,44,2,5,3,5,141,2,Industry Ready
S1309,6.66,57,86,81,39,90,79,53,46,71,48,63,25,37,60,59,42,86,74,91,96,90,99,65,42,48,3,1,1,2,277,2,Industry Ready
S1310,7.39,85,76,49,49,84,69,85,98,86,80,23,29,50,55,77,15,91,57,45,94,83,54,89,70,50,3,7,4,7,371,10,Industry Ready
S1311,5.84,94,83,95,99,64,86,98,95,61,51,49,42,62,43,52,23,31,75,97,41,45,40,64,60,83,1,1,5,4,77,5,Industry Ready
S1312,5.61,70,32,30,37,88,55,36,87,68,30,94,65,54,24,46,87,72,90,88,87,55,36,67,41,44,3,5,3,6,90,0,Industry Ready
S1313,9.64,80,82,87,74,68,62,70,60,96,37,74,31,90,76,54,24,33,55,56,61,94,51,99,35,45,2,3,2,5,34,8,Industry Ready
S1314,9.09,58,60,73,63,86,78,45,95,50,64,49,74,23,86,63,90,42,97,68,52,41,42,79,66,72,3,3,1,6,103,11,Industry Ready
S1315,8.49,48,98,35,80,96,90,98,44,93,40,37,32,70,30,52,52,76,30,62,64,71,25,62,43,55,0,1,3,1,434,12,Moderately Ready
S1316,7.26,95,62,79,33,63,44,35,46,55,31,92,93,49,64,77,88,90,26,56,87,97,48,47,93,95,2,6,0,0,75,13,Industry Ready
S1317,6.25,70,79,49,68,70,57,60,56,50,39,63,26,72,41,46,29,26,53,60,82,95,82,52,78,85,1,4,2,4,426,7,Industry Ready
S1318,6.17,74,45,43,53,51,82,45,87,47,26,81,31,93,30,98,30,57,82,49,50,82,89,83,99,63,2,2,1,5,468,14,Industry Ready
S1319,6.58,44,68,34,84,56,86,36,55,67,90,50,80,33,57,50,73,53,21,82,87,86,23,96,55,53,2,2,1,6,330,9,Industry Ready
S1320,7.86,32,75,70,55,50,49,74,69,88,21,35,44,55,78,10,38,34,81,47,49,77,77,86,54,63,3,5,2,0,130,18,Industry Ready
S1321,8.57,40,76,69,54,70,89,38,61,61,62,96,21,31,23,25,68,81,26,93,88,67,50,49,83,84,0,6,3,6,456,5,Industry Ready
S1322,8.34,82,73,63,65,60,77,71,94,86,40,42,45,95,86,46,82,69,62,53,83,96,41,80,67,51,3,4,5,4,106,15,Industry Ready
S1323,6.7,75,38,74,87,56,84,95,81,99,48,33,70,53,29,46,73,38,37,70,76,80,46,42,52,62,3,2,5,4,438,9,Industry Ready
S1324,9.61,59,79,56,41,66,40,39,49,78,51,21,88,45,38,16,53,21,39,90,64,48,35,49,75,78,3,3,0,2,274,12,Moderately Ready
S1325,8.67,86,89,73,30,95,67,49,58,64,64,31,81,25,47,49,43,18,26,57,83,64,25,88,51,45,3,2,0,1,425,7,Moderately Ready
S1326,7.88,47,44,62,79,83,96,60,44,57,95,77,91,72,36,60,56,99,71,86,74,89,99,54,47,94,3,5,5,5,444,3,Industry Ready
S1327,8.13,80,65,62,54,38,89,40,58,50,96,75,92,34,43,73,18,95,56,69,58,65,26,63,77,80,2,2,5,5,278,7,Industry Ready
S1328,7.3,77,92,73,34,71,73,78,91,89,78,43,58,38,20,31,69,62,65,57,67,84,33,49,99,60,0,6,0,5,207,7,Industry Ready
S1329,6.57,95,98,49,97,65,46,92,68,52,22,56,30,66,24,52,39,70,61,91,99,65,22,91,57,87,0,3,1,6,259,10,Industry Ready
S1330,7.03,37,70,65,35,39,65,80,75,51,58,48,83,96,51,71,26,40,79,96,81,94,68,60,74,48,0,5,3,3,95,0,Industry Ready
S1331,8.76,51,53,36,55,88,87,76,74,86,70,61,99,80,72,63,61,57,99,64,87,44,55,85,68,85,1,0,5,2,448,10,Industry Ready
S1332,5.56,35,78,61,84,69,68,82,45,79,27,37,61,71,76,36,68,88,97,88,96,96,48,98,70,80,0,5,5,3,3,4,Industry Ready
S1333,6.0,86,47,96,68,83,75,61,35,90,65,22,29,37,62,38,13,56,51,76,90,56,23,87,84,75,2,1,2,4,186,14,Industry Ready
S1334,5.7,65,36,68,38,68,44,54,64,88,85,96,38,79,58,25,49,42,57,64,82,65,59,93,64,80,3,2,4,0,217,8,Industry Ready
S1335,5.68,86,33,53,74,36,86,69,77,43,25,32,23,66,53,94,16,76,58,69,96,94,60,77,74,79,3,1,0,3,346,10,Industry Ready
S1336,9.18,78,98,99,43,33,91,82,60,51,77,48,22,76,97,20,47,73,45,69,87,65,41,78,46,85,2,1,2,0,122,10,Industry Ready
S1337,8.53,74,89,83,84,44,37,86,87,61,60,85,33,52,99,30,41,26,49,75,99,92,98,81,35,98,3,4,5,6,359,14,Industry Ready
S1338,7.54,95,84,67,38,77,91,38,81,71,98,78,29,51,24,18,78,53,60,50,49,82,23,90,50,44,3,6,5,3,335,11,Industry Ready
S1339,5.92,74,45,61,44,35,67,73,43,56,73,67,25,23,37,36,76,14,28,87,54,48,42,89,84,87,0,4,2,0,285,13,Moderately Ready
S1340,7.61,49,58,74,66,64,41,55,43,72,95,23,50,60,23,95,65,71,51,78,71,62,23,67,77,81,0,4,5,2,357,5,Industry Ready
S1341,7.54,93,52,90,79,97,38,50,35,78,60,70,50,38,89,88,29,72,75,66,42,91,87,80,94,70,0,5,0,3,160,15,Industry Ready
S1342,6.24,96,43,99,50,87,73,41,78,70,67,24,67,26,30,32,73,88,72,55,63,98,37,41,39,98,1,0,4,2,207,12,Industry Ready
S1343,7.37,32,78,82,86,48,82,43,93,59,89,58,28,45,66,60,26,48,26,77,49,63,20,80,55,74,0,7,1,7,416,4,Industry Ready
S1344,7.21,83,62,80,48,91,50,51,90,76,46,60,95,70,50,89,25,81,95,71,83,80,51,97,99,80,0,0,1,2,19,17,Industry Ready
S1345,8.15,93,54,85,87,39,72,46,85,47,66,24,45,75,32,12,20,51,42,68,69,48,40,43,55,42,0,1,3,0,478,8,Moderately Ready
S1346,8.23,69,50,56,35,54,38,91,50,90,96,27,21,90,42,25,22,30,71,91,80,49,57,82,99,58,0,1,5,3,47,11,Moderately Ready
S1347,5.69,88,46,67,33,73,38,79,72,85,42,75,23,94,84,17,27,56,40,49,90,91,45,88,57,58,0,6,1,3,26,8,Moderately Ready
S1348,7.11,84,52,91,72,87,61,45,45,84,93,44,25,70,87,99,23,83,95,69,72,45,60,42,94,40,2,1,2,1,159,16,Industry Ready
S1349,8.19,91,86,47,71,54,51,47,59,86,33,71,49,27,49,51,43,37,42,50,84,43,68,71,36,61,2,1,1,6,469,20,Industry Ready
S1350,7.66,33,87,93,32,69,88,65,93,67,80,71,74,32,50,82,85,30,88,54,64,40,60,97,68,58,2,3,3,0,483,13,Industry Ready
S1351,9.18,89,43,59,30,99,42,60,63,59,86,26,47,51,66,44,95,37,37,83,78,45,78,86,91,65,3,1,2,3,154,12,Industry Ready
S1352,8.33,59,49,78,84,39,87,97,74,92,95,80,80,53,35,80,94,95,56,62,93,95,23,73,50,54,3,6,2,4,280,4,Industry Ready
S1353,6.2,31,59,70,44,95,39,65,42,74,44,66,96,37,62,81,35,28,26,87,99,77,32,55,82,58,1,4,4,1,65,9,Moderately Ready
S1354,5.8,91,48,42,76,54,81,56,40,72,84,85,74,98,22,57,51,72,80,62,91,68,80,43,59,64,3,1,5,7,493,8,Industry Ready
S1355,8.26,78,82,63,75,40,74,40,79,37,43,78,55,74,31,63,70,61,22,89,92,83,70,57,66,78,1,6,0,7,229,12,Industry Ready
S1356,5.61,38,85,54,87,65,41,54,87,50,72,24,93,62,95,45,48,47,20,46,78,42,54,67,79,70,2,5,0,6,214,6,Industry Ready
S1357,8.02,60,52,95,68,78,46,44,55,36,92,63,93,43,30,15,11,55,79,53,64,84,84,81,74,69,0,4,0,3,243,13,Industry Ready
S1358,9.54,90,91,47,32,77,59,69,91,57,69,61,24,40,35,80,66,33,25,48,77,63,68,45,47,95,0,4,3,6,11,3,Moderately Ready
S1359,7.97,77,62,34,59,36,62,60,40,64,20,80,48,37,48,21,59,54,90,93,51,81,68,82,39,72,1,1,1,0,100,7,Moderately Ready
S1360,7.17,54,47,48,64,80,77,71,97,44,58,82,31,33,40,68,25,86,77,67,43,48,33,81,51,95,1,1,0,6,173,4,Moderately Ready
S1361,8.27,65,62,71,86,46,81,42,40,99,93,69,41,72,77,74,71,18,50,45,67,56,56,40,44,55,0,2,1,5,228,12,Industry Ready
S1362,7.47,37,61,47,58,61,83,39,87,56,63,57,78,38,62,59,20,18,27,82,59,82,49,55,93,79,1,4,0,6,241,19,Industry Ready
S1363,7.85,87,90,61,79,55,88,78,38,86,24,73,58,96,24,52,92,30,97,84,49,98,33,76,69,51,0,1,4,4,303,18,Industry Ready
S1364,9.55,74,83,50,91,51,52,83,43,90,87,63,21,76,71,52,72,33,34,61,70,77,94,48,57,67,2,5,1,6,212,19,Industry Ready
S1365,7.16,91,46,39,81,42,61,70,38,67,91,43,33,83,32,58,39,73,26,99,58,81,46,56,90,69,1,5,3,3,111,14,Industry Ready
S1366,9.63,68,48,66,43,41,40,60,92,64,99,82,29,99,31,98,63,49,26,57,41,95,81,75,50,95,2,1,5,2,361,6,Industry Ready
S1367,9.39,87,99,78,64,30,56,79,71,58,84,58,67,21,20,85,80,83,52,83,43,89,22,73,86,45,1,2,5,7,202,20,Industry Ready
S1368,6.34,93,63,42,57,62,93,95,40,39,98,31,83,76,27,64,36,61,60,77,54,53,89,98,61,81,2,3,3,7,340,16,Industry Ready
S1369,5.8,73,54,84,87,43,81,78,85,87,34,82,22,53,35,96,95,13,76,61,77,75,58,70,49,53,2,6,1,7,36,5,Industry Ready
S1370,5.93,58,97,46,59,93,66,38,84,89,69,28,91,68,34,92,73,12,26,48,72,84,38,73,96,44,3,4,5,2,131,13,Industry Ready
S1371,5.58,88,40,38,36,72,35,92,48,57,25,98,79,73,38,94,90,22,78,57,57,72,95,76,40,75,3,4,3,7,89,13,Industry Ready
S1372,5.91,38,45,73,68,87,88,60,45,44,85,41,87,41,44,59,88,30,39,96,79,59,58,73,58,98,1,7,2,6,211,9,Industry Ready
S1373,8.44,35,90,75,98,70,80,63,44,67,88,55,40,63,50,30,18,17,90,60,71,73,29,84,39,96,1,2,3,4,444,13,Industry Ready
S1374,5.81,58,36,37,64,97,75,43,95,96,58,93,38,54,21,97,85,82,69,54,71,42,66,76,87,62,2,7,4,7,326,18,Industry Ready
S1375,6.87,87,45,66,81,68,75,70,47,61,48,47,98,48,78,22,81,10,33,48,52,59,42,40,65,99,2,3,4,4,101,19,Industry Ready
S1376,9.13,46,45,48,43,30,42,38,68,41,65,75,39,25,50,51,11,23,34,81,90,42,78,92,69,71,0,0,1,6,430,10,Moderately Ready
S1377,5.6,45,69,92,92,70,66,93,94,61,50,48,77,56,87,24,58,85,29,97,55,45,39,54,53,70,3,6,3,7,474,9,Industry Ready
S1378,9.0,32,41,75,65,74,64,71,85,44,43,24,61,77,87,59,57,45,84,41,72,68,64,70,68,53,2,5,1,4,46,14,Industry Ready
S1379,6.71,50,64,55,53,42,80,47,39,91,34,23,29,83,31,10,64,31,74,53,73,78,63,90,35,71,1,5,0,4,119,1,Moderately Ready
S1380,6.01,93,50,75,69,38,86,54,66,64,95,70,42,50,36,60,89,45,47,60,90,82,37,53,75,88,0,7,2,7,16,18,Industry Ready
S1381,8.5,65,79,75,58,92,95,51,46,37,39,34,31,69,48,43,76,54,67,82,53,70,67,83,87,66,3,2,1,0,287,11,Industry Ready
S1382,8.2,91,72,43,82,52,47,85,86,63,23,79,28,99,55,51,40,25,22,84,86,78,94,73,98,40,0,1,1,2,393,20,Industry Ready
S1383,9.27,71,46,92,51,83,74,89,47,48,77,45,98,79,99,71,35,20,79,73,41,88,20,98,74,88,2,1,1,3,177,17,Industry Ready
S1384,8.66,71,61,32,44,76,95,67,88,59,96,42,48,33,82,41,75,76,22,92,52,60,51,91,96,91,0,6,5,7,458,13,Industry Ready
S1385,8.95,90,70,57,98,68,78,55,88,44,80,48,39,89,34,70,39,34,94,46,91,90,83,40,89,48,1,1,1,3,442,1,Industry Ready
S1386,6.71,42,35,58,93,55,96,56,75,83,29,76,84,30,49,63,86,99,87,99,68,83,26,74,45,55,1,0,5,7,273,11,Industry Ready
S1387,6.26,40,56,47,33,30,78,59,82,72,60,81,22,46,70,83,87,76,58,54,91,40,90,50,86,74,2,1,4,2,193,0,Industry Ready
S1388,8.73,83,49,64,47,43,82,46,85,48,72,78,27,88,30,67,10,93,73,78,82,72,65,56,60,49,0,0,2,6,418,17,Industry Ready
S1389,8.97,45,54,76,71,94,93,49,81,64,90,67,58,98,76,94,79,40,51,51,81,89,43,95,82,88,2,7,0,6,5,11,Industry Ready
S1390,9.76,37,95,34,59,98,91,36,84,74,95,54,83,57,32,33,31,74,35,98,73,49,88,44,79,55,3,2,2,3,2,11,Industry Ready
S1391,7.27,88,38,88,44,96,45,38,80,46,67,65,50,81,74,36,84,99,36,46,56,95,55,56,67,69,2,0,1,5,198,3,Industry Ready
S1392,7.1,86,82,88,99,78,59,79,72,48,34,52,91,72,82,30,96,98,30,44,42,91,86,57,98,72,2,1,4,2,34,16,Industry Ready
S1393,8.84,69,90,76,84,79,95,47,47,35,26,90,98,99,21,27,63,20,51,86,69,65,69,64,43,90,3,4,0,7,238,20,Industry Ready
S1394,6.97,88,67,42,82,87,80,89,56,83,91,29,41,37,91,64,23,89,46,78,43,42,78,94,36,54,0,1,5,7,76,15,Industry Ready
S1395,9.5,31,32,62,45,82,88,66,36,52,90,67,24,71,75,77,23,93,24,93,70,53,77,74,48,98,1,5,1,7,101,18,Industry Ready
S1396,9.19,39,99,91,63,86,68,56,47,70,62,63,77,43,26,56,93,47,37,62,98,47,65,86,70,78,1,0,5,6,449,0,Industry Ready
S1397,7.34,73,84,45,56,47,41,89,91,98,23,89,92,26,62,63,80,11,22,92,93,87,89,55,69,47,0,5,1,6,65,19,Industry Ready
S1398,8.73,40,30,73,42,45,96,51,68,62,70,82,98,33,50,27,28,63,47,67,44,89,42,86,98,43,2,0,3,5,50,16,Industry Ready
S1399,8.74,31,99,87,56,31,91,85,53,66,90,68,82,69,80,82,35,16,85,73,41,71,31,88,59,83,1,3,2,6,123,1,Industry Ready
S1400,5.94,79,74,35,98,42,39,42,43,59,78,91,80,43,41,73,68,58,53,64,43,80,47,89,43,41,2,3,2,5,199,10,Industry Ready
S1401,9.38,41,76,44,60,74,69,95,67,81,60,60,71,98,81,58,31,49,41,41,83,75,77,62,77,46,3,3,2,1,72,6,Industry Ready
S1402,7.67,52,55,33,32,72,71,44,61,54,80,58,52,32,47,44,15,54,49,90,77,66,80,79,44,96,1,7,3,2,161,0,Moderately Ready
S1403,9.05,47,43,85,59,83,94,53,79,67,49,42,41,38,44,48,72,63,67,48,99,96,74,60,91,97,2,1,4,3,166,5,Industry Ready
S1404,6.88,91,83,93,50,60,99,48,36,64,37,32,70,48,84,67,86,98,84,73,91,72,53,68,67,77,2,6,4,6,350,19,Industry Ready
S1405,9.35,91,75,97,35,38,50,89,91,71,49,72,30,41,51,66,83,70,80,85,66,60,37,99,43,73,2,6,4,1,476,5,Industry Ready
S1406,7.17,67,60,63,61,77,64,95,91,87,26,89,77,21,67,15,63,13,38,86,66,65,54,85,88,64,1,0,5,3,304,4,Industry Ready
S1407,5.55,96,88,85,71,47,76,90,50,42,71,76,69,96,99,87,28,43,71,95,54,94,67,75,47,46,2,7,0,0,174,10,Industry Ready
S1408,9.39,67,58,61,91,40,95,97,40,35,67,95,89,55,43,87,19,98,60,71,78,53,56,49,58,64,1,3,3,5,291,4,Industry Ready
S1409,5.89,96,46,38,61,91,82,45,48,41,42,86,36,57,61,29,46,17,84,51,77,82,60,59,96,98,1,4,3,3,21,1,Moderately Ready
S1410,6.87,90,43,92,68,48,96,81,61,96,56,67,65,37,89,59,86,41,69,58,93,75,25,92,74,41,1,2,4,1,470,9,Industry Ready
S1411,9.59,30,65,62,93,53,98,40,72,92,90,39,63,70,97,18,26,27,60,86,97,67,99,46,93,65,1,2,4,2,332,13,Industry Ready
S1412,9.59,74,87,50,59,42,91,68,53,42,72,81,76,34,55,85,64,49,52,77,53,67,58,69,90,75,0,3,4,3,226,19,Industry Ready
S1413,7.97,57,53,84,92,75,80,99,71,98,64,64,24,71,50,23,14,84,36,96,57,60,23,68,98,87,3,3,3,2,171,19,Industry Ready
S1414,8.22,50,92,86,60,82,62,98,38,42,68,82,58,36,46,32,30,65,74,49,98,87,35,94,94,77,3,6,4,3,194,20,Industry Ready
S1415,7.43,42,54,31,69,58,37,65,92,37,68,27,77,96,85,57,48,46,65,49,68,98,71,91,57,81,1,7,2,4,188,17,Industry Ready
S1416,6.76,56,88,42,62,65,71,96,43,92,66,45,28,41,64,89,29,64,78,74,46,80,38,40,61,94,2,7,4,5,244,12,Industry Ready
S1417,6.91,36,61,33,92,46,82,88,74,66,44,57,42,73,63,91,80,45,90,80,96,93,36,60,95,85,1,3,2,3,498,2,Industry Ready
S1418,8.39,51,47,79,54,77,53,42,49,83,46,60,66,71,76,65,24,19,76,94,77,68,64,46,78,42,2,2,1,5,136,20,Industry Ready
S1419,8.74,82,66,77,65,53,51,76,38,72,31,21,55,65,40,49,88,79,39,76,63,85,21,83,91,85,0,7,1,4,303,3,Industry Ready
S1420,8.9,33,55,59,53,83,74,75,86,36,42,26,50,23,74,78,62,89,60,71,77,77,21,43,77,68,3,3,3,3,273,18,Industry Ready
S1421,8.9,52,38,58,87,30,84,93,52,43,36,44,42,26,34,48,96,98,94,95,45,73,74,78,96,97,1,7,0,3,89,17,Industry Ready
S1422,5.89,99,93,37,68,96,63,74,87,80,63,70,75,29,53,83,42,72,90,93,59,40,23,95,60,50,0,5,5,4,381,11,Industry Ready
S1423,7.63,62,49,41,75,35,85,56,93,99,90,69,90,34,22,95,53,43,57,46,93,59,31,54,98,82,1,4,1,5,156,17,Industry Ready
S1424,5.75,57,83,70,39,84,76,58,88,83,43,83,65,45,20,52,75,81,46,90,81,65,73,73,58,60,1,4,3,5,431,13,Industry Ready
S1425,7.86,37,59,55,61,67,63,72,75,63,90,31,77,99,43,40,59,26,28,49,75,90,79,41,45,82,0,7,3,0,139,3,Moderately Ready
S1426,7.4,30,82,79,65,62,51,36,94,63,79,72,55,59,62,79,41,70,87,82,49,66,48,76,87,43,2,6,2,2,166,9,Industry Ready
S1427,9.32,66,92,31,57,37,65,75,38,67,72,94,87,80,46,12,88,87,57,77,61,62,80,42,77,44,2,4,2,1,406,8,Industry Ready
S1428,7.01,92,40,84,45,49,86,53,73,62,93,29,79,35,28,13,80,27,44,66,72,46,65,87,61,45,2,7,4,5,274,20,Industry Ready
S1429,6.0,51,60,85,45,84,73,36,41,60,35,80,33,37,36,36,82,70,33,71,62,61,68,43,35,61,1,7,5,5,23,19,Industry Ready
S1430,6.11,99,78,43,47,77,94,96,57,63,44,74,44,94,58,98,64,45,56,90,85,86,37,86,83,85,2,4,1,3,491,15,Industry Ready
S1431,8.77,50,48,35,37,85,85,50,97,45,85,87,90,95,74,36,37,94,69,46,89,76,95,88,82,78,2,5,2,7,362,10,Industry Ready
S1432,8.16,64,41,90,99,39,50,56,99,68,69,61,98,21,87,56,95,62,91,87,93,74,93,82,87,45,1,5,0,1,299,19,Industry Ready
S1433,5.93,34,44,41,30,81,48,48,75,82,88,85,63,73,64,69,12,42,61,65,80,86,43,75,45,53,0,0,5,0,349,0,Moderately Ready
S1434,5.86,89,60,42,91,79,76,90,78,61,97,63,65,37,47,45,62,32,94,61,81,43,36,66,43,61,3,3,3,7,94,9,Industry Ready
S1435,8.51,75,72,48,67,63,85,99,79,74,59,47,32,73,75,55,51,73,73,97,90,68,75,43,95,55,2,1,5,3,210,9,Industry Ready
S1436,5.81,79,66,73,74,65,58,79,85,65,25,97,81,57,48,70,11,47,54,51,43,76,71,75,56,71,0,6,4,4,468,8,Industry Ready
S1437,9.03,77,58,88,87,90,77,88,99,99,83,77,38,92,48,51,31,78,50,63,60,75,90,58,78,75,1,0,2,4,304,0,Industry Ready
S1438,8.54,35,55,66,30,45,53,80,88,73,47,21,31,34,88,16,34,88,65,95,95,42,39,73,64,89,1,1,2,3,110,1,Moderately Ready
S1439,5.85,85,31,54,61,47,95,67,90,58,28,74,67,83,30,39,98,39,36,93,52,41,48,55,94,97,2,1,2,4,457,14,Industry Ready
S1440,5.86,88,44,45,37,76,97,84,74,57,25,53,52,27,21,59,41,25,72,89,81,44,94,91,89,46,2,0,5,0,3,7,Moderately Ready
S1441,9.74,58,33,67,69,61,60,56,92,95,36,39,98,65,87,56,16,63,41,85,52,57,69,84,73,62,0,3,1,6,61,14,Industry Ready
S1442,7.11,47,79,72,85,72,69,74,49,61,59,66,56,58,29,49,71,68,77,97,93,73,34,79,75,98,2,0,5,2,17,16,Industry Ready
S1443,7.09,31,67,43,92,69,90,73,53,50,95,45,25,71,91,14,40,15,60,68,51,54,50,90,43,90,0,2,2,2,443,9,Moderately Ready
S1444,9.0,37,52,35,65,94,74,75,44,79,64,20,62,27,46,79,72,14,22,71,63,89,32,61,35,53,1,7,5,6,108,4,Industry Ready
S1445,9.57,83,88,52,86,64,63,41,50,61,62,84,69,69,54,67,46,98,82,55,74,89,75,71,37,86,0,5,3,0,383,4,Industry Ready
S1446,9.74,67,57,89,74,98,40,38,77,39,65,94,65,69,69,53,77,10,85,65,58,79,38,41,45,92,1,7,2,4,125,10,Industry Ready
S1447,8.74,77,95,41,31,79,86,93,65,93,82,34,92,87,93,80,88,23,65,45,48,83,89,56,38,45,2,4,5,7,319,9,Industry Ready
S1448,7.12,56,37,42,97,41,35,60,50,69,20,33,47,46,21,41,18,92,27,40,52,94,47,62,67,81,3,7,0,2,100,2,Moderately Ready
S1449,5.86,49,58,35,79,87,86,65,62,80,78,74,86,96,36,88,79,40,58,52,61,80,41,83,67,64,0,5,2,4,403,8,Industry Ready
S1450,8.84,41,40,92,58,92,58,86,96,90,82,20,30,57,99,86,55,60,44,77,79,90,47,85,79,42,3,5,4,7,179,4,Industry Ready
S1451,7.9,72,47,67,39,78,68,55,54,58,98,52,39,40,43,91,43,88,98,45,75,40,99,51,54,52,0,5,4,7,291,0,Industry Ready
S1452,7.32,90,84,79,56,65,41,50,69,44,37,89,49,64,76,83,69,28,66,77,92,61,52,93,71,90,0,5,0,4,189,4,Industry Ready
S1453,9.4,60,79,81,44,83,45,85,93,72,84,75,55,77,90,49,22,41,53,51,67,64,64,52,55,92,3,0,4,1,303,10,Industry Ready
S1454,5.98,90,43,69,89,76,70,50,43,82,39,42,95,42,35,66,45,66,87,48,80,56,67,49,92,89,3,0,1,5,351,0,Industry Ready
S1455,7.62,96,38,37,60,61,54,52,44,43,75,73,87,73,55,20,95,40,76,59,46,72,82,43,85,42,2,2,3,2,244,15,Industry Ready
S1456,5.55,64,40,90,50,82,97,81,79,84,73,22,55,49,64,49,57,67,44,98,69,91,45,46,50,70,3,4,3,4,56,7,Industry Ready
S1457,7.52,44,92,37,89,61,97,90,49,82,67,65,77,35,29,56,84,35,92,78,70,97,20,93,70,93,3,1,1,1,56,15,Industry Ready
S1458,5.74,45,96,63,87,91,64,62,64,73,73,25,47,71,82,11,15,57,81,66,92,56,81,41,84,42,2,2,4,0,243,0,Industry Ready
S1459,6.01,42,82,89,70,66,64,90,82,39,35,44,58,60,62,61,14,50,58,42,94,96,91,54,82,56,3,3,0,5,346,7,Industry Ready
S1460,6.01,64,68,86,75,67,56,71,74,45,39,36,85,90,70,81,74,34,95,63,50,77,22,75,63,94,3,0,0,2,424,3,Industry Ready
S1461,8.29,88,85,75,74,59,95,50,78,94,66,47,62,43,98,58,59,56,97,54,96,44,96,48,76,78,2,0,3,0,471,18,Industry Ready
S1462,8.71,50,57,51,55,87,55,99,80,61,26,51,24,39,22,68,83,63,26,73,69,98,24,63,93,41,3,2,5,0,220,3,Moderately Ready
S1463,8.01,83,68,69,80,61,71,94,40,41,42,42,32,46,85,47,83,66,25,89,54,76,64,45,89,44,0,0,0,5,308,17,Industry Ready
S1464,9.64,59,54,74,65,95,61,95,58,94,94,35,28,21,54,25,33,81,73,71,52,82,31,88,56,48,0,4,1,6,87,18,Industry Ready
S1465,7.11,77,50,84,81,80,69,45,41,84,52,45,76,79,88,97,16,70,38,60,74,82,67,46,36,68,3,4,3,7,61,3,Industry Ready
S1466,6.73,64,39,80,80,40,72,66,40,89,59,52,46,70,98,96,95,13,66,40,74,50,33,55,42,74,3,5,2,5,412,8,Industry Ready
S1467,9.23,67,72,34,32,88,94,53,67,50,24,77,80,20,55,87,67,40,38,72,59,51,72,56,75,79,3,2,1,7,38,1,Industry Ready
S1468,6.46,60,44,42,43,49,66,90,72,46,64,67,96,25,68,36,30,76,53,50,82,83,64,69,45,75,1,2,1,6,81,2,Moderately Ready
S1469,9.64,53,77,57,78,66,61,39,78,61,60,74,69,57,20,83,95,50,62,42,97,73,51,47,58,74,3,5,0,3,9,12,Industry Ready
S1470,5.55,78,50,91,30,78,37,37,51,67,27,60,53,73,95,37,42,35,32,61,62,74,49,42,60,89,0,2,5,6,494,19,Industry Ready
S1471,9.67,61,89,53,86,48,83,62,65,89,69,81,84,79,61,98,53,77,55,49,92,99,31,64,69,69,3,3,0,2,444,18,Industry Ready
S1472,5.69,84,79,36,46,84,64,63,71,86,50,36,64,46,60,75,34,75,44,83,76,78,63,68,39,54,1,0,0,7,55,18,Industry Ready
S1473,9.33,87,52,67,79,69,56,93,45,71,23,78,53,99,92,54,89,28,75,77,59,91,44,60,49,68,2,1,2,7,264,8,Industry Ready
S1474,7.77,32,42,66,43,36,53,59,39,49,85,33,92,81,76,42,24,96,40,63,95,85,61,93,48,64,1,7,1,0,177,4,Moderately Ready
S1475,9.77,98,98,97,88,34,65,56,98,99,75,40,27,82,39,69,38,34,53,46,58,93,40,91,71,50,1,1,4,7,458,14,Industry Ready
S1476,5.82,39,33,71,32,71,54,57,37,37,24,82,67,54,33,59,92,56,44,88,83,55,80,45,52,76,0,1,3,5,267,8,Moderately Ready
S1477,7.88,54,38,34,69,77,53,74,90,39,73,65,55,77,71,55,61,80,30,88,57,63,85,96,80,96,3,2,0,0,385,5,Industry Ready
S1478,9.67,97,64,93,95,36,36,48,97,43,99,74,85,80,73,44,26,17,38,75,43,70,40,62,91,87,0,3,0,7,473,9,Industry Ready
S1479,7.75,90,50,79,63,40,74,63,72,35,20,81,30,55,68,50,99,12,68,40,47,53,45,89,74,95,1,3,1,0,72,0,Moderately Ready
S1480,8.21,58,87,44,38,78,73,50,88,64,95,58,71,75,49,67,45,96,68,40,85,88,51,50,79,90,1,1,2,4,16,12,Industry Ready
S1481,8.49,48,47,82,50,59,88,44,36,54,92,61,55,86,22,86,44,42,53,65,69,86,36,45,50,43,3,1,0,2,34,16,Moderately Ready
S1482,7.45,72,72,54,54,70,61,81,36,61,80,67,50,76,31,64,49,37,21,56,87,71,23,66,96,99,2,3,2,6,429,13,Industry Ready
S1483,8.2,95,35,38,73,32,46,38,46,97,26,47,43,60,50,14,32,31,49,50,59,82,58,66,57,93,0,5,2,2,194,2,Moderately Ready
S1484,8.01,90,96,67,54,69,51,46,74,65,49,25,40,50,56,14,82,39,57,42,47,52,34,52,85,82,2,2,4,2,197,12,Moderately Ready
S1485,9.37,72,41,51,38,80,44,76,36,53,34,78,49,22,46,31,43,56,34,49,44,77,52,99,35,97,1,6,2,2,490,7,Moderately Ready
S1486,5.7,54,41,78,91,61,53,38,91,96,23,89,91,57,43,43,67,45,94,41,80,56,80,48,79,51,2,2,4,2,342,0,Industry Ready
S1487,6.71,49,95,97,55,77,64,40,81,41,82,58,83,72,60,74,91,68,79,71,73,83,33,47,38,71,0,1,3,0,290,1,Industry Ready
S1488,9.59,77,31,44,86,49,64,48,70,71,89,76,58,71,83,68,89,23,23,55,79,99,66,84,89,44,1,4,2,6,462,1,Industry Ready
S1489,9.33,53,44,94,66,64,59,69,38,42,57,73,20,43,30,26,70,82,33,87,46,99,21,66,44,81,1,7,3,1,199,8,Moderately Ready
S1490,7.46,40,52,83,45,53,69,81,58,91,66,79,61,45,92,60,37,95,27,98,89,95,85,71,64,81,2,2,2,3,479,0,Industry Ready
S1491,8.17,84,58,59,66,69,85,92,96,62,79,36,96,92,35,58,69,23,96,65,92,75,67,68,48,90,3,4,4,7,289,10,Industry Ready
S1492,6.69,57,36,49,53,81,61,99,36,51,21,59,24,56,33,18,41,88,30,79,61,92,83,85,64,76,3,0,4,2,10,6,Moderately Ready
S1493,6.31,98,57,62,55,68,44,53,49,45,88,85,31,67,66,83,67,65,99,78,48,81,85,72,39,76,0,6,3,4,365,20,Industry Ready
S1494,7.49,92,43,36,49,97,77,91,83,49,27,73,48,86,49,24,91,33,69,49,50,57,67,44,49,64,3,2,1,1,386,5,Industry Ready
S1495,7.02,88,73,37,38,90,89,99,69,64,70,90,22,60,43,38,53,58,95,95,51,58,37,77,51,43,1,4,1,4,220,16,Industry Ready
S1496,8.01,34,59,57,58,94,40,47,81,40,38,63,80,68,32,62,43,52,57,75,47,46,70,48,82,63,1,6,1,0,9,5,Moderately Ready
S1497,5.83,80,61,74,60,91,40,42,58,46,50,86,70,47,28,34,30,12,43,69,71,94,23,91,59,75,2,0,2,5,81,15,Moderately Ready
S1498,9.69,50,99,40,48,31,82,52,94,95,99,76,55,51,68,94,10,32,57,48,94,69,52,52,53,97,1,0,1,6,337,0,Industry Ready
S1499,9.74,41,35,60,49,35,36,69,82,70,41,55,94,90,45,90,64,29,81,44,98,51,42,72,93,41,1,1,3,3,267,3,Moderately Ready
S1500,8.5,79,56,41,56,72,85,60,57,69,52,76,21,90,68,37,89,24,75,46,56,50,72,69,87,74,0,4,1,7,474,17,Industry Ready
S1501,7.81,33,53,80,73,69,95,72,46,97,91,62,48,51,61,32,58,52,84,75,65,95,32,93,73,75,3,1,3,7,373,1,Industry Ready
S1502,6.83,71,63,73,64,68,53,60,75,74,56,63,60,57,64,12,30,89,36,40,90,68,90,64,39,47,3,5,3,0,178,0,Industry Ready
S1503,9.0,67,69,79,51,57,36,91,63,65,31,81,48,39,96,42,64,80,36,66,72,42,77,45,74,48,3,6,5,0,82,6,Industry Ready
S1504,8.44,54,76,46,44,92,85,59,85,71,88,80,83,27,40,80,36,42,46,51,65,73,82,78,92,67,0,7,2,7,232,15,Industry Ready
S1505,6.2,43,53,64,42,93,60,64,57,39,83,30,77,87,48,78,29,64,44,55,61,73,84,49,40,99,3,6,5,5,352,12,Industry Ready
S1506,9.42,61,94,30,33,41,54,41,65,38,44,96,29,45,43,99,25,92,95,87,42,70,61,75,53,93,2,7,4,2,88,17,Industry Ready
S1507,9.04,40,47,58,85,70,57,61,55,60,73,52,30,98,96,26,87,91,68,47,70,61,59,89,58,79,3,0,2,5,107,6,Industry Ready
S1508,9.58,90,73,80,52,58,88,45,58,58,48,85,26,89,61,90,57,50,77,64,53,41,40,87,53,83,1,6,2,5,186,17,Industry Ready
S1509,8.62,47,86,93,63,52,49,42,43,73,32,42,96,67,90,76,41,27,20,52,57,66,99,58,93,49,0,2,0,4,1,6,Moderately Ready
S1510,8.14,56,57,33,46,80,40,45,56,90,45,68,80,88,60,76,41,12,32,80,97,86,52,50,95,44,2,2,1,2,257,3,Moderately Ready
S1511,7.3,84,52,57,57,74,69,64,38,88,41,39,85,65,67,43,62,12,72,49,73,75,89,56,66,76,0,2,1,7,132,16,Industry Ready
S1512,9.51,83,63,45,43,51,42,49,37,72,95,34,72,77,98,17,62,25,40,79,79,71,61,41,79,95,2,4,3,0,149,18,Industry Ready
S1513,9.22,50,40,92,63,39,91,90,62,88,92,85,84,89,96,54,11,52,20,72,56,96,56,46,69,86,2,7,4,6,416,4,Industry Ready
S1514,5.69,73,64,82,86,36,84,69,49,53,29,49,46,86,62,69,66,32,96,74,80,97,91,80,88,70,1,3,5,3,491,6,Industry Ready
S1515,5.61,34,71,46,84,44,83,73,42,60,67,23,26,48,27,65,31,96,50,76,51,74,20,96,36,91,3,5,1,1,324,5,Moderately Ready
S1516,7.12,70,57,69,95,75,55,58,82,86,61,83,84,29,82,79,61,24,80,78,78,56,96,70,79,68,3,5,1,6,155,4,Industry Ready
S1517,8.99,88,53,42,66,90,70,42,86,95,78,84,77,90,82,31,90,82,22,67,72,73,45,96,67,42,2,1,4,0,441,12,Industry Ready
S1518,9.75,83,37,81,97,90,92,77,89,56,72,27,44,84,25,42,90,67,94,55,71,65,99,98,57,65,2,6,1,6,141,11,Industry Ready
S1519,6.15,51,82,87,55,80,97,76,71,51,59,71,67,84,93,59,67,49,48,47,60,49,58,70,70,70,3,3,0,6,103,4,Industry Ready
S1520,8.05,94,33,66,90,67,50,75,38,45,94,33,23,36,71,80,43,47,67,72,92,78,66,85,43,41,0,6,1,0,106,3,Moderately Ready
S1521,7.14,93,34,90,96,41,40,81,89,73,81,77,27,41,40,92,80,91,81,92,53,48,75,56,83,54,2,3,0,0,49,7,Industry Ready
S1522,9.67,33,78,63,81,95,86,60,46,95,25,30,87,33,33,55,26,15,44,74,41,64,77,54,60,52,2,0,2,4,201,14,Moderately Ready
S1523,9.12,94,59,99,47,83,36,86,53,83,23,78,79,25,77,61,97,55,53,94,88,59,47,46,61,67,0,7,2,1,168,10,Industry Ready
S1524,9.1,44,92,46,82,68,52,56,91,95,74,43,23,49,44,83,81,15,37,77,46,54,76,69,75,95,0,1,0,3,142,4,Moderately Ready
S1525,7.52,51,76,49,92,68,69,39,71,46,88,51,27,66,75,96,32,94,84,51,54,79,90,78,40,83,3,0,5,0,457,10,Industry Ready
S1526,7.28,76,55,88,82,59,73,49,41,47,22,65,35,39,28,75,42,29,47,54,70,88,91,53,95,53,3,3,5,1,323,9,Industry Ready
S1527,6.68,75,86,98,56,77,35,70,89,92,26,47,38,35,55,30,38,28,23,56,67,66,64,70,77,51,0,5,3,6,298,1,Industry Ready
S1528,5.74,43,66,62,60,60,71,97,62,45,31,35,20,87,76,33,28,23,40,66,80,50,84,48,59,54,0,0,0,6,438,19,Moderately Ready
S1529,9.22,79,36,46,30,54,55,83,71,98,36,61,53,53,98,57,78,74,89,89,47,55,23,48,96,60,1,0,3,0,304,7,Industry Ready
S1530,9.0,49,69,86,35,97,35,89,95,65,86,35,64,20,24,22,46,38,40,60,46,69,80,88,47,99,1,4,4,5,145,20,Industry Ready
S1531,9.8,79,68,30,40,80,38,94,73,45,94,31,82,96,26,73,96,40,39,60,75,61,80,97,58,93,3,1,4,1,336,19,Industry Ready
S1532,9.79,62,91,42,63,42,92,91,57,77,89,95,25,67,25,14,35,34,60,56,49,63,62,92,93,68,2,6,0,1,94,3,Industry Ready
S1533,7.89,88,82,56,92,92,35,63,86,70,55,81,55,27,98,27,33,80,72,66,78,89,38,41,72,96,0,1,3,4,480,15,Industry Ready
S1534,8.81,72,33,99,82,71,47,53,45,36,36,53,85,41,71,84,63,55,81,51,86,63,20,83,42,84,3,3,2,4,408,13,Industry Ready
S1535,9.56,41,54,88,47,83,80,44,47,95,20,57,97,87,93,46,30,61,50,87,69,75,38,61,92,74,1,2,0,1,395,2,Industry Ready
S1536,9.15,69,36,35,50,96,81,44,75,70,86,66,27,53,89,63,99,25,44,83,84,57,70,55,64,86,2,0,0,2,438,7,Industry Ready
S1537,6.56,49,57,52,48,85,41,91,83,83,99,98,86,79,74,41,19,20,88,75,79,59,83,41,53,59,1,1,3,6,302,3,Industry Ready
S1538,7.44,67,98,39,33,48,85,88,49,61,97,41,46,64,96,37,51,27,91,67,80,47,82,54,64,99,1,2,4,0,468,6,Industry Ready
S1539,6.06,32,96,80,58,75,37,90,90,46,68,99,53,56,33,95,38,65,36,64,80,54,48,45,89,57,1,1,5,4,464,8,Industry Ready
S1540,9.6,57,49,48,54,44,84,89,88,92,70,22,47,42,20,54,66,65,98,48,44,52,38,62,80,77,2,5,2,5,83,1,Industry Ready
S1541,8.11,85,40,80,85,61,60,35,65,40,90,20,50,43,92,37,44,66,39,86,60,75,62,93,72,54,1,3,3,1,92,2,Moderately Ready
S1542,6.48,42,96,97,92,78,65,46,95,78,62,72,36,32,56,74,37,78,64,76,45,53,89,67,51,96,3,5,3,5,66,8,Industry Ready
S1543,8.39,95,36,71,56,50,96,69,92,81,50,83,74,88,68,79,21,75,69,62,55,86,58,82,93,51,2,0,2,2,198,6,Industry Ready
S1544,8.16,66,52,86,89,94,60,67,94,57,43,63,94,99,31,84,67,83,70,50,55,86,42,56,71,73,0,6,5,1,447,19,Industry Ready
S1545,7.04,78,90,97,78,99,89,59,87,60,56,66,28,79,24,51,53,99,91,89,63,63,20,75,89,44,0,4,5,3,59,14,Industry Ready
S1546,5.99,95,63,67,94,56,62,50,95,41,84,57,76,57,89,42,16,97,97,40,85,94,80,58,40,97,0,3,0,1,352,16,Industry Ready
S1547,8.39,65,48,91,67,52,78,42,76,66,82,82,64,67,30,25,25,99,52,55,58,76,98,44,76,56,0,3,0,3,217,11,Industry Ready
S1548,7.74,83,87,36,81,76,72,69,63,67,75,60,25,45,72,22,93,25,48,99,58,63,44,62,99,52,1,3,1,4,211,3,Industry Ready
S1549,8.82,55,38,79,30,41,64,80,61,54,93,40,33,96,74,30,44,98,41,89,87,86,23,83,44,99,1,7,2,4,426,16,Industry Ready
S1550,7.74,69,77,81,69,95,42,45,78,86,37,64,50,20,93,68,16,15,86,52,98,57,20,58,74,52,0,2,3,1,420,8,Moderately Ready
S1551,9.16,72,70,55,50,34,48,95,39,76,84,32,73,23,98,56,95,61,22,59,76,71,59,40,86,75,2,3,1,7,159,20,Industry Ready
S1552,7.87,51,77,55,44,38,96,78,86,35,48,85,30,86,69,48,23,64,25,55,98,74,40,66,58,55,1,4,1,4,482,5,Industry Ready
S1553,7.91,49,74,48,79,49,97,45,87,97,96,85,88,99,72,97,68,85,59,93,72,59,62,82,93,79,1,5,1,1,340,17,Industry Ready
S1554,9.27,37,54,38,77,92,74,45,86,41,23,62,21,32,74,52,71,82,95,55,44,81,29,64,55,42,2,0,0,5,179,20,Moderately Ready
S1555,7.23,58,54,90,61,59,47,56,72,92,31,81,36,58,22,36,83,58,88,74,48,71,85,93,86,91,2,1,4,1,52,16,Industry Ready
S1556,6.08,69,48,49,78,45,51,96,78,84,75,67,55,50,35,46,75,81,24,89,60,76,36,45,39,41,3,6,1,3,360,2,Industry Ready
S1557,5.62,59,68,79,97,34,49,82,87,68,67,45,22,43,64,12,31,65,22,71,46,76,32,75,70,64,2,2,3,0,253,16,Moderately Ready
S1558,8.75,84,56,51,74,58,67,97,36,85,38,80,82,98,55,85,25,50,23,62,81,86,29,98,56,92,0,3,5,1,183,16,Industry Ready
S1559,8.17,45,92,42,61,76,50,85,88,44,45,81,62,24,38,16,84,80,82,95,64,72,71,56,42,42,0,1,0,0,327,12,Moderately Ready
S1560,8.53,75,97,41,33,51,47,79,69,60,57,33,52,68,23,67,52,65,24,64,95,40,29,51,86,50,2,5,5,6,385,14,Industry Ready
S1561,6.42,91,48,39,94,86,57,67,80,66,99,73,97,30,78,29,92,98,80,82,86,87,66,64,35,50,3,3,4,2,242,20,Industry Ready
S1562,6.09,36,57,94,94,64,70,94,89,76,44,60,48,43,31,88,29,72,76,67,60,67,28,49,62,49,3,0,4,4,431,11,Industry Ready
S1563,5.56,74,62,59,47,89,77,36,45,96,75,79,42,64,82,74,19,37,61,97,83,66,65,94,65,67,0,4,1,2,15,13,Industry Ready
S1564,7.01,88,39,37,83,99,84,47,63,46,93,28,78,93,75,83,28,84,75,84,52,56,87,99,87,94,0,4,1,2,346,14,Industry Ready
S1565,8.04,85,59,50,76,89,47,91,97,74,47,63,68,53,46,23,21,40,91,95,89,85,73,97,58,50,2,6,0,6,419,13,Industry Ready
S1566,7.19,77,51,51,35,87,64,77,81,68,80,75,74,30,87,88,19,64,47,41,60,54,87,85,79,88,1,5,1,1,137,3,Industry Ready
S1567,7.38,56,32,47,95,32,91,79,41,61,70,22,94,76,43,58,80,61,74,42,49,53,23,78,41,96,3,2,0,7,347,15,Industry Ready
S1568,9.39,82,77,95,38,63,64,65,98,42,31,78,47,48,45,98,65,83,57,70,63,92,94,98,36,46,0,1,4,2,80,7,Industry Ready
S1569,7.0,64,31,77,97,74,44,44,98,81,27,92,90,41,41,83,20,75,42,72,66,70,20,94,97,68,2,1,3,1,253,10,Industry Ready
S1570,7.71,80,83,73,52,79,73,57,46,60,77,32,91,52,89,46,89,55,26,72,72,73,78,94,75,40,2,7,3,4,125,20,Industry Ready
S1571,8.87,66,35,38,72,31,71,63,46,91,42,49,44,91,38,15,70,13,57,86,65,42,44,63,57,91,2,6,2,4,344,4,Industry Ready
S1572,7.21,86,69,96,80,44,37,65,70,41,56,72,26,68,53,15,47,31,96,93,75,95,28,50,84,54,3,4,5,2,206,2,Industry Ready
S1573,8.17,37,31,83,54,66,68,52,63,60,30,99,92,42,30,37,26,54,76,74,56,51,44,63,67,46,1,0,2,1,401,19,Moderately Ready
S1574,9.21,49,31,55,64,44,72,45,45,93,36,70,94,88,64,87,63,37,56,75,60,65,90,42,77,43,2,2,2,3,347,9,Industry Ready
S1575,9.58,82,84,55,46,89,48,81,87,81,75,61,53,48,56,22,54,19,25,65,84,63,45,79,89,94,2,3,3,3,254,4,Industry Ready
S1576,6.13,41,89,63,47,93,98,37,81,69,72,45,41,25,42,22,34,75,29,51,41,99,75,59,85,42,1,5,1,0,257,8,Moderately Ready
S1577,9.48,78,35,37,56,81,73,36,67,64,86,78,86,71,59,19,40,58,46,95,54,97,68,62,71,59,2,2,0,0,127,2,Moderately Ready
S1578,7.62,46,48,39,44,52,88,88,77,84,21,88,69,33,62,89,74,96,76,92,83,73,84,44,97,99,0,4,3,5,295,4,Industry Ready
S1579,6.61,93,56,77,98,66,36,65,52,58,48,98,67,36,23,48,48,89,35,83,41,47,80,99,79,42,3,7,2,6,41,15,Industry Ready
S1580,7.47,71,30,84,44,70,77,42,87,64,76,22,91,99,34,88,29,82,78,85,46,98,28,75,83,68,1,5,2,0,222,12,Industry Ready
S1581,9.71,58,62,83,71,86,87,77,73,88,53,60,89,47,42,32,82,60,47,50,75,51,29,52,35,59,1,3,5,2,94,10,Industry Ready
S1582,7.62,48,69,69,63,54,37,82,68,66,97,20,76,28,31,46,52,52,22,45,85,48,30,75,88,99,3,2,1,6,152,16,Industry Ready
S1583,6.91,40,61,44,77,66,75,36,71,42,21,84,44,85,87,17,75,15,76,64,89,65,55,45,70,49,2,0,2,1,128,20,Moderately Ready
S1584,8.22,79,98,47,37,69,42,56,75,84,94,89,85,23,87,99,10,34,84,85,82,85,75,41,99,74,3,1,2,6,209,3,Industry Ready
S1585,6.53,87,46,52,39,75,97,39,83,81,50,94,35,39,71,69,64,13,86,98,71,97,51,68,75,65,0,3,0,0,15,16,Industry Ready
S1586,5.83,63,37,91,34,89,99,41,44,80,96,69,77,60,60,95,60,85,49,98,42,77,91,44,84,69,1,2,1,1,169,0,Industry Ready
S1587,6.05,49,86,75,77,48,38,54,74,69,63,99,60,55,97,14,14,33,38,73,42,88,54,54,83,65,2,6,4,7,164,5,Industry Ready
S1588,6.05,79,71,68,55,38,44,36,52,95,75,78,70,25,78,36,21,65,27,74,89,82,23,47,81,76,2,0,4,2,360,0,Moderately Ready
S1589,6.15,39,38,44,52,98,84,66,59,85,73,93,40,84,77,28,23,64,81,60,94,98,81,73,44,59,3,6,2,1,489,19,Industry Ready
S1590,6.1,61,64,82,91,34,57,37,75,97,72,82,98,69,78,52,69,63,38,57,72,58,82,92,78,90,1,7,2,5,36,6,Industry Ready
S1591,8.26,81,82,93,42,55,95,75,70,42,93,44,75,83,91,52,49,12,55,47,84,60,27,94,78,92,3,2,0,7,198,10,Industry Ready
S1592,6.28,44,83,92,38,48,81,76,36,68,95,29,66,22,42,44,18,85,88,73,64,52,95,76,38,81,1,6,4,1,133,9,Industry Ready
S1593,6.99,32,54,45,49,59,37,79,83,59,65,96,62,56,20,93,51,56,79,91,76,74,88,65,98,48,3,3,1,7,461,17,Industry Ready
S1594,9.36,66,96,99,86,77,51,51,87,78,73,20,50,22,75,64,51,39,53,87,75,42,80,48,54,50,2,6,1,2,405,9,Industry Ready
S1595,7.54,69,91,95,53,45,56,81,53,77,50,33,34,52,94,70,42,85,74,53,74,64,82,96,88,72,3,0,3,5,369,18,Industry Ready
S1596,8.37,69,84,42,62,47,50,58,60,84,43,40,67,78,23,56,34,50,46,58,58,71,80,47,75,69,1,5,5,7,350,1,Industry Ready
S1597,6.24,85,75,76,49,85,37,68,88,47,44,77,81,34,48,86,87,64,58,59,84,60,56,53,64,69,0,1,3,3,236,0,Industry Ready
S1598,6.33,52,53,38,89,50,86,84,85,80,54,57,89,75,36,65,18,68,61,43,87,53,23,87,75,91,3,6,1,6,201,13,Industry Ready
S1599,5.68,40,75,92,77,60,67,76,59,87,76,20,22,80,68,91,53,49,61,77,58,70,75,64,42,84,0,0,3,1,173,11,Industry Ready
S1600,6.23,93,51,63,93,30,76,67,51,97,91,24,57,87,70,27,92,54,67,71,72,47,62,73,66,62,2,2,5,6,295,14,Industry Ready
S1601,6.7,37,40,58,59,32,36,61,95,36,88,63,77,98,68,74,67,31,50,65,57,46,40,42,74,75,3,2,5,7,309,18,Industry Ready
S1602,6.26,85,77,66,46,54,73,93,80,74,47,84,86,90,43,62,34,24,41,67,66,75,77,71,96,63,0,6,0,1,45,16,Industry Ready
S1603,5.88,89,37,72,43,37,80,53,89,57,95,76,64,87,63,98,41,26,60,51,69,74,35,75,61,70,3,2,2,6,419,17,Industry Ready
S1604,6.02,39,68,93,48,94,82,37,84,93,52,64,63,81,60,94,31,68,43,97,70,58,72,86,73,62,3,5,1,4,118,8,Industry Ready
S1605,7.48,68,64,53,88,91,61,59,45,68,72,79,27,86,76,20,64,34,59,49,78,98,37,44,67,92,2,2,4,4,296,0,Industry Ready
S1606,6.39,57,78,63,96,36,49,49,46,61,35,85,85,42,75,10,70,52,51,80,42,41,76,54,47,81,1,6,4,5,229,0,Industry Ready
S1607,7.07,78,75,77,73,36,41,94,74,89,45,66,90,33,51,92,66,73,70,74,61,44,57,97,63,75,1,2,1,0,353,8,Industry Ready
S1608,7.66,65,67,41,61,37,91,57,82,38,31,45,80,25,50,17,86,60,52,72,91,83,51,67,44,79,3,5,3,6,322,18,Industry Ready
S1609,8.47,42,37,52,40,48,76,45,90,61,96,28,36,52,35,28,70,70,47,53,49,41,38,57,92,88,2,4,3,0,381,5,Moderately Ready
S1610,5.67,65,83,42,31,46,43,93,42,81,50,70,90,28,51,64,76,54,98,79,92,57,67,84,61,73,3,0,1,2,278,18,Industry Ready
S1611,8.94,55,66,74,97,40,40,68,48,74,46,27,55,31,61,25,84,12,82,62,47,54,93,50,92,60,2,0,1,2,170,17,Moderately Ready
S1612,8.2,33,69,94,46,78,91,41,90,61,55,24,87,70,53,75,11,45,41,57,73,55,45,49,79,65,1,0,1,4,316,2,Moderately Ready
S1613,5.85,93,63,76,69,40,64,78,88,41,78,58,99,22,56,21,66,88,37,92,81,51,64,43,84,46,2,0,0,7,272,3,Industry Ready
S1614,9.26,67,46,87,75,70,89,98,51,57,22,87,40,75,35,83,82,73,21,83,92,83,64,59,82,64,3,3,4,4,220,10,Industry Ready
S1615,9.46,51,62,34,33,91,88,57,79,98,51,59,65,65,32,71,42,37,45,51,57,99,34,44,77,42,0,6,0,6,192,16,Industry Ready
S1616,5.76,31,76,34,67,81,61,92,39,63,34,55,65,55,85,95,99,54,58,81,51,75,37,93,48,92,0,2,5,0,2,2,Moderately Ready
S1617,6.69,60,81,89,92,95,93,54,37,95,94,40,35,32,52,67,72,93,36,75,85,61,50,40,78,82,3,4,0,4,77,1,Industry Ready
S1618,8.97,40,38,50,58,97,41,61,43,78,85,45,41,32,54,30,25,30,35,64,96,67,34,52,62,57,0,7,2,1,202,3,Moderately Ready
S1619,8.72,75,62,53,48,96,74,94,54,61,82,94,25,77,56,46,98,36,46,91,71,93,34,85,95,45,3,5,0,6,29,10,Industry Ready
S1620,6.29,91,89,47,58,69,36,42,55,46,20,75,75,53,95,14,10,92,68,76,41,79,84,61,72,93,3,3,5,7,20,2,Industry Ready
S1621,6.4,98,50,50,64,34,48,36,67,51,94,76,64,62,59,79,94,85,22,79,56,82,65,87,67,91,1,6,4,1,143,6,Industry Ready
S1622,7.09,93,87,83,99,51,44,56,39,71,24,78,77,47,27,41,73,44,61,90,91,93,94,52,56,85,1,0,3,6,237,18,Industry Ready
S1623,7.58,39,98,39,52,66,84,70,58,68,25,26,47,75,73,76,93,57,82,61,51,61,35,54,47,52,1,7,4,4,317,5,Industry Ready
S1624,8.16,69,39,53,75,40,52,58,97,70,24,61,36,66,26,19,78,32,48,45,46,43,74,48,40,41,3,5,1,7,59,15,Moderately Ready
S1625,7.09,53,35,89,73,73,52,46,60,40,92,32,55,54,21,78,26,73,21,55,54,51,49,42,98,87,2,0,5,2,114,20,Moderately Ready
S1626,7.49,73,42,86,77,82,50,56,67,66,47,98,31,97,75,97,49,22,33,62,41,60,60,41,88,95,3,5,1,0,392,10,Industry Ready
S1627,8.71,89,94,52,81,90,86,57,52,56,88,53,69,38,76,93,10,39,31,48,66,66,86,51,77,79,1,4,1,1,246,0,Industry Ready
S1628,5.66,91,49,51,37,96,86,97,52,44,63,72,78,70,68,71,22,83,43,82,65,62,36,63,89,86,1,6,0,6,65,7,Industry Ready
S1629,6.59,46,86,97,84,42,65,64,72,63,35,65,31,39,88,46,27,29,47,74,64,81,45,57,62,52,0,0,5,5,409,3,Moderately Ready
S1630,8.57,94,75,63,95,40,57,53,67,45,90,76,81,48,97,56,77,15,37,68,51,66,92,95,92,40,1,0,2,2,361,17,Industry Ready
S1631,9.35,86,37,99,69,40,76,60,61,90,97,80,59,91,27,90,23,28,25,53,56,80,83,97,49,41,2,0,3,5,322,2,Industry Ready
S1632,7.7,84,39,57,60,36,96,45,83,92,41,75,21,84,82,58,14,76,49,44,40,55,77,75,58,43,3,0,0,4,270,12,Industry Ready
S1633,7.79,82,96,68,77,46,84,54,84,86,92,48,44,57,90,33,71,83,53,60,70,71,94,64,96,52,2,3,1,6,267,5,Industry Ready
S1634,5.96,85,40,71,90,77,49,90,49,95,42,33,93,68,65,91,42,19,77,92,79,75,22,91,99,69,3,3,4,5,18,2,Industry Ready
S1635,7.42,38,41,52,81,43,78,79,86,51,62,87,50,47,97,35,35,65,47,45,44,97,47,54,60,83,0,3,1,0,232,13,Moderately Ready
S1636,7.79,51,39,99,67,92,76,81,53,64,87,90,66,52,86,64,70,30,91,40,67,56,23,40,95,51,0,0,4,0,13,6,Moderately Ready
S1637,6.54,42,54,31,65,93,79,92,59,71,62,32,79,32,65,16,77,65,94,70,67,93,59,47,35,72,2,1,3,2,142,17,Industry Ready
S1638,6.66,77,78,53,84,94,69,44,59,39,45,36,92,63,97,87,39,66,72,84,96,57,94,88,80,77,0,3,1,2,86,3,Industry Ready
S1639,7.12,47,78,46,42,63,56,56,67,60,60,48,60,71,86,50,71,11,35,80,47,66,76,76,35,82,3,6,5,2,266,12,Industry Ready
S1640,5.59,69,40,94,66,38,72,58,94,35,89,92,69,96,61,11,71,48,45,67,93,46,84,46,85,87,0,7,5,5,62,10,Industry Ready
S1641,6.88,46,91,99,76,66,98,95,71,43,50,21,42,95,83,39,90,70,84,42,91,93,66,74,70,73,3,7,3,4,298,9,Industry Ready
S1642,6.41,44,65,98,51,59,41,41,77,98,36,81,31,60,92,90,79,54,76,77,53,80,99,77,64,42,3,2,1,4,194,15,Industry Ready
S1643,6.91,44,68,89,68,70,78,72,43,58,28,39,90,68,72,29,66,37,50,91,45,77,53,84,42,82,2,2,1,2,170,10,Industry Ready
S1644,6.01,92,82,79,87,74,41,55,48,39,74,75,41,26,90,65,45,27,46,62,57,93,64,55,36,48,3,1,4,4,128,13,Industry Ready
S1645,9.33,68,85,41,59,76,94,42,37,85,25,71,75,55,26,83,16,23,68,79,76,59,51,98,59,46,0,4,2,0,131,7,Moderately Ready
S1646,8.05,42,30,76,47,36,35,62,90,72,89,44,35,45,26,33,74,64,28,43,49,99,63,56,53,43,2,2,5,6,340,7,Moderately Ready
S1647,8.42,61,85,96,47,43,96,88,60,63,83,81,77,46,55,21,83,68,45,97,86,96,30,77,48,67,3,5,4,3,24,5,Industry Ready
S1648,8.89,38,33,94,68,77,52,65,87,80,23,36,91,43,32,24,86,28,25,45,74,74,55,69,38,81,3,4,0,4,339,0,Moderately Ready
S1649,7.64,69,59,56,55,35,41,75,75,86,86,58,70,90,86,82,50,50,26,51,74,86,32,76,80,71,3,2,3,0,73,5,Industry Ready
S1650,5.87,49,41,77,36,63,88,71,55,80,75,29,25,52,39,91,41,21,32,51,56,72,76,57,67,40,2,5,3,3,209,13,Moderately Ready
S1651,7.81,92,64,91,98,75,44,72,73,93,37,78,21,37,92,57,23,29,68,97,85,98,44,75,71,52,3,1,2,3,224,20,Industry Ready
S1652,8.02,73,81,73,94,88,95,85,57,44,51,44,81,24,72,70,42,43,29,46,66,65,89,51,64,75,2,3,1,2,52,5,Industry Ready
S1653,8.71,67,60,48,75,99,93,71,92,38,67,47,61,20,71,80,39,45,62,67,63,63,56,67,61,65,0,6,3,5,418,14,Industry Ready
S1654,7.36,89,97,88,47,37,93,65,63,86,48,95,62,90,80,37,82,30,68,65,49,63,23,87,47,52,2,4,2,2,408,17,Industry Ready
S1655,6.05,77,81,37,42,53,97,96,96,52,51,80,71,22,80,12,15,65,37,87,90,70,45,50,72,61,1,5,0,0,130,14,Industry Ready
S1656,6.72,47,36,84,54,96,42,52,87,85,44,77,77,55,75,25,19,92,30,46,87,66,32,99,86,63,1,7,3,2,434,11,Industry Ready
S1657,7.06,45,51,76,37,33,89,40,79,57,95,63,39,54,59,45,84,50,29,96,56,88,91,98,74,50,3,5,0,6,177,10,Industry Ready
S1658,8.28,84,85,31,61,30,40,43,61,59,82,42,75,70,82,13,29,50,47,95,91,48,70,82,72,64,3,4,5,3,12,1,Industry Ready
S1659,7.95,68,87,68,46,63,35,45,68,94,28,97,86,31,76,18,98,52,72,42,84,41,66,94,75,54,1,1,4,0,290,1,Industry Ready
S1660,7.03,97,93,74,77,38,90,36,48,71,90,36,78,34,23,21,21,81,73,52,72,45,52,45,39,84,0,7,3,0,472,11,Industry Ready
S1661,9.74,88,41,61,92,92,44,63,75,52,33,98,67,23,45,83,31,95,44,91,72,70,99,98,98,75,2,4,3,5,438,20,Industry Ready
S1662,8.1,91,36,94,69,39,57,85,94,63,39,57,54,75,81,53,85,47,25,80,56,64,61,65,90,77,1,2,1,5,145,5,Industry Ready
S1663,6.52,42,84,67,44,39,50,57,76,64,29,49,27,35,95,75,23,27,30,50,57,55,50,55,83,73,2,3,0,7,434,5,Moderately Ready
S1664,5.94,35,91,40,35,79,50,41,85,41,30,38,95,25,73,28,57,17,52,78,99,84,59,77,93,73,0,0,4,0,29,11,Moderately Ready
S1665,6.16,89,84,39,92,73,90,90,45,75,58,51,51,82,81,22,63,75,88,62,88,45,35,48,73,71,0,1,2,5,39,3,Industry Ready
S1666,6.56,43,65,88,37,77,40,96,69,71,38,39,64,42,37,64,45,29,65,86,83,62,75,57,89,77,1,7,4,5,109,6,Industry Ready
S1667,6.19,83,53,84,61,35,64,49,53,61,38,83,86,96,29,74,70,78,96,40,77,86,93,72,98,64,3,4,3,2,29,11,Industry Ready
S1668,6.3,33,73,49,74,53,97,87,99,55,62,55,46,63,55,79,64,66,74,73,46,96,55,89,37,42,0,4,5,6,185,8,Industry Ready
S1669,6.73,68,46,46,81,87,35,77,95,77,80,84,22,20,21,12,23,27,89,70,88,44,99,58,42,91,0,7,0,5,343,6,Industry Ready
S1670,6.25,54,31,97,42,93,85,69,81,85,89,62,76,76,79,34,11,69,70,72,65,56,75,48,50,98,2,4,3,2,89,15,Industry Ready
S1671,9.36,61,42,34,53,85,80,48,48,47,91,45,84,95,66,61,11,96,44,86,87,48,67,85,60,96,2,4,2,2,320,14,Industry Ready
S1672,5.85,88,60,89,69,41,55,83,86,87,84,26,39,46,92,25,70,11,42,75,40,65,99,83,66,96,1,1,2,4,352,2,Industry Ready
S1673,7.76,92,57,52,43,64,72,52,66,97,42,53,90,44,51,52,15,51,69,75,50,52,77,81,42,82,1,2,3,5,71,5,Industry Ready
S1674,7.26,67,89,75,99,35,97,85,44,91,79,55,60,81,88,65,34,73,65,53,49,46,34,48,94,86,2,2,5,5,11,13,Industry Ready
S1675,9.72,82,56,81,91,94,84,35,51,59,29,25,20,37,70,77,76,53,96,76,70,87,91,83,46,68,0,3,3,7,391,7,Industry Ready
S1676,5.98,96,44,39,90,89,46,61,74,47,82,56,93,99,86,17,32,60,63,71,64,79,34,44,93,60,3,3,3,7,458,3,Industry Ready
S1677,7.21,57,62,75,30,97,78,98,97,71,21,81,95,49,96,89,82,74,32,92,96,57,40,62,93,48,3,0,0,4,77,12,Industry Ready
S1678,9.67,32,49,57,95,58,86,94,49,64,55,92,23,49,86,53,37,74,90,67,40,76,83,90,68,60,1,2,1,4,273,4,Industry Ready
S1679,9.22,51,71,72,61,67,43,75,73,46,76,79,90,66,87,47,34,63,67,40,82,84,26,81,64,60,2,5,2,0,235,19,Industry Ready
S1680,9.01,67,41,55,42,51,99,55,91,99,85,83,29,41,75,32,74,48,36,86,95,63,71,73,78,46,0,1,0,2,103,17,Industry Ready
S1681,6.61,91,52,84,62,37,44,48,44,52,98,69,48,61,33,15,75,17,92,46,42,94,38,77,72,86,3,2,2,4,64,10,Industry Ready
S1682,6.23,86,43,77,61,92,80,54,51,96,39,71,34,53,35,52,88,76,33,55,94,71,65,61,59,71,3,7,3,7,212,4,Industry Ready
S1683,8.38,35,54,58,85,42,92,45,51,58,61,36,38,82,95,53,52,85,49,93,87,46,57,44,58,61,3,2,2,0,393,16,Industry Ready
S1684,9.5,61,60,56,53,56,71,58,50,94,40,79,77,23,94,89,49,58,49,71,40,59,32,40,95,81,0,3,5,3,36,1,Industry Ready
S1685,7.89,39,83,47,33,47,86,71,37,51,85,96,72,50,85,89,89,98,52,63,46,84,63,65,43,50,0,5,5,7,284,4,Industry Ready
S1686,7.96,32,34,89,52,47,47,58,85,94,57,73,65,70,52,32,32,45,73,53,82,73,41,57,82,94,1,4,5,4,173,7,Industry Ready
S1687,6.7,88,42,98,58,91,40,49,80,43,97,29,37,69,32,25,58,16,76,86,88,97,90,94,86,97,1,4,4,0,103,5,Industry Ready
S1688,8.81,78,57,50,50,43,92,46,89,86,88,44,22,33,49,85,17,24,50,54,90,58,54,65,98,73,2,5,2,6,215,7,Industry Ready
S1689,6.3,88,72,53,59,40,82,98,60,49,43,37,89,27,45,18,16,94,42,91,99,85,22,54,70,53,2,2,5,1,377,1,Industry Ready
S1690,6.89,60,76,32,49,46,66,65,65,62,45,83,41,88,32,91,30,34,71,40,53,53,35,41,54,87,2,2,4,4,299,7,Moderately Ready
S1691,7.33,98,67,91,45,80,45,87,53,43,21,98,74,27,87,18,44,66,73,67,62,71,64,92,84,80,2,2,0,7,419,6,Industry Ready
S1692,7.68,91,96,31,96,43,39,78,49,90,65,78,83,30,52,94,91,47,66,58,87,48,35,54,46,61,2,2,0,3,17,7,Industry Ready
S1693,6.54,81,91,95,78,86,40,64,92,70,53,46,60,48,34,67,70,46,68,96,56,75,85,50,41,64,1,6,5,0,78,17,Industry Ready
S1694,5.99,70,68,71,87,35,55,69,64,90,81,77,27,74,36,74,92,25,75,97,53,88,57,97,74,55,0,3,4,5,415,6,Industry Ready
S1695,8.13,60,66,63,73,86,76,55,82,54,60,80,84,58,25,68,83,10,27,46,48,65,43,84,76,72,3,2,2,5,485,14,Industry Ready
S1696,6.74,51,37,71,54,33,61,97,90,89,34,98,22,32,24,32,77,56,41,57,60,59,69,59,84,41,0,6,5,4,234,8,Industry Ready
S1697,8.0,33,81,49,52,40,37,51,76,94,74,90,48,83,52,78,39,61,81,86,84,68,76,86,75,78,1,2,0,4,364,13,Industry Ready
S1698,6.16,42,62,97,88,40,94,46,58,69,22,62,89,68,73,28,77,46,73,52,41,55,75,81,58,83,3,0,2,1,19,12,Industry Ready
S1699,7.57,74,71,74,30,37,83,52,86,35,95,99,37,38,35,44,18,54,54,90,91,70,85,56,47,89,3,0,1,7,289,2,Industry Ready
S1700,7.79,71,56,71,44,88,68,94,77,79,57,30,77,86,65,64,26,23,34,57,71,63,97,44,68,45,0,6,5,0,72,5,Industry Ready
S1701,5.72,78,37,76,81,50,71,49,68,74,70,24,20,71,43,91,52,66,24,43,47,69,96,72,37,73,3,2,1,6,424,3,Industry Ready
S1702,6.95,49,52,34,87,94,76,50,94,72,36,77,41,97,24,49,97,43,36,89,75,47,92,90,37,85,1,7,5,0,353,20,Industry Ready
S1703,6.08,83,93,78,70,53,99,56,37,58,68,58,42,90,86,23,66,75,22,43,65,65,81,83,58,87,3,4,4,0,162,17,Industry Ready
S1704,5.77,65,49,66,73,59,94,97,45,38,40,67,27,39,95,93,22,40,38,66,76,54,33,64,69,81,0,1,4,2,184,10,Moderately Ready
S1705,9.76,30,45,63,33,86,35,65,47,47,43,99,48,73,69,22,66,92,56,55,54,97,85,46,54,76,0,0,2,5,375,6,Moderately Ready
S1706,6.89,44,46,99,97,46,93,35,84,55,59,39,63,24,60,62,35,92,40,53,73,89,79,73,78,61,2,2,1,1,282,14,Industry Ready
S1707,8.98,46,48,47,36,88,38,40,53,66,39,38,81,98,74,89,70,53,70,53,60,49,40,92,82,55,1,0,1,5,233,10,Moderately Ready
S1708,6.59,53,37,48,75,60,48,43,78,72,98,79,38,81,39,48,71,32,73,46,62,75,54,54,77,46,3,2,4,0,273,18,Industry Ready
S1709,8.43,87,67,69,38,93,52,86,67,66,54,45,78,36,69,93,28,90,30,84,48,78,49,91,89,86,3,4,3,1,404,8,Industry Ready
S1710,8.77,52,67,46,62,77,68,96,72,91,67,98,99,72,54,74,90,75,84,95,79,63,58,52,60,52,3,4,2,2,145,5,Industry Ready
S1711,8.06,75,82,89,62,52,35,92,37,82,52,44,38,56,69,65,39,20,49,53,65,88,44,71,65,88,0,0,2,6,154,6,Moderately Ready
S1712,7.53,37,60,71,33,99,87,53,99,64,75,34,41,38,98,49,99,58,62,81,82,47,63,78,88,89,1,6,0,0,222,7,Industry Ready
S1713,7.27,88,73,94,94,59,56,47,69,72,60,40,87,29,52,55,22,87,55,84,61,40,78,53,90,89,3,5,4,1,411,11,Industry Ready
S1714,7.0,88,89,82,63,84,95,66,70,78,73,66,24,63,86,86,58,67,76,45,52,93,25,59,90,56,1,6,0,1,96,18,Industry Ready
S1715,9.5,42,46,36,93,36,56,43,72,60,63,54,24,68,90,16,91,38,45,82,64,92,22,55,87,42,3,1,3,2,142,13,Moderately Ready
S1716,9.07,68,68,34,54,41,84,83,73,36,91,63,44,56,29,54,94,92,79,96,46,49,55,69,95,51,2,1,0,1,428,19,Industry Ready
S1717,9.65,57,71,53,84,89,50,71,59,77,30,25,43,77,60,31,60,60,41,77,90,86,20,80,68,45,2,1,3,2,46,19,Industry Ready
S1718,6.03,90,77,57,38,81,62,65,98,77,33,94,20,34,59,16,18,10,43,66,66,62,53,58,80,51,2,5,0,4,374,6,Moderately Ready
S1719,8.64,45,41,91,46,56,76,65,47,97,61,42,47,39,25,93,38,14,31,50,54,77,84,61,84,50,0,1,4,6,291,1,Moderately Ready
S1720,9.53,31,47,46,50,41,69,93,35,92,98,58,66,74,52,61,92,43,94,70,51,49,45,76,45,80,3,3,3,1,18,10,Industry Ready
S1721,6.28,46,35,49,89,42,54,89,88,82,31,92,79,32,35,77,17,87,79,90,84,72,37,49,52,58,0,5,2,2,354,10,Industry Ready
S1722,5.79,59,72,32,42,91,36,53,43,39,36,37,38,39,43,79,90,28,40,88,72,70,55,47,65,99,0,7,4,5,223,7,Moderately Ready
S1723,8.69,42,64,66,32,58,41,97,70,69,97,59,33,62,79,76,85,97,99,96,60,77,25,68,96,70,0,6,4,3,44,5,Industry Ready
S1724,7.97,42,83,44,97,64,83,36,71,50,44,55,89,60,93,12,24,49,55,42,64,52,94,53,57,90,2,2,5,0,102,10,Industry Ready
S1725,9.12,72,91,80,33,89,43,79,93,83,45,47,27,67,30,67,78,90,26,40,79,74,63,50,87,41,1,7,1,7,251,10,Industry Ready
S1726,6.1,50,98,77,36,58,61,77,55,94,66,83,56,75,63,76,43,75,80,55,86,83,59,69,96,84,1,4,2,6,56,4,Industry Ready
S1727,8.92,84,45,37,55,60,36,35,54,85,44,77,91,87,22,63,61,90,72,83,61,86,49,72,51,71,1,1,0,7,331,9,Industry Ready
S1728,6.37,69,37,42,53,90,94,95,35,93,79,57,29,63,57,18,59,73,47,66,53,71,97,81,75,57,3,3,4,0,118,0,Industry Ready
S1729,6.2,44,60,77,39,31,83,37,93,98,79,98,86,92,59,63,76,81,43,85,47,61,93,73,42,94,0,6,0,0,156,6,Industry Ready
S1730,6.21,81,39,32,42,62,36,78,62,47,46,63,32,66,38,89,14,26,72,89,63,46,50,78,65,43,0,2,4,2,481,3,Moderately Ready
S1731,9.0,82,85,94,73,91,51,41,90,60,62,95,58,69,59,60,18,47,32,99,42,45,77,88,83,61,3,6,2,7,15,12,Industry Ready
S1732,8.36,81,99,60,68,88,54,67,43,37,95,21,83,51,72,25,97,99,97,42,51,80,74,76,91,95,0,6,4,6,149,19,Industry Ready
S1733,7.75,59,49,55,48,69,66,43,99,46,39,92,49,73,96,21,14,52,91,95,86,55,55,95,82,53,1,3,0,2,327,14,Industry Ready
S1734,7.04,62,34,85,80,78,85,64,70,75,82,54,23,58,55,29,36,49,20,47,61,51,98,81,87,53,0,0,0,0,310,15,Moderately Ready
S1735,9.27,86,52,63,48,61,76,52,68,99,99,20,64,77,86,62,93,54,60,89,55,48,49,76,96,76,3,6,2,2,395,2,Industry Ready
S1736,7.19,81,38,38,81,67,97,90,66,97,44,65,25,80,39,40,56,49,78,55,46,79,67,44,84,68,3,0,0,5,481,20,Industry Ready
S1737,9.01,38,87,91,76,42,95,65,59,84,46,79,35,91,47,30,71,80,32,86,57,44,97,80,89,90,1,1,3,1,143,2,Industry Ready
S1738,7.39,83,88,42,59,83,96,97,85,81,71,82,41,38,76,12,54,97,73,93,84,97,36,82,43,73,0,0,4,1,310,7,Industry Ready
S1739,7.12,30,83,98,75,42,37,84,97,42,29,64,40,88,22,30,75,99,66,41,98,42,46,86,66,87,3,2,3,1,302,15,Industry Ready
S1740,7.49,73,75,70,50,68,60,35,79,65,69,76,84,41,56,37,32,39,46,68,62,75,82,98,91,45,3,7,1,4,72,1,Industry Ready
S1741,6.8,38,51,30,77,52,82,53,60,45,49,56,49,54,37,14,70,44,96,55,65,82,96,44,39,82,3,1,1,0,282,6,Moderately Ready
S1742,8.71,61,93,76,91,43,42,98,55,51,20,26,43,29,65,80,52,75,59,94,77,49,33,56,99,51,1,7,5,3,110,0,Industry Ready
S1743,7.66,44,37,33,87,46,39,87,85,61,73,35,83,34,24,78,44,53,51,68,41,47,45,58,84,63,0,3,5,0,98,8,Moderately Ready
S1744,6.5,41,49,92,47,53,45,40,58,61,23,69,32,21,92,82,39,13,77,70,41,48,62,85,97,84,2,4,4,1,394,8,Industry Ready
S1745,9.37,86,80,81,88,87,76,51,46,90,26,33,45,41,95,56,76,73,95,81,61,52,94,92,92,98,0,4,0,0,210,20,Industry Ready
S1746,7.15,37,68,39,77,92,75,80,45,81,49,25,39,31,76,94,19,14,62,98,90,95,20,95,91,68,1,4,2,4,350,17,Industry Ready
S1747,7.84,56,66,57,92,63,53,89,61,53,84,80,80,81,45,29,65,57,71,50,77,97,43,65,43,49,1,2,1,1,142,11,Industry Ready
S1748,9.4,91,79,35,41,80,82,40,57,91,48,40,25,64,52,47,43,75,96,90,96,58,39,41,60,85,3,1,0,6,436,11,Industry Ready
S1749,8.18,41,63,56,63,39,87,74,67,65,44,29,62,77,55,46,74,36,99,71,81,62,91,53,97,75,3,0,5,4,120,4,Industry Ready
S1750,6.0,94,62,41,90,50,89,43,72,50,59,51,68,39,41,67,15,33,53,63,67,82,27,91,68,73,1,6,2,4,346,10,Industry Ready
S1751,9.54,71,60,91,82,66,95,45,89,79,45,25,28,70,36,26,79,65,25,58,56,63,49,67,40,90,2,7,4,7,32,3,Industry Ready
S1752,8.2,91,83,81,54,36,66,54,76,61,36,21,56,26,63,51,52,54,67,71,90,42,37,43,96,71,2,1,0,6,198,15,Industry Ready
S1753,6.94,40,73,77,91,42,80,77,63,95,50,58,35,43,71,41,25,77,37,49,87,72,96,42,75,71,1,3,3,4,214,11,Industry Ready
S1754,6.1,72,63,96,33,59,70,92,68,60,80,68,23,86,41,71,72,37,58,93,57,62,32,54,88,90,3,4,4,1,355,1,Industry Ready
S1755,8.91,46,91,75,42,60,52,60,91,63,27,46,51,89,88,96,74,14,97,88,98,53,67,61,70,54,1,1,1,6,21,4,Industry Ready
S1756,8.17,61,52,44,71,34,52,72,37,78,88,75,36,72,20,30,14,56,26,95,90,58,79,87,36,48,3,6,4,4,320,7,Industry Ready
S1757,7.79,69,75,65,78,61,46,70,40,63,20,33,60,53,49,98,34,14,25,71,41,72,45,81,61,97,3,5,4,4,57,15,Industry Ready
S1758,9.34,52,85,43,85,45,80,89,82,36,98,42,64,52,58,42,36,14,95,62,74,62,28,89,52,75,1,1,2,7,282,17,Industry Ready
S1759,8.89,85,36,32,76,51,89,40,98,40,90,70,35,42,98,76,51,57,72,72,54,66,72,58,45,61,0,5,1,3,371,2,Industry Ready
S1760,6.15,35,90,96,37,93,72,37,47,43,65,44,39,77,54,15,64,82,20,69,54,51,90,73,78,52,1,0,5,0,458,5,Moderately Ready
S1761,6.84,79,32,48,84,73,36,99,70,49,39,72,61,87,88,75,35,56,48,69,83,85,28,49,38,80,0,7,2,7,498,3,Industry Ready
S1762,6.57,66,67,83,47,69,43,98,67,92,59,30,29,88,89,41,25,71,88,46,91,86,45,95,77,83,2,3,4,3,139,10,Industry Ready
S1763,8.7,93,63,98,64,66,39,92,91,36,21,54,71,99,30,73,99,36,68,55,84,46,52,73,73,53,3,4,0,0,443,1,Industry Ready
S1764,5.64,83,73,39,61,45,53,92,89,37,80,74,79,59,70,35,37,13,78,82,94,75,52,55,93,65,2,0,3,1,468,20,Industry Ready
S1765,7.95,78,59,62,53,72,73,52,47,86,90,77,67,66,82,71,39,58,32,92,73,85,71,76,59,95,3,7,3,3,327,12,Industry Ready
S1766,8.78,40,46,42,36,92,76,57,85,89,96,87,42,62,53,14,86,97,64,89,89,57,59,75,89,83,3,4,2,2,460,12,Industry Ready
S1767,9.27,78,88,80,42,44,51,63,87,87,49,56,52,80,74,20,98,74,65,40,54,55,23,88,99,64,1,0,0,7,228,17,Industry Ready
S1768,6.97,50,39,61,98,73,97,57,70,74,49,96,96,61,97,83,54,89,42,69,57,97,47,84,59,61,3,0,3,1,32,12,Industry Ready
S1769,9.03,95,47,53,71,38,80,70,39,73,64,28,44,81,92,88,28,96,51,73,52,53,73,94,71,69,2,4,0,1,113,11,Industry Ready
S1770,5.98,92,74,64,60,94,54,40,59,77,43,47,69,86,39,91,22,70,91,93,77,60,87,61,88,52,3,3,5,0,193,8,Industry Ready
S1771,9.14,57,88,99,55,73,42,68,71,47,75,74,89,74,99,58,84,29,94,73,47,82,68,97,62,89,0,2,5,0,392,0,Industry Ready
S1772,6.05,46,91,69,61,49,53,78,53,71,80,65,98,68,77,87,32,90,32,77,55,66,25,71,86,71,0,2,2,4,460,4,Industry Ready
S1773,7.21,35,88,83,81,99,66,78,69,89,32,99,74,68,36,71,23,17,72,70,59,64,52,83,98,76,1,7,1,2,281,3,Industry Ready
S1774,8.93,48,78,73,49,62,53,61,68,66,99,89,87,97,53,69,83,91,39,99,99,77,24,56,72,97,1,1,0,5,172,3,Industry Ready
S1775,6.14,85,92,91,69,35,58,86,88,48,75,46,97,52,94,86,32,22,20,95,65,54,37,48,78,58,3,1,0,1,54,13,Industry Ready
S1776,6.49,57,61,97,88,60,58,76,80,99,34,29,23,47,81,93,49,82,76,47,74,49,22,99,96,74,2,6,1,1,366,10,Industry Ready
S1777,8.61,95,39,62,43,95,90,59,40,61,30,42,47,76,53,11,73,46,85,93,96,69,21,91,72,97,1,3,4,6,179,13,Industry Ready
S1778,8.6,67,40,85,73,47,52,73,35,58,31,40,48,60,91,98,94,52,30,92,56,83,84,72,84,99,1,2,4,7,392,11,Industry Ready
S1779,8.26,66,99,65,77,57,46,73,68,56,22,64,67,98,38,68,68,65,65,59,65,48,54,95,95,88,1,1,4,3,252,15,Industry Ready
S1780,8.48,97,91,83,72,97,75,46,90,79,43,22,91,23,85,85,29,59,49,85,57,67,70,72,62,98,0,2,2,0,462,14,Industry Ready
S1781,7.83,78,76,48,45,94,82,45,60,42,28,78,32,39,91,34,41,91,88,93,83,88,87,41,65,91,2,2,4,3,248,9,Industry Ready
S1782,6.58,72,63,72,64,74,98,37,76,98,65,62,62,54,61,77,87,29,26,68,46,57,54,53,91,68,1,2,2,0,134,3,Industry Ready
S1783,6.99,65,46,41,82,87,50,56,72,81,90,26,28,72,70,51,33,57,43,70,83,50,91,76,44,46,3,1,1,6,490,0,Industry Ready
S1784,6.28,87,83,40,63,76,57,38,60,55,79,46,59,58,90,85,55,28,67,60,74,77,63,72,46,74,1,1,0,6,312,18,Industry Ready
S1785,9.41,42,69,99,32,95,73,42,93,66,30,81,65,72,68,80,27,78,62,65,51,90,48,40,41,78,1,3,3,7,184,7,Industry Ready
S1786,8.01,81,48,41,97,81,67,48,58,79,29,61,77,29,48,64,57,26,98,70,96,41,55,86,62,45,0,0,3,0,118,9,Moderately Ready
S1787,7.22,87,96,70,34,65,58,48,55,78,22,23,75,99,49,47,23,37,55,59,86,61,97,61,54,53,0,1,2,3,420,6,Moderately Ready
S1788,7.49,61,82,54,39,30,95,50,94,75,38,81,31,84,44,52,63,45,93,61,88,62,61,69,99,67,1,4,2,3,328,1,Industry Ready
S1789,9.57,89,93,32,81,68,89,66,54,86,21,27,44,20,87,79,30,47,20,96,83,59,26,66,61,40,2,6,5,3,333,1,Industry Ready
S1790,6.16,87,76,32,58,30,95,98,40,45,36,36,35,72,81,62,14,91,26,96,80,84,32,72,50,85,0,0,0,5,413,18,Industry Ready
S1791,8.02,85,35,57,60,43,74,50,44,52,21,24,70,65,57,30,40,79,63,79,93,68,41,92,70,60,1,7,1,0,50,11,Moderately Ready
S1792,7.68,57,45,52,95,52,92,86,46,45,72,82,99,45,36,29,76,35,80,65,40,65,76,55,44,66,2,2,0,6,302,18,Industry Ready
S1793,8.13,30,47,77,98,72,35,53,56,61,35,28,91,21,93,28,96,88,45,56,64,80,64,49,78,61,1,3,5,2,367,11,Industry Ready
S1794,5.58,71,81,96,66,51,59,46,96,77,29,27,72,47,20,42,68,10,49,64,55,98,73,66,53,50,2,4,2,3,83,12,Industry Ready
S1795,9.25,77,77,71,56,89,87,39,95,99,87,26,71,46,37,72,53,90,20,76,96,51,21,76,99,48,3,6,0,0,494,15,Industry Ready
S1796,9.51,69,72,69,62,56,95,76,51,88,62,56,86,47,82,77,73,11,82,66,97,87,91,41,96,49,0,5,2,7,437,7,Industry Ready
S1797,7.93,92,68,35,97,85,80,51,44,63,77,74,43,50,65,69,51,45,34,42,54,68,76,69,67,93,3,4,3,3,150,9,Industry Ready
S1798,8.5,33,78,49,88,31,94,44,46,55,79,86,33,66,38,28,47,65,82,95,50,58,94,85,71,82,2,0,0,7,462,5,Industry Ready
S1799,9.47,67,41,40,93,68,85,50,74,63,43,27,41,26,69,37,16,44,74,63,76,73,53,82,47,95,0,6,1,5,185,14,Industry Ready
S1800,8.54,56,39,56,73,80,82,50,57,43,95,88,50,91,73,31,68,36,76,64,78,87,63,58,71,89,0,6,3,6,311,16,Industry Ready
S1801,6.16,38,84,50,78,48,74,76,74,95,35,24,77,94,50,60,78,76,39,89,42,66,88,58,53,88,3,3,1,2,30,10,Industry Ready
S1802,7.98,45,30,42,82,91,41,37,84,96,28,36,88,67,84,97,79,65,41,49,84,69,72,90,64,85,2,5,1,7,323,18,Industry Ready
S1803,8.11,85,78,64,78,96,53,57,44,39,25,77,38,45,65,72,58,55,69,75,95,76,81,74,66,88,0,0,2,2,472,9,Industry Ready
S1804,7.32,60,65,76,95,92,49,62,38,49,84,82,72,74,54,71,87,29,55,81,84,70,52,50,67,78,2,5,1,4,189,17,Industry Ready
S1805,8.67,43,50,57,92,34,95,79,35,91,97,46,21,26,68,38,20,17,56,57,90,67,95,91,74,70,2,1,5,4,114,8,Industry Ready
S1806,9.52,54,66,50,54,90,90,58,77,39,43,95,72,76,53,83,11,81,65,84,81,64,88,97,49,71,0,5,4,2,466,8,Industry Ready
S1807,9.48,63,53,47,33,36,44,53,39,54,29,87,86,77,48,41,36,35,46,93,78,88,20,71,72,70,0,2,1,7,59,17,Moderately Ready
S1808,7.44,96,84,60,80,79,80,74,68,38,92,47,66,20,25,82,25,83,38,56,59,45,54,55,42,47,0,5,0,3,420,5,Industry Ready
S1809,5.99,53,54,89,40,75,91,80,58,90,46,77,72,91,20,34,73,71,35,53,92,95,44,56,73,79,3,3,5,4,289,15,Industry Ready
S1810,9.73,55,36,66,46,43,69,74,48,68,22,69,76,48,74,25,75,42,73,97,62,46,23,68,94,99,0,1,2,5,256,11,Industry Ready
S1811,9.11,49,53,50,95,98,37,96,75,74,57,86,44,41,46,24,58,70,53,58,54,45,92,59,94,90,0,2,2,0,296,1,Industry Ready
S1812,6.04,93,40,43,99,94,87,52,76,56,92,50,54,59,31,68,99,29,98,57,57,74,86,75,90,44,1,2,5,2,222,16,Industry Ready
S1813,9.46,39,41,89,98,94,86,46,47,48,93,31,48,81,23,57,25,77,70,62,91,64,29,86,52,70,1,1,4,3,103,8,Industry Ready
S1814,9.24,96,64,52,58,86,87,48,63,42,92,74,95,33,99,27,82,96,55,47,78,60,39,63,82,46,3,3,2,5,427,4,Industry Ready
S1815,7.73,53,92,58,49,91,88,95,99,80,36,23,36,21,71,32,61,38,72,89,74,86,59,82,55,84,3,4,2,0,290,16,Industry Ready
S1816,8.04,34,97,76,56,49,81,46,80,63,67,61,99,54,30,64,82,55,81,55,68,99,86,87,90,86,1,0,3,2,154,14,Industry Ready
S1817,7.22,96,86,59,37,55,37,61,68,46,68,73,68,90,71,51,14,46,50,64,59,87,94,91,46,53,3,3,3,2,148,6,Industry Ready
S1818,5.74,87,42,67,90,73,99,40,97,86,62,41,75,86,45,12,45,99,23,82,81,56,34,92,40,64,1,6,3,3,199,18,Industry Ready
S1819,6.94,56,52,56,57,96,49,67,38,92,26,20,92,98,47,80,16,62,31,71,54,80,47,43,65,60,1,5,4,3,337,5,Industry Ready
S1820,8.95,44,68,44,99,99,68,84,62,36,87,67,22,41,91,61,70,14,72,88,71,65,54,44,95,86,2,4,5,1,278,3,Industry Ready
S1821,5.52,64,41,88,32,91,84,46,35,35,93,62,41,37,85,20,38,97,80,89,51,80,26,58,91,68,3,4,2,3,40,11,Industry Ready
S1822,6.93,82,63,32,98,74,67,91,70,89,40,39,33,65,46,64,76,75,38,58,87,56,73,87,95,85,0,5,2,0,483,18,Industry Ready
S1823,7.21,73,60,39,36,40,37,87,47,68,97,37,22,82,74,97,39,24,75,57,95,46,61,90,51,84,1,4,2,4,254,5,Industry Ready
S1824,7.81,55,91,46,89,63,36,47,39,98,44,89,57,55,90,34,49,55,28,71,90,64,57,63,63,70,2,0,1,3,476,13,Industry Ready
S1825,9.46,76,42,40,33,75,38,37,48,46,80,68,40,65,73,85,40,66,44,85,51,73,83,99,93,91,2,6,2,3,463,15,Industry Ready
S1826,6.99,63,60,77,34,61,50,98,66,84,47,95,70,56,65,96,57,17,73,88,64,65,76,87,37,43,1,0,2,4,433,4,Industry Ready
S1827,6.99,79,31,34,40,34,88,92,84,55,97,36,43,37,55,90,15,46,66,79,92,45,48,40,61,93,3,0,5,4,201,4,Industry Ready
S1828,8.67,41,44,98,44,92,67,38,61,44,71,72,64,62,40,50,71,66,60,54,73,49,85,74,35,80,1,6,0,5,464,16,Industry Ready
S1829,7.44,33,86,93,93,58,43,79,69,48,32,41,88,48,68,46,38,23,70,88,47,56,92,41,38,85,3,4,0,2,21,3,Moderately Ready
S1830,6.47,77,63,43,42,77,91,70,37,74,53,29,63,95,53,91,18,14,69,60,97,53,25,49,38,68,1,6,2,6,39,10,Industry Ready
S1831,7.45,84,97,79,36,45,74,57,38,64,86,43,66,37,53,64,63,82,26,50,63,42,21,98,67,88,1,1,1,2,129,5,Moderately Ready
S1832,6.11,30,58,55,35,54,86,53,41,48,23,31,76,34,59,18,93,95,46,68,84,98,58,45,45,40,2,0,1,4,297,11,Moderately Ready
S1833,6.26,95,95,98,85,58,50,74,37,86,63,23,38,78,26,45,20,52,67,71,40,87,25,79,91,71,0,4,4,4,413,10,Industry Ready
S1834,7.64,59,45,36,93,81,42,50,93,51,34,61,53,47,71,66,28,58,74,45,64,55,33,77,60,40,0,3,4,4,171,8,Moderately Ready
S1835,7.3,32,68,45,79,75,94,92,35,96,27,24,22,72,68,72,83,53,82,94,73,44,37,59,60,43,2,7,5,0,486,19,Industry Ready
S1836,9.43,50,66,84,59,54,70,52,62,56,24,45,58,34,56,91,14,65,25,58,53,87,89,58,88,59,3,7,2,6,230,12,Industry Ready
S1837,7.06,78,50,85,51,52,37,70,93,87,85,78,94,62,81,29,96,57,54,55,75,62,95,87,61,98,1,6,3,6,236,14,Industry Ready
S1838,8.0,91,73,33,54,63,49,58,87,66,92,81,79,52,34,94,79,39,51,51,45,66,41,75,88,79,3,4,1,5,82,2,Industry Ready
S1839,8.22,67,48,77,57,96,57,35,44,89,65,99,29,21,21,56,27,42,97,54,84,44,97,87,36,76,0,0,3,1,9,4,Moderately Ready
S1840,5.56,44,37,46,68,63,37,35,37,56,84,24,59,78,30,29,30,46,25,50,48,95,32,68,43,53,3,7,4,0,83,18,Moderately Ready
S1841,8.35,81,95,65,96,61,64,98,41,72,85,45,21,27,36,15,24,59,82,78,87,76,92,95,98,97,1,6,1,1,446,14,Industry Ready
S1842,6.27,75,70,99,34,58,79,96,43,84,45,25,64,52,64,82,68,16,37,95,40,77,29,80,99,91,0,7,3,6,407,6,Industry Ready
S1843,9.63,54,99,67,94,38,51,70,47,79,50,43,46,54,87,38,83,76,50,49,48,57,46,63,55,95,3,0,2,6,389,2,Industry Ready
S1844,6.14,50,90,91,44,95,92,52,74,42,70,72,72,37,80,86,15,52,71,90,63,51,33,48,60,94,3,6,3,2,378,7,Industry Ready
S1845,7.28,34,55,77,96,86,92,50,96,99,60,26,28,40,65,58,33,49,35,76,99,60,28,71,49,53,3,7,4,6,44,12,Industry Ready
S1846,5.87,99,99,39,69,68,91,51,96,74,70,29,20,83,51,15,69,41,75,88,78,46,28,79,77,93,0,0,1,7,124,15,Industry Ready
S1847,9.79,76,58,65,98,36,41,58,44,39,38,58,52,47,38,48,37,64,86,96,57,56,76,44,73,41,0,7,1,4,145,7,Moderately Ready
S1848,7.66,97,95,58,72,98,73,36,45,79,92,97,57,64,86,41,83,92,81,63,87,81,54,60,50,60,3,1,1,0,143,8,Industry Ready
S1849,8.06,47,48,33,30,37,92,44,96,80,22,47,76,39,23,58,32,98,71,90,78,48,45,56,69,68,2,2,2,7,358,1,Industry Ready
S1850,5.79,50,97,73,51,47,90,87,90,70,57,61,52,23,44,52,88,86,24,75,57,80,60,63,57,51,1,5,1,5,103,19,Industry Ready
S1851,8.72,52,87,85,91,78,49,85,83,51,89,81,67,55,92,37,55,85,72,40,80,63,86,66,46,57,0,5,3,4,39,0,Industry Ready
S1852,6.4,93,99,71,55,45,78,48,50,75,64,71,22,96,40,54,46,18,99,85,67,50,49,87,90,77,0,6,0,5,399,19,Industry Ready
S1853,9.36,96,86,42,47,50,46,87,43,64,90,41,51,71,33,74,23,18,36,56,91,64,48,57,86,80,0,1,5,6,103,12,Industry Ready
S1854,6.38,69,66,75,77,39,42,98,67,86,60,76,96,58,41,59,57,73,50,53,41,85,87,61,53,71,1,3,5,5,334,12,Industry Ready
S1855,6.32,39,90,62,38,33,75,83,69,54,44,30,40,90,67,63,87,54,35,77,76,76,33,45,96,80,0,0,0,4,383,10,Moderately Ready
S1856,5.66,81,59,50,30,73,68,96,73,70,69,33,87,31,70,60,80,70,76,93,80,46,71,67,42,61,2,2,5,4,359,9,Industry Ready
S1857,7.53,90,54,86,38,37,80,71,59,79,20,50,36,74,99,52,45,79,40,64,75,56,58,81,45,75,0,3,2,6,197,19,Industry Ready
S1858,7.93,93,94,98,52,84,63,83,90,38,73,23,61,67,30,73,91,47,60,99,87,94,40,59,77,81,0,4,3,0,480,5,Industry Ready
S1859,5.78,34,35,99,74,48,50,67,82,84,32,41,87,28,78,39,69,84,58,76,92,80,90,96,71,51,2,5,5,6,239,15,Industry Ready
S1860,8.83,82,47,96,31,93,39,56,44,89,59,83,31,31,33,91,63,55,56,74,63,58,25,55,59,96,1,2,2,4,396,5,Industry Ready
S1861,7.45,84,39,77,43,69,39,67,75,93,40,96,64,99,26,51,88,79,60,61,74,96,74,58,58,60,1,1,0,2,451,19,Industry Ready
S1862,7.75,66,40,62,67,80,64,62,93,76,60,98,55,88,88,47,72,73,72,95,45,60,59,47,68,47,0,0,5,1,479,20,Industry Ready
S1863,7.4,85,94,65,69,38,84,38,62,36,80,80,99,76,77,96,57,44,93,99,56,84,89,57,46,67,1,2,1,5,49,12,Industry Ready
S1864,7.22,88,94,62,92,59,39,83,75,80,52,25,70,47,59,95,31,21,51,86,69,48,44,76,76,96,2,3,0,3,156,11,Industry Ready
S1865,7.91,98,81,60,45,85,47,45,85,36,92,98,26,36,44,75,52,57,44,46,90,84,23,84,46,92,1,1,0,2,441,7,Industry Ready
S1866,6.17,88,96,50,35,73,83,69,96,84,48,87,52,41,97,78,50,72,72,50,47,85,53,86,63,61,0,3,0,1,134,2,Industry Ready
S1867,6.28,31,60,56,32,88,84,73,64,35,74,25,67,54,61,24,26,54,83,49,81,47,41,70,54,91,2,7,2,3,224,12,Industry Ready
S1868,9.21,94,46,91,43,44,48,44,74,47,51,85,85,78,63,70,72,15,52,53,49,85,75,77,37,55,0,3,4,4,260,0,Industry Ready
S1869,9.57,89,84,55,95,97,80,57,74,56,30,55,52,98,24,15,99,54,57,74,55,84,65,41,95,51,2,6,2,2,249,9,Industry Ready
S1870,7.11,80,65,95,96,99,68,68,96,51,71,34,97,38,47,87,88,99,98,85,77,66,75,94,56,88,2,5,4,5,167,14,Industry Ready
S1871,6.66,59,55,41,60,90,81,66,49,93,55,95,46,69,95,33,27,41,27,88,65,62,97,71,51,56,0,7,2,5,3,10,Industry Ready
S1872,8.27,40,82,51,62,52,94,50,37,37,50,59,66,45,79,94,81,77,20,75,70,49,94,54,36,60,0,0,5,3,6,15,Moderately Ready
S1873,7.26,68,46,46,30,76,45,88,58,83,33,60,85,79,96,23,12,12,93,45,91,93,46,98,41,90,1,2,5,3,463,20,Industry Ready
S1874,5.61,92,54,36,73,46,84,62,75,84,82,26,62,63,40,21,63,11,78,91,99,41,54,50,48,46,3,7,5,3,36,20,Industry Ready
S1875,6.17,93,31,97,44,86,38,94,97,69,71,41,99,75,68,64,23,29,54,44,47,83,35,44,38,59,1,3,0,4,112,2,Moderately Ready
S1876,8.58,90,34,66,66,83,75,94,82,57,73,91,38,62,75,77,43,92,35,81,74,87,39,81,79,75,0,1,1,1,74,8,Industry Ready
S1877,8.33,83,33,67,56,81,93,78,95,41,69,30,87,42,76,53,10,48,33,46,73,46,34,68,97,91,0,3,3,7,186,6,Industry Ready
S1878,5.62,87,65,40,77,51,94,36,82,84,73,21,29,93,80,94,57,21,24,54,49,41,97,59,44,93,1,3,4,1,49,15,Industry Ready
S1879,6.45,85,35,30,56,68,96,57,81,44,92,49,41,41,57,90,19,70,99,60,79,55,91,59,79,80,3,7,2,2,324,6,Industry Ready
S1880,6.49,63,50,54,41,42,59,80,90,89,54,87,95,66,92,60,92,45,40,92,83,93,43,57,78,99,3,1,5,4,156,7,Industry Ready
S1881,8.39,60,55,71,96,95,67,88,42,53,49,72,85,74,21,89,20,18,77,57,91,45,81,51,89,83,0,7,1,1,438,19,Industry Ready
S1882,5.58,81,84,81,59,81,53,43,52,57,74,40,21,30,22,91,75,53,76,40,51,55,99,96,52,52,3,4,3,2,374,4,Industry Ready
S1883,5.95,30,68,53,95,43,91,78,57,98,20,44,37,74,62,47,12,84,30,43,80,64,63,88,45,80,2,6,1,1,88,5,Moderately Ready
S1884,8.94,84,62,82,36,92,49,46,99,67,34,92,99,45,93,50,24,62,90,50,66,84,33,56,88,68,1,3,5,6,194,8,Industry Ready
S1885,6.27,51,43,85,63,57,75,66,80,43,44,91,38,20,54,53,68,39,27,49,58,49,92,43,35,82,3,1,4,0,479,4,Moderately Ready
S1886,8.31,69,85,92,61,75,94,68,56,63,39,24,49,81,92,84,73,75,33,84,96,98,96,58,87,76,3,0,4,4,29,8,Industry Ready
S1887,6.52,30,50,37,68,57,56,67,99,52,90,85,25,40,59,25,56,47,68,95,65,91,70,96,67,98,1,2,3,0,403,9,Industry Ready
S1888,5.93,94,75,88,72,31,77,98,46,63,35,68,46,27,77,59,11,47,52,58,93,48,41,62,41,47,2,1,3,1,477,5,Moderately Ready
S1889,6.55,92,45,74,72,46,66,82,53,95,71,27,34,39,53,47,39,42,43,93,54,71,51,66,59,59,3,1,5,1,66,0,Moderately Ready
S1890,8.61,83,45,56,32,88,47,50,56,39,84,98,50,64,44,95,47,80,90,81,70,71,99,89,83,83,2,6,5,6,60,12,Industry Ready
S1891,9.18,71,58,81,75,81,72,84,89,90,89,46,63,98,75,14,14,94,57,69,85,41,44,91,38,95,0,2,4,0,299,4,Industry Ready
S1892,9.07,50,37,47,61,33,60,57,96,86,20,21,95,84,51,18,15,64,98,89,76,60,68,92,58,87,0,1,4,4,55,18,Industry Ready
S1893,7.21,51,32,45,72,32,39,60,85,49,35,47,29,79,41,86,14,85,69,80,57,87,42,81,80,49,2,4,0,6,78,15,Industry Ready
S1894,8.37,67,48,95,32,66,83,88,82,54,46,30,40,86,84,48,21,94,83,80,68,42,56,99,46,54,2,0,3,2,443,14,Industry Ready
S1895,6.38,37,95,34,92,53,39,78,51,50,37,65,66,75,40,96,13,32,21,59,83,93,22,85,96,96,1,4,3,3,168,13,Industry Ready
S1896,6.76,91,51,32,69,64,82,71,47,59,96,40,74,50,99,36,33,79,58,99,66,73,79,91,96,51,1,6,4,5,333,13,Industry Ready
S1897,9.35,76,75,99,47,31,52,43,62,91,63,61,55,41,40,41,34,23,93,66,77,68,78,84,96,95,1,3,2,0,295,3,Industry Ready
S1898,5.56,46,42,36,96,62,40,47,39,55,69,51,93,81,47,73,35,58,33,51,59,81,42,53,92,95,3,5,0,5,305,6,Industry Ready
S1899,5.87,46,62,79,91,39,76,94,94,39,93,51,77,75,38,42,64,54,31,95,60,96,52,43,72,85,0,0,2,6,137,14,Industry Ready
S1900,6.39,42,34,43,39,91,86,36,49,43,33,90,38,91,33,99,55,86,97,53,68,59,73,43,51,96,1,3,4,4,272,4,Industry Ready
S1901,5.61,46,56,67,81,72,45,94,78,45,71,41,83,27,43,27,55,36,70,73,82,62,58,63,44,84,3,2,0,6,14,0,Moderately Ready
S1902,6.28,67,53,76,75,98,60,91,80,99,94,97,29,81,39,85,52,84,29,81,54,76,44,62,77,55,3,1,0,6,92,18,Industry Ready
S1903,8.01,74,96,62,84,88,55,77,63,97,69,96,68,97,51,76,69,76,63,89,61,47,82,75,67,81,2,7,4,7,180,20,Industry Ready
S1904,7.31,35,92,72,75,38,74,53,83,60,36,40,73,43,93,14,42,58,59,77,62,83,78,50,71,47,1,1,5,7,481,17,Industry Ready
S1905,9.34,64,77,58,89,89,90,45,77,53,22,41,80,41,71,87,30,11,79,41,43,75,50,72,62,59,2,6,1,4,482,13,Industry Ready
S1906,9.02,43,92,86,55,92,85,81,54,50,81,53,78,34,84,68,96,69,89,88,98,53,68,77,80,53,2,6,1,5,456,1,Industry Ready
S1907,6.97,90,41,34,56,81,54,97,52,90,40,29,21,47,71,85,46,75,50,97,63,62,79,44,36,76,3,0,3,3,50,3,Moderately Ready
S1908,6.62,44,57,89,67,52,91,41,98,64,52,84,94,41,77,13,21,68,56,71,53,66,83,66,80,65,0,5,4,6,208,6,Industry Ready
S1909,7.13,83,73,99,51,59,39,65,83,41,20,84,27,50,98,25,30,69,92,57,76,54,57,76,72,77,3,5,5,2,120,0,Industry Ready
S1910,8.04,56,72,31,55,72,48,89,76,46,89,86,38,92,29,84,22,31,77,89,94,92,90,66,72,92,3,7,4,2,65,11,Industry Ready
S1911,6.65,42,46,99,98,97,58,59,46,58,75,62,99,81,89,57,42,98,62,60,93,74,96,70,55,80,3,1,5,1,25,0,Industry Ready
S1912,8.18,60,69,72,64,50,86,64,70,56,23,60,87,88,34,75,79,55,90,85,98,95,27,51,57,84,0,1,2,1,293,13,Industry Ready
S1913,7.26,64,78,33,95,72,82,70,42,81,41,32,33,58,66,86,85,62,57,93,98,61,32,86,67,68,1,3,4,5,490,5,Industry Ready
S1914,7.87,89,86,85,80,36,81,84,62,64,96,23,41,59,29,17,70,28,27,50,60,86,45,45,77,52,3,4,1,0,380,0,Moderately Ready
S1915,7.38,35,93,88,47,45,94,48,94,94,77,42,36,88,40,53,39,58,53,69,94,75,29,51,98,73,3,1,5,5,347,1,Industry Ready
S1916,6.77,98,86,38,72,52,37,63,83,73,63,89,82,74,38,30,46,89,36,58,82,54,75,95,98,61,1,3,4,6,285,16,Industry Ready
S1917,9.58,87,99,32,41,87,43,61,72,54,76,53,45,90,87,35,91,26,36,87,91,96,23,93,71,84,1,6,2,2,234,7,Industry Ready
S1918,8.78,78,72,77,32,60,58,84,92,60,59,60,55,83,41,44,25,36,72,79,78,71,50,53,57,65,3,4,3,0,54,17,Industry Ready
S1919,6.1,52,52,72,36,98,38,70,39,83,75,37,64,27,82,24,54,28,34,89,52,80,36,61,68,73,0,7,5,1,136,16,Industry Ready
S1920,9.23,63,56,30,35,35,43,68,80,76,82,52,49,90,57,49,80,39,83,69,58,57,27,94,68,98,2,1,0,7,475,15,Industry Ready
S1921,7.6,55,87,86,74,94,35,55,36,40,58,44,40,63,34,39,10,87,76,97,95,97,71,50,61,86,2,0,5,0,271,14,Industry Ready
S1922,9.35,76,66,82,68,88,69,72,59,87,26,71,39,57,89,75,62,55,39,74,65,84,56,79,38,63,3,0,3,3,23,14,Industry Ready
S1923,8.94,34,35,45,80,57,46,84,35,68,33,36,61,40,94,89,37,73,80,43,75,70,39,91,97,95,0,0,2,6,213,11,Industry Ready
S1924,7.33,49,94,80,38,47,52,71,74,44,37,70,75,23,63,22,62,41,44,60,91,80,66,78,48,60,1,2,4,5,275,16,Industry Ready
S1925,5.6,35,35,84,52,39,44,53,50,62,74,22,31,51,49,10,53,62,97,44,83,75,93,95,62,70,0,7,1,0,61,17,Moderately Ready
S1926,6.66,99,79,30,41,36,52,35,88,37,75,74,27,74,43,52,76,32,46,93,85,64,70,77,55,51,2,0,5,1,51,7,Moderately Ready
S1927,7.83,88,51,57,91,66,58,74,97,82,76,75,82,79,65,37,48,45,66,75,72,84,77,96,44,81,0,1,4,1,125,8,Industry Ready
S1928,8.22,93,54,82,69,74,35,89,52,69,77,54,75,78,23,10,19,19,47,97,79,49,63,52,60,63,3,1,5,3,333,14,Industry Ready
S1929,6.61,47,80,87,83,45,50,60,51,86,44,87,26,86,25,49,60,68,25,66,55,79,30,45,69,60,0,5,0,3,51,12,Moderately Ready
S1930,6.1,33,77,89,36,43,49,77,38,96,89,78,81,24,57,43,23,38,60,46,92,53,31,59,68,43,2,0,1,2,298,4,Moderately Ready
S1931,9.09,46,99,88,46,40,96,93,43,86,99,78,80,91,45,22,88,20,78,99,96,87,29,93,36,64,3,5,3,3,95,20,Industry Ready
S1932,9.73,43,94,51,79,63,39,85,65,81,22,32,29,56,38,70,15,47,97,95,58,65,96,41,77,47,3,0,5,7,137,0,Industry Ready
S1933,7.76,42,89,37,53,89,79,49,39,88,40,81,69,46,21,75,48,88,80,70,76,58,73,50,78,75,0,3,2,3,321,20,Industry Ready
S1934,6.24,36,75,78,31,42,86,42,50,62,51,66,39,32,87,13,89,41,99,59,53,69,53,47,78,73,3,4,3,6,326,11,Industry Ready
S1935,6.67,73,65,71,62,68,41,48,76,57,21,95,47,25,88,98,91,61,68,64,83,97,49,69,77,89,0,0,0,2,448,0,Industry Ready
S1936,5.58,44,87,56,50,73,61,41,75,69,39,22,33,84,66,22,57,10,24,77,83,78,34,66,86,89,0,3,5,3,100,16,Moderately Ready
S1937,9.43,48,67,68,82,57,47,52,64,66,94,40,95,49,48,45,34,23,30,99,69,51,27,93,39,85,1,1,0,4,14,1,Moderately Ready
S1938,6.01,92,40,54,75,69,51,46,60,36,37,84,27,94,83,70,42,12,59,95,70,70,59,43,53,66,2,0,4,7,330,6,Industry Ready
S1939,7.98,64,41,67,74,45,78,36,83,50,73,37,26,71,99,67,92,39,89,64,59,84,41,46,64,67,1,3,4,4,83,2,Industry Ready
S1940,6.68,64,71,53,38,79,47,84,65,50,94,32,24,60,31,94,84,40,58,56,83,86,24,86,83,68,2,6,5,4,305,17,Industry Ready
S1941,7.88,48,68,53,35,57,39,55,84,85,55,90,20,99,92,99,76,10,89,85,82,86,39,63,97,68,2,3,4,3,40,13,Industry Ready
S1942,8.3,49,40,89,80,97,67,41,49,88,95,96,92,34,30,24,74,55,39,76,86,57,68,71,63,49,3,6,0,1,59,9,Industry Ready
S1943,9.07,64,65,79,64,89,38,46,86,54,80,64,29,24,27,99,49,23,23,54,46,41,71,58,87,83,2,7,1,1,288,6,Industry Ready
S1944,6.39,61,81,95,82,41,60,91,72,67,79,81,77,34,79,94,34,45,32,94,81,53,85,81,62,71,0,4,5,2,307,13,Industry Ready
S1945,5.55,77,60,43,48,45,50,57,72,42,55,49,84,20,45,21,66,55,68,49,76,59,38,74,87,47,1,1,3,1,165,2,Moderately Ready
S1946,6.09,73,62,82,98,82,56,64,94,58,63,94,79,34,51,85,41,64,95,73,86,97,33,81,51,93,3,4,3,1,467,10,Industry Ready
S1947,9.37,53,42,61,54,83,70,92,54,87,87,33,39,79,58,78,55,45,28,83,41,78,26,90,58,56,3,4,2,2,377,14,Industry Ready
S1948,9.26,90,47,77,40,78,92,86,78,98,85,72,77,67,23,70,13,52,78,82,61,59,76,42,99,51,2,6,2,4,191,18,Industry Ready
S1949,8.07,46,70,68,46,65,89,90,97,92,63,29,62,73,63,51,32,52,22,46,52,73,99,57,70,65,1,5,1,2,393,11,Industry Ready
S1950,8.08,79,87,69,65,91,69,44,84,71,96,91,48,74,54,99,89,24,30,78,85,99,29,76,66,91,1,5,4,1,351,4,Industry Ready
S1951,8.36,94,85,71,50,55,59,53,56,46,48,50,21,91,70,41,84,47,24,90,91,73,41,61,60,42,1,4,4,7,99,8,Industry Ready
S1952,6.25,61,53,37,47,85,95,53,88,38,67,25,45,46,70,11,31,98,54,64,77,76,24,72,90,81,3,7,1,6,433,6,Industry Ready
S1953,9.43,65,60,55,89,51,52,93,43,65,55,38,94,49,48,17,42,53,43,78,70,42,95,77,67,50,1,7,3,1,446,14,Industry Ready
S1954,7.3,42,84,41,47,98,92,78,49,72,27,31,78,95,97,63,50,64,89,85,40,74,43,78,73,53,0,1,4,2,314,0,Industry Ready
S1955,7.15,99,39,72,30,78,91,93,82,71,24,83,20,79,55,17,71,64,25,83,86,72,34,73,92,46,0,0,3,7,139,0,Industry Ready
S1956,7.73,87,89,80,43,31,97,38,54,48,97,74,50,85,97,97,47,87,61,67,82,58,45,88,46,65,2,4,0,3,57,5,Industry Ready
S1957,5.7,43,31,92,37,82,46,99,69,58,66,86,57,65,79,22,65,97,62,81,52,70,74,62,77,76,2,2,5,7,216,20,Industry Ready
S1958,6.22,66,44,78,95,36,45,47,94,44,62,28,41,71,34,38,72,67,33,66,99,91,37,93,47,72,0,1,2,1,8,4,Moderately Ready
S1959,8.67,97,32,56,80,49,47,46,68,72,29,25,85,54,70,22,86,66,95,76,56,83,62,74,39,83,2,3,4,1,432,10,Industry Ready
S1960,5.86,69,72,38,89,59,69,89,88,77,29,20,66,61,69,67,94,65,44,94,43,61,25,68,79,87,3,3,2,2,444,10,Industry Ready
S1961,8.09,88,60,68,63,96,61,95,46,71,25,61,20,75,74,72,85,11,37,78,94,66,64,41,39,71,0,1,1,5,80,13,Industry Ready
S1962,6.56,45,99,94,65,88,79,75,53,76,35,74,69,64,31,96,64,43,43,77,82,77,44,89,57,77,3,6,5,7,205,7,Industry Ready
S1963,7.17,91,96,36,91,95,56,70,60,66,79,68,55,71,69,56,60,58,82,91,70,67,35,53,69,59,1,3,0,7,471,13,Industry Ready
S1964,6.74,33,85,96,30,32,76,36,57,48,45,49,64,42,81,88,99,73,98,95,94,60,74,87,88,49,3,1,4,1,104,8,Industry Ready
S1965,7.03,74,92,39,71,85,54,56,67,38,40,54,55,48,24,97,74,96,20,67,72,59,75,83,83,54,1,0,4,7,250,10,Industry Ready
S1966,8.59,57,44,82,30,46,82,56,91,58,77,82,53,48,46,96,66,17,34,73,53,77,48,89,71,54,0,5,3,7,50,10,Industry Ready
S1967,6.78,95,39,86,83,81,52,75,64,44,60,41,28,76,98,83,95,78,73,68,60,52,83,47,56,45,2,5,2,5,428,19,Industry Ready
S1968,7.94,60,67,56,76,36,40,48,57,50,49,62,95,38,28,47,36,67,53,84,61,68,20,40,42,94,2,1,0,3,66,20,Moderately Ready
S1969,7.55,32,76,83,68,34,73,69,70,73,24,47,23,27,54,78,66,52,71,87,44,60,64,67,91,64,0,0,5,7,369,15,Industry Ready
S1970,8.35,37,86,33,59,83,45,84,77,52,29,37,98,69,32,78,64,71,21,47,94,81,45,42,94,40,3,1,3,3,360,11,Industry Ready
S1971,9.53,53,79,52,36,90,59,43,87,59,30,51,82,26,63,49,81,61,55,52,93,72,69,95,89,45,0,4,5,2,79,6,Industry Ready
S1972,8.65,44,44,77,51,45,89,93,94,41,82,88,23,30,65,10,91,42,42,85,92,71,46,93,68,52,1,7,0,0,17,2,Industry Ready
S1973,6.42,72,47,71,79,96,92,90,71,90,26,73,24,86,87,11,13,29,43,76,76,87,54,46,75,50,2,2,0,7,230,11,Industry Ready
S1974,5.63,60,31,32,74,88,71,44,95,81,78,53,29,85,96,38,74,89,51,94,71,85,99,73,62,63,1,0,1,4,444,5,Industry Ready
S1975,6.63,74,72,32,39,76,50,59,87,37,31,50,63,47,93,16,65,68,70,42,96,67,48,87,65,59,0,2,1,3,177,18,Moderately Ready
S1976,8.06,95,55,57,43,77,71,79,46,35,83,23,59,75,72,66,62,69,65,53,42,89,26,71,55,65,2,6,3,6,141,3,Industry Ready
S1977,5.72,37,67,92,75,93,87,45,69,67,60,33,55,47,20,64,53,72,32,71,80,53,81,48,85,64,1,3,3,3,137,9,Industry Ready
S1978,7.63,86,71,60,35,79,50,43,72,93,79,34,54,94,30,82,25,65,33,62,52,96,90,94,70,91,2,0,5,6,457,7,Industry Ready
S1979,8.07,59,34,39,50,70,52,41,58,66,91,79,78,59,69,45,32,46,36,96,50,81,53,74,60,91,2,3,3,4,389,9,Industry Ready
S1980,6.94,47,40,78,91,51,53,68,74,51,47,39,84,21,28,16,40,69,35,62,89,91,67,96,53,51,0,4,0,2,258,15,Moderately Ready
S1981,8.81,98,94,50,48,83,78,54,99,51,99,39,50,95,57,19,37,97,51,52,81,61,24,58,40,85,1,6,4,1,112,10,Industry Ready
S1982,5.96,68,63,82,91,34,36,39,91,55,82,68,65,80,32,89,59,60,98,88,94,76,27,85,82,48,0,6,1,2,85,3,Industry Ready
S1983,5.82,89,30,83,82,46,92,89,79,89,22,87,68,95,24,83,25,38,31,80,77,73,91,97,49,84,3,5,5,0,385,12,Industry Ready
S1984,8.63,72,31,86,53,70,44,49,47,40,51,37,25,44,44,48,50,18,22,78,63,56,62,95,83,75,1,4,5,5,230,19,Industry Ready
S1985,7.63,74,49,49,85,64,80,82,40,83,40,43,89,73,29,67,18,95,94,89,48,72,71,54,52,48,0,6,5,0,331,2,Industry Ready
S1986,8.46,52,90,78,91,69,53,38,81,60,74,46,38,36,24,99,11,93,72,60,52,72,93,94,99,72,0,0,4,4,376,2,Industry Ready
S1987,7.37,98,50,36,63,51,72,55,78,66,37,52,61,67,41,49,52,49,62,82,61,77,20,70,56,79,3,7,2,5,384,16,Industry Ready
S1988,6.56,35,97,58,51,77,71,43,66,78,72,83,49,31,61,23,75,77,24,87,57,65,57,55,94,73,0,7,1,7,435,6,Industry Ready
S1989,9.02,85,41,77,97,82,79,69,37,93,94,44,45,80,39,91,89,52,66,97,49,78,26,90,70,63,3,0,5,7,100,10,Industry Ready
S1990,8.94,33,51,42,86,39,68,85,88,63,80,88,22,21,47,10,86,85,46,70,86,46,75,86,44,92,1,2,2,0,140,3,Moderately Ready
S1991,8.49,52,49,32,39,47,36,71,72,51,69,37,52,99,40,26,58,32,71,89,51,64,65,85,54,84,3,3,2,0,31,15,Moderately Ready
S1992,6.67,35,30,31,95,78,78,40,38,52,27,64,69,84,30,58,30,17,75,46,91,87,43,76,95,84,3,2,3,4,408,6,Industry Ready
S1993,8.04,61,59,45,37,59,61,85,51,74,31,39,50,71,88,95,28,83,99,96,69,90,54,46,93,72,0,0,5,4,498,15,Industry Ready
S1994,7.05,47,53,35,67,48,82,51,71,97,70,54,87,53,56,25,66,73,99,75,86,69,92,74,56,72,2,5,0,6,421,17,Industry Ready
S1995,5.89,44,43,74,91,84,41,99,70,79,85,25,29,64,68,16,86,32,99,58,85,80,61,68,38,68,0,2,4,7,388,20,Industry Ready
S1996,9.44,69,65,34,57,89,61,43,92,37,60,94,41,20,88,24,69,65,87,61,58,72,86,41,63,77,2,7,5,4,356,11,Industry Ready
S1997,6.09,35,98,85,39,50,52,47,75,37,41,28,82,71,52,30,28,23,34,63,58,89,63,96,92,87,1,0,2,7,401,8,Moderately Ready
S1998,9.59,92,53,61,74,55,67,92,42,72,28,71,73,86,64,75,73,89,38,63,92,78,23,87,92,88,2,1,5,6,137,9,Industry Ready
S1999,7.42,96,89,78,94,57,67,64,64,74,97,47,70,95,27,68,44,26,45,95,49,67,96,73,88,52,3,3,3,7,180,3,Industry Ready
S2000,6.3,40,84,42,96,68,59,65,86,88,98,38,23,75,25,57,42,29,98,60,40,57,43,74,62,57,2,4,0,4,210,5,Industry Ready
S2001,7.83,72,53,59,38,62,48,57,59,54,30,82,56,77,34,98,76,21,64,82,96,49,90,70,73,98,2,4,1,4,417,18,Industry Ready
S2002,9.25,46,53,54,34,69,72,97,86,49,32,26,90,69,34,82,94,82,29,52,91,98,38,51,91,74,3,2,2,6,29,17,Industry Ready
S2003,8.65,33,83,89,39,58,72,62,93,39,75,56,82,44,28,93,96,81,45,99,46,91,69,40,98,86,2,5,5,3,415,11,Industry Ready
S2004,8.97,92,55,88,41,49,38,93,64,73,47,55,70,31,80,59,57,50,27,45,94,41,37,86,64,98,2,4,3,5,138,17,Industry Ready
S2005,8.33,97,95,57,87,49,96,44,38,74,83,36,27,92,75,19,69,94,99,67,94,82,47,68,84,98,1,1,5,7,85,20,Industry Ready
S2006,8.48,70,67,87,50,41,44,60,91,41,83,56,20,84,24,61,54,41,51,71,50,89,48,40,88,41,1,1,5,5,157,2,Moderately Ready
S2007,9.15,34,94,49,50,54,69,51,97,67,89,79,27,75,45,94,84,46,40,52,92,82,92,40,57,64,1,2,5,1,0,17,Industry Ready
S2008,6.57,61,80,63,94,54,57,74,66,71,74,68,74,69,99,77,77,27,64,73,43,53,64,54,52,97,3,4,5,4,5,1,Industry Ready
S2009,7.6,99,64,34,32,33,99,57,85,66,56,75,28,47,76,39,77,38,74,71,75,52,26,97,88,99,1,4,3,1,77,18,Industry Ready
S2010,6.45,64,72,89,98,33,59,69,97,77,52,53,70,22,54,43,24,16,31,93,60,40,64,42,62,45,1,6,3,0,183,16,Moderately Ready
S2011,9.75,51,58,72,93,38,87,43,35,97,44,49,35,57,29,87,81,49,67,53,61,71,45,53,42,64,3,6,1,3,194,10,Industry Ready
S2012,9.56,94,66,86,78,44,51,79,53,70,42,46,72,83,99,95,97,15,78,71,49,64,89,93,66,92,3,0,0,7,57,12,Industry Ready
S2013,5.67,51,87,86,46,55,91,71,69,83,79,70,78,73,40,74,24,29,93,84,62,49,68,49,40,59,3,2,4,7,486,8,Industry Ready
S2014,8.53,40,83,83,61,61,54,53,97,59,75,28,64,55,31,69,32,64,89,44,44,54,37,42,74,99,3,0,4,4,206,16,Industry Ready
S2015,9.48,32,68,74,99,81,59,61,60,43,82,39,56,63,28,17,69,65,56,74,87,90,59,59,85,53,1,7,2,5,94,12,Industry Ready
S2016,6.28,38,71,66,50,61,76,47,47,52,27,66,85,63,35,84,23,82,50,95,99,68,37,89,81,89,0,1,0,6,255,20,Industry Ready
S2017,7.94,89,57,77,36,38,79,91,57,56,36,38,83,88,92,74,11,62,22,43,51,56,66,94,41,43,2,5,2,6,379,12,Industry Ready
S2018,9.44,43,58,83,36,42,65,94,69,49,76,87,55,72,73,78,52,82,88,53,96,81,20,75,61,47,1,2,4,6,146,1,Industry Ready
S2019,5.65,47,72,77,56,85,99,46,46,41,94,96,95,32,42,66,80,81,78,57,69,93,52,66,88,73,0,7,1,7,444,16,Industry Ready
S2020,8.5,52,32,35,37,73,86,43,43,47,81,31,69,63,58,54,25,90,52,50,96,79,58,88,48,67,1,5,5,3,317,4,Industry Ready
S2021,6.78,76,39,63,57,59,55,61,78,70,30,92,72,23,41,58,95,97,55,58,72,62,42,91,56,95,1,0,0,7,469,13,Industry Ready
S2022,9.47,98,88,92,95,45,64,97,95,50,86,98,76,89,74,83,37,96,93,41,76,46,33,75,90,41,3,5,0,2,326,16,Industry Ready
S2023,9.68,76,43,77,76,41,37,63,55,75,59,98,38,70,50,71,41,42,22,73,57,89,63,86,94,56,0,1,2,7,218,5,Industry Ready
S2024,9.56,59,76,52,39,95,77,56,41,55,59,24,45,89,93,48,80,31,94,42,43,98,56,50,85,43,1,5,2,1,418,8,Industry Ready
S2025,7.54,54,71,42,62,47,63,53,45,62,75,88,87,30,66,86,95,59,22,68,66,75,90,42,50,94,2,4,1,5,170,11,Industry Ready
S2026,9.21,57,61,76,36,42,37,72,79,51,72,44,62,73,46,30,11,95,78,62,86,45,95,63,40,87,3,2,0,7,4,19,Industry Ready
S2027,9.13,54,61,73,32,53,92,73,66,99,47,50,77,81,67,62,81,36,73,97,62,41,56,78,35,73,2,0,4,5,127,11,Industry Ready
S2028,6.87,87,71,61,43,41,67,49,70,47,61,65,96,78,58,54,16,57,47,87,97,84,47,49,46,66,0,6,4,5,45,6,Industry Ready
S2029,9.06,70,61,55,73,89,79,88,71,70,65,53,78,80,40,37,47,75,28,40,45,71,26,65,58,58,1,5,3,6,290,17,Industry Ready
S2030,5.66,54,55,82,75,89,66,66,75,92,37,60,65,59,34,62,57,22,45,81,46,92,71,90,77,67,2,5,4,7,355,19,Industry Ready
S2031,8.06,77,30,43,90,30,86,80,83,54,42,97,87,23,64,18,94,11,48,45,58,83,36,71,68,77,0,3,5,4,100,4,Moderately Ready
S2032,6.49,39,85,81,65,72,98,95,49,86,45,87,59,46,38,84,95,55,29,98,85,44,81,91,91,73,3,5,5,1,123,10,Industry Ready
S2033,6.02,40,31,65,42,84,74,86,47,40,48,57,32,35,72,80,91,80,46,56,54,58,56,47,55,71,2,4,3,1,214,13,Industry Ready
S2034,5.83,50,59,37,45,69,47,68,87,57,71,65,28,26,74,70,82,20,82,58,92,41,33,86,74,80,0,5,3,7,419,6,Industry Ready
S2035,8.49,74,81,69,34,93,63,69,67,76,94,88,85,30,68,36,11,35,81,83,87,82,70,52,67,70,0,7,2,2,259,10,Industry Ready
S2036,6.96,36,38,51,67,63,97,71,66,58,65,46,72,91,97,31,51,72,37,91,61,62,74,97,67,45,2,0,4,6,444,1,Industry Ready
S2037,8.62,93,51,45,79,63,60,95,82,39,20,62,95,83,80,39,51,58,72,87,71,79,76,42,62,45,1,7,3,1,257,16,Industry Ready
S2038,5.78,93,63,89,67,77,93,83,91,66,82,97,23,71,79,93,90,72,36,95,54,43,23,92,99,67,0,7,4,0,100,14,Industry Ready
S2039,6.86,31,78,89,85,62,83,43,96,80,35,90,33,25,95,24,29,30,68,41,98,43,68,92,80,47,2,0,4,7,162,20,Industry Ready
S2040,7.82,71,30,39,92,97,87,53,36,51,44,64,27,67,43,24,15,58,45,54,45,50,54,54,67,40,3,2,4,7,45,0,Moderately Ready
S2041,8.9,83,82,54,77,59,65,62,50,61,81,37,81,88,58,62,20,88,24,62,45,85,72,92,70,55,2,6,1,1,3,12,Industry Ready
S2042,6.87,45,69,60,88,58,46,60,42,57,99,51,64,25,80,85,78,89,92,58,96,80,51,60,88,81,2,6,3,6,250,5,Industry Ready
S2043,8.19,47,74,50,73,52,92,72,53,68,35,21,86,80,42,90,83,18,63,72,45,59,29,96,84,58,0,6,5,6,383,1,Industry Ready
S2044,9.31,88,97,62,84,63,70,74,66,55,88,60,81,85,91,32,96,30,43,45,51,97,81,81,85,57,3,3,4,6,443,1,Industry Ready
S2045,8.15,45,38,60,84,44,44,59,66,56,89,39,97,92,98,79,49,62,76,89,41,53,21,68,86,69,1,7,2,6,47,19,Industry Ready
S2046,6.5,35,51,50,30,82,40,57,59,99,53,77,89,98,58,25,45,64,26,58,64,99,82,92,55,55,2,4,1,2,375,9,Industry Ready
S2047,5.6,86,47,65,37,46,41,99,87,66,99,57,55,72,91,96,60,50,39,69,43,74,95,86,64,72,3,4,3,7,3,17,Industry Ready
S2048,9.24,76,72,94,33,93,65,56,59,96,72,20,20,47,30,74,56,15,75,61,94,98,35,66,49,98,3,6,0,2,197,11,Industry Ready
S2049,5.59,77,68,33,82,90,37,98,67,62,42,88,79,24,61,54,26,10,91,42,45,84,35,69,43,67,2,6,3,5,50,18,Industry Ready
S2050,9.26,71,35,97,87,86,81,92,65,41,62,73,93,77,44,16,35,73,38,99,96,53,22,98,66,86,0,2,1,4,16,12,Industry Ready
S2051,7.77,89,77,33,66,66,35,62,70,88,63,33,32,43,53,54,62,14,83,44,81,88,37,53,57,55,1,2,2,0,259,7,Moderately Ready
S2052,9.54,33,36,38,78,36,79,38,83,48,51,44,31,50,41,48,57,35,62,69,90,42,61,80,61,50,0,2,1,6,341,15,Moderately Ready
S2053,8.93,31,98,59,96,37,88,35,78,89,42,28,94,60,21,59,36,10,63,42,95,54,51,96,76,45,1,7,4,7,184,10,Industry Ready
S2054,9.79,88,45,74,48,97,84,60,82,92,39,80,36,87,70,58,55,10,44,99,76,60,69,54,42,53,3,7,5,1,468,19,Industry Ready
S2055,7.01,56,30,33,30,50,41,67,64,78,38,71,66,65,35,57,76,95,36,78,77,41,68,85,45,87,3,7,5,5,459,3,Industry Ready
S2056,8.8,56,66,98,58,90,97,61,47,80,91,27,72,29,30,58,28,47,58,78,53,60,22,86,55,75,0,3,1,6,134,16,Industry Ready
S2057,7.23,36,66,52,62,58,49,76,77,48,48,35,86,56,97,49,81,50,44,67,86,96,91,98,78,61,1,6,0,2,431,7,Industry Ready
S2058,7.56,92,93,45,81,54,64,98,50,78,37,27,29,40,88,48,90,92,58,40,58,49,24,85,73,79,2,7,0,2,347,0,Industry Ready
S2059,8.2,75,91,51,70,87,70,59,60,75,88,42,65,40,81,66,74,37,58,61,90,66,76,81,67,62,0,2,4,1,237,19,Industry Ready
S2060,9.26,92,90,77,52,43,39,38,81,36,31,92,23,99,38,91,80,14,78,84,46,93,63,83,89,70,1,3,4,7,332,2,Industry Ready
S2061,9.73,41,62,91,34,95,59,46,71,39,29,53,76,29,48,72,45,30,85,84,93,86,44,91,47,67,2,3,0,1,490,12,Industry Ready
S2062,8.8,42,95,89,86,83,45,92,37,46,56,37,57,43,61,65,76,72,35,86,57,58,89,53,70,58,2,1,5,4,490,0,Industry Ready
S2063,7.3,72,59,34,35,96,62,45,60,81,74,63,31,31,42,95,92,95,72,90,97,92,42,64,60,90,1,2,2,4,160,1,Industry Ready
S2064,7.31,46,49,36,78,59,94,93,49,69,23,34,50,39,79,11,51,93,97,78,83,51,29,66,72,61,3,2,5,0,487,4,Industry Ready
S2065,8.67,92,89,80,51,47,44,70,62,53,82,34,21,89,92,35,76,21,48,56,47,88,29,86,57,40,0,7,5,4,332,7,Industry Ready
S2066,6.53,65,53,94,33,83,84,56,72,97,31,42,20,27,37,32,78,15,85,81,67,55,52,83,42,42,2,4,1,4,195,16,Industry Ready
S2067,5.98,37,33,38,93,50,73,99,78,42,37,84,44,97,74,27,58,38,29,90,60,47,92,41,48,47,3,2,0,7,127,1,Moderately Ready
S2068,7.02,98,66,74,66,82,71,84,87,57,27,90,24,24,37,92,46,70,21,67,94,96,37,90,58,52,1,3,4,6,439,7,Industry Ready
S2069,6.74,65,33,76,60,45,97,38,38,47,51,51,67,73,46,97,55,44,32,97,74,76,86,56,74,90,0,6,4,7,280,10,Industry Ready
S2070,6.77,57,47,96,66,57,95,86,78,57,68,51,33,55,20,77,89,84,73,89,86,64,93,54,59,40,2,2,2,3,498,18,Industry Ready
S2071,6.5,76,95,53,74,33,72,77,80,65,82,52,71,57,33,69,65,61,21,69,49,63,46,66,59,68,3,0,3,1,83,12,Industry Ready
S2072,5.68,59,77,39,37,84,67,80,60,64,96,62,93,22,78,11,72,42,61,79,92,86,54,94,51,52,1,4,4,7,357,6,Industry Ready
S2073,5.58,52,62,77,69,44,79,38,47,76,78,32,40,55,97,58,87,34,33,47,67,79,81,49,38,81,3,5,2,4,162,18,Industry Ready
S2074,9.75,45,87,64,34,93,78,47,78,36,86,28,44,41,52,47,39,23,70,66,58,57,37,82,75,68,2,0,0,6,328,5,Moderately Ready
S2075,7.34,43,57,83,57,94,35,72,87,45,58,81,86,27,55,40,72,62,68,80,83,60,26,85,94,69,0,3,3,3,498,12,Industry Ready
S2076,7.15,81,64,45,38,45,87,79,85,59,69,76,69,80,58,49,85,70,57,84,74,99,90,48,77,55,0,0,0,7,93,16,Industry Ready
S2077,8.42,66,39,82,31,49,81,59,47,63,90,67,52,97,95,89,35,22,53,64,67,47,29,42,88,99,2,5,2,3,422,19,Industry Ready
S2078,6.44,58,94,69,92,93,67,89,75,56,45,62,36,26,64,62,32,24,48,98,85,58,46,63,86,80,0,3,0,5,22,3,Industry Ready
S2079,9.58,96,71,49,80,62,49,73,45,53,42,86,89,87,44,73,95,64,83,52,88,88,87,40,55,73,0,4,1,4,394,10,Industry Ready
S2080,8.88,44,38,98,60,98,48,99,71,75,82,51,53,81,34,42,29,62,42,73,98,69,95,77,58,94,3,5,2,2,78,16,Industry Ready
S2081,5.88,76,89,74,36,98,57,36,94,72,85,92,45,38,39,67,55,81,42,78,42,66,86,45,71,79,1,1,3,4,238,0,Industry Ready
S2082,7.3,75,44,35,59,87,88,96,66,63,58,79,61,66,53,59,89,56,35,46,78,75,74,44,78,42,2,0,4,4,116,10,Industry Ready
S2083,9.28,81,86,98,87,68,42,80,79,56,85,20,50,43,77,73,40,54,63,91,66,75,67,43,39,68,2,4,0,1,277,18,Industry Ready
S2084,9.56,48,98,78,32,65,88,65,52,42,65,76,70,99,79,12,76,84,79,61,96,65,86,42,95,69,3,1,2,2,336,12,Industry Ready
S2085,7.51,50,51,68,80,97,70,69,54,81,34,88,55,25,97,70,30,73,90,72,56,59,45,84,78,94,3,7,0,5,430,13,Industry Ready
S2086,8.14,93,93,31,85,50,86,79,78,40,35,88,32,27,49,91,60,24,84,85,54,91,59,69,40,97,1,3,5,7,267,15,Industry Ready
S2087,6.22,66,70,68,39,92,40,88,70,41,91,87,99,44,32,19,48,30,38,77,91,80,90,75,37,91,0,3,2,0,242,13,Industry Ready
S2088,9.76,56,85,50,90,35,62,63,71,70,35,80,32,93,97,75,72,45,64,70,81,98,65,62,99,73,2,1,5,4,418,6,Industry Ready
S2089,6.5,84,52,69,79,53,84,42,67,42,58,27,51,60,86,60,78,79,20,84,78,53,93,46,65,43,2,5,2,7,289,4,Industry Ready
S2090,9.55,58,54,83,76,82,72,88,53,80,30,26,24,77,64,39,29,34,31,72,61,72,86,90,89,87,1,7,5,4,128,8,Industry Ready
S2091,8.29,49,35,41,30,79,64,41,85,98,55,56,31,79,59,34,32,53,44,92,59,48,30,71,79,47,3,5,3,1,248,10,Industry Ready
S2092,8.11,54,63,66,86,41,88,57,66,65,37,61,78,22,99,52,51,10,29,91,66,62,70,82,89,86,3,4,0,0,159,17,Industry Ready
S2093,7.7,99,92,67,67,85,80,66,56,57,42,51,60,28,57,97,82,51,85,61,74,84,51,49,94,87,0,6,0,3,387,8,Industry Ready
S2094,6.49,92,38,44,91,44,62,96,35,95,96,36,56,71,94,73,12,68,52,66,93,69,91,90,65,57,1,1,2,2,407,8,Industry Ready
S2095,6.26,65,89,36,99,69,51,79,88,84,68,47,87,77,66,68,36,42,21,66,86,92,39,90,73,61,2,0,1,0,454,5,Industry Ready
S2096,6.45,31,78,79,94,70,82,64,54,80,61,89,67,79,48,71,83,41,23,60,91,89,24,76,82,49,0,7,4,5,331,19,Industry Ready
S2097,6.3,51,80,94,91,98,78,73,92,77,63,67,62,68,53,19,89,75,42,92,44,81,60,72,61,90,0,7,4,4,405,20,Industry Ready
S2098,8.85,45,89,96,85,98,94,39,69,44,20,73,60,24,30,73,33,34,60,74,41,67,32,65,50,53,1,1,1,7,240,5,Moderately Ready
S2099,7.01,47,99,73,96,35,94,56,95,54,26,61,75,81,39,69,96,49,57,97,80,97,94,82,86,90,0,2,3,3,418,3,Industry Ready
S2100,5.75,98,66,60,46,96,39,62,97,50,67,55,88,51,39,99,18,67,75,86,89,70,22,84,38,93,2,0,5,6,468,10,Industry Ready
S2101,9.67,83,60,72,37,62,41,56,95,37,35,85,30,46,92,97,11,84,95,89,84,65,34,70,76,85,2,4,1,6,412,1,Industry Ready
S2102,9.3,59,70,77,89,72,87,63,91,64,67,50,28,43,75,29,15,73,63,94,59,75,75,69,88,70,2,7,5,1,112,11,Industry Ready
S2103,9.49,74,91,90,69,50,51,77,37,52,97,84,47,57,42,58,80,28,83,49,95,98,62,62,43,74,3,6,1,4,400,7,Industry Ready
S2104,9.78,48,87,39,91,94,93,76,79,93,62,22,41,86,44,83,88,98,43,86,46,86,93,68,59,85,0,7,3,1,155,12,Industry Ready
S2105,6.25,63,43,58,70,46,43,94,49,69,70,32,94,35,52,36,30,37,60,67,75,75,86,47,92,41,0,6,2,7,489,3,Industry Ready
S2106,7.2,42,65,77,41,37,56,93,51,53,85,50,25,34,50,60,96,83,47,79,47,91,65,94,52,41,2,0,5,2,302,8,Industry Ready
S2107,8.76,72,65,91,83,93,79,40,49,60,50,48,45,44,93,66,38,89,81,76,66,50,67,55,78,74,3,3,0,1,424,15,Industry Ready
S2108,8.49,91,37,42,40,57,93,62,39,69,58,76,35,91,98,88,22,51,34,80,45,51,97,95,83,73,1,3,5,0,16,1,Industry Ready
S2109,6.16,51,55,73,89,42,47,65,80,91,28,52,33,23,20,88,78,91,81,72,63,84,55,48,78,68,2,3,5,7,3,18,Industry Ready
S2110,9.01,81,65,76,97,42,46,73,45,83,60,72,54,51,73,46,51,95,29,90,75,41,42,43,72,45,1,6,4,0,40,4,Industry Ready
S2111,6.47,81,77,93,75,67,70,84,98,44,82,29,61,64,35,12,10,59,48,47,44,79,74,58,99,43,2,0,5,6,133,19,Industry Ready
S2112,6.46,65,57,82,67,54,44,71,48,63,33,82,72,75,78,38,29,85,50,76,59,43,74,78,44,40,1,6,4,2,462,13,Industry Ready
S2113,7.81,48,97,73,90,91,50,49,73,58,77,92,41,54,85,77,52,57,82,89,94,71,73,83,97,74,3,3,4,6,427,10,Industry Ready
S2114,8.05,67,91,57,46,52,53,85,89,77,93,84,72,72,22,56,10,66,37,97,59,80,84,80,80,87,1,5,1,2,151,2,Industry Ready
S2115,7.99,99,80,31,95,50,40,57,76,73,83,21,85,49,34,89,49,18,26,80,92,73,70,52,36,86,0,5,2,2,53,19,Industry Ready
S2116,5.89,86,71,86,65,83,38,59,39,59,47,21,32,68,51,78,16,39,46,72,80,94,51,51,54,65,1,4,2,7,199,8,Industry Ready
S2117,9.27,49,58,86,36,92,64,80,86,68,23,88,30,71,69,30,44,27,28,58,79,44,39,48,37,68,3,4,5,0,360,4,Industry Ready
S2118,6.64,38,39,63,45,59,80,57,56,87,53,93,31,21,79,51,61,54,39,69,73,44,55,51,70,50,0,0,1,4,346,17,Moderately Ready
S2119,6.06,61,68,87,43,97,61,44,78,89,23,56,72,78,27,30,43,97,69,53,78,94,51,63,39,90,2,1,3,0,126,8,Industry Ready
S2120,9.32,33,30,81,54,61,79,66,93,87,89,21,28,56,26,11,59,92,80,53,99,43,76,87,54,43,1,1,3,5,286,8,Industry Ready
S2121,9.61,79,68,58,33,53,71,85,59,52,77,80,90,48,23,87,78,87,86,75,89,90,48,52,37,61,3,7,2,1,264,1,Industry Ready
S2122,9.21,34,50,64,58,36,43,75,55,41,23,59,36,49,29,78,38,75,93,46,49,80,65,74,37,72,3,4,1,2,209,5,Moderately Ready
S2123,8.98,49,94,77,85,30,95,99,98,97,69,82,80,41,79,16,80,20,36,91,42,51,54,71,81,73,1,6,5,7,308,3,Industry Ready
S2124,8.32,66,44,62,35,32,69,99,81,76,24,44,29,94,44,84,10,99,40,82,88,74,98,77,71,70,3,0,4,3,123,0,Industry Ready
S2125,7.87,51,33,38,30,57,81,74,69,45,94,57,57,38,61,44,82,81,92,73,73,76,93,53,42,49,2,4,0,0,1,12,Industry Ready
S2126,5.87,87,89,77,68,72,55,52,41,43,64,56,58,86,66,39,67,76,51,89,74,73,71,41,35,74,3,3,2,6,213,4,Industry Ready
S2127,7.26,97,90,96,30,75,51,70,90,69,54,46,49,37,51,53,74,24,67,71,76,94,34,93,79,92,2,3,4,3,403,13,Industry Ready
S2128,7.1,73,49,65,92,30,89,65,86,99,94,69,53,84,93,55,26,49,57,81,84,84,70,60,44,98,1,4,2,4,375,13,Industry Ready
S2129,6.62,63,39,73,86,67,40,88,80,39,94,53,52,24,92,64,71,22,47,72,84,67,50,70,77,67,3,3,0,0,361,18,Industry Ready
S2130,8.61,71,63,89,96,64,69,97,43,60,46,63,51,95,44,10,88,89,79,94,77,98,94,91,75,62,1,2,5,4,259,0,Industry Ready
S2131,7.63,38,77,92,94,83,84,35,92,85,21,91,31,30,35,63,51,95,89,53,85,46,35,74,46,88,0,5,3,4,229,17,Industry Ready
S2132,5.85,36,62,34,94,53,71,86,57,72,73,23,84,77,68,89,37,42,77,64,62,99,55,55,42,51,0,2,2,0,171,6,Moderately Ready
S2133,6.45,97,90,69,50,57,47,91,37,37,91,71,29,37,35,10,12,11,89,67,76,92,58,79,79,68,1,5,5,7,317,16,Industry Ready
S2134,8.44,48,39,48,59,51,59,43,95,93,98,74,38,91,57,72,14,43,72,81,60,79,30,65,35,41,1,7,1,0,268,2,Industry Ready
S2135,5.83,60,83,76,62,45,35,90,43,47,67,92,42,75,24,64,75,25,29,89,66,96,39,77,60,52,2,5,3,7,112,0,Industry Ready
S2136,9.16,64,94,94,77,42,83,81,87,69,96,31,76,41,26,95,63,23,21,78,95,91,75,96,65,75,2,2,3,7,147,0,Industry Ready
S2137,7.63,86,30,96,51,91,69,37,83,37,68,33,78,75,96,86,47,55,44,69,40,50,61,42,90,86,0,1,4,4,435,11,Industry Ready
S2138,7.57,90,34,47,83,72,87,36,82,87,97,54,73,85,27,36,89,59,57,70,48,83,66,76,71,65,3,6,1,5,133,12,Industry Ready
S2139,8.05,60,44,79,33,61,86,88,41,89,20,25,93,42,52,24,53,14,20,63,42,71,25,75,38,56,0,1,5,5,142,3,Moderately Ready
S2140,9.05,82,57,59,84,96,88,71,65,79,52,66,21,35,81,90,90,52,99,90,98,89,54,77,78,82,3,7,2,2,199,14,Industry Ready
S2141,7.0,61,52,95,73,86,81,90,90,78,54,42,67,63,93,18,85,27,95,43,77,89,27,41,83,72,2,0,2,0,63,16,Industry Ready
S2142,8.42,95,46,34,41,94,77,65,95,96,73,87,25,91,51,78,99,57,92,53,75,71,90,61,74,98,2,1,1,6,93,20,Industry Ready
S2143,7.93,88,42,71,81,98,54,46,39,59,75,84,62,87,20,68,66,73,32,48,73,98,56,42,44,96,2,6,3,5,419,5,Industry Ready
S2144,6.65,39,43,34,94,78,67,92,64,86,34,78,36,33,39,32,80,35,90,75,69,70,69,79,38,61,3,7,2,4,163,12,Industry Ready
S2145,9.28,31,40,79,94,62,50,60,56,84,88,28,98,28,74,20,33,83,20,45,70,87,35,86,55,41,2,5,2,1,130,6,Moderately Ready
S2146,8.93,95,57,87,39,48,41,46,51,35,23,77,55,94,82,33,89,79,50,63,69,59,28,81,76,49,3,7,2,7,346,4,Industry Ready
S2147,8.33,89,71,37,47,65,55,50,44,73,83,67,43,35,97,81,91,23,86,65,55,93,94,86,40,78,3,4,0,3,221,10,Industry Ready
S2148,9.16,46,90,60,76,99,70,87,76,86,41,82,80,32,98,63,68,75,75,73,68,45,79,65,45,65,3,6,1,1,122,4,Industry Ready
S2149,9.23,45,93,41,95,44,88,83,61,74,43,28,48,55,25,40,17,70,38,40,45,89,70,66,46,69,3,0,0,6,476,0,Moderately Ready
S2150,8.55,45,60,50,78,53,53,83,41,94,66,63,97,63,71,31,99,82,23,62,53,88,65,77,65,61,2,7,0,0,463,12,Industry Ready
S2151,9.1,75,39,91,51,56,59,41,57,54,94,65,77,33,21,23,91,86,47,56,49,57,90,83,65,50,2,0,4,6,39,11,Industry Ready
S2152,8.5,68,37,62,55,78,87,49,42,36,25,34,85,36,58,14,11,30,63,75,63,95,31,47,77,61,0,7,2,0,421,13,Moderately Ready
S2153,8.42,60,50,55,38,52,82,70,42,43,46,72,72,84,51,26,50,64,49,76,75,60,83,62,92,63,2,4,0,0,467,20,Industry Ready
S2154,8.16,30,88,69,50,62,76,49,39,73,29,67,89,73,70,91,96,11,55,89,63,42,40,45,84,97,3,2,1,0,44,0,Moderately Ready
S2155,8.74,40,79,94,92,70,81,96,36,64,58,91,28,21,88,92,65,12,72,97,46,80,24,64,75,68,1,1,4,5,189,12,Industry Ready
S2156,6.18,33,98,88,35,85,76,52,85,88,93,61,95,36,51,80,57,22,78,84,88,67,25,98,70,90,3,0,4,1,463,17,Industry Ready
S2157,9.29,55,99,44,43,58,36,80,46,92,56,36,61,42,22,99,31,30,87,59,76,67,62,96,78,49,1,2,5,6,212,16,Industry Ready
S2158,9.25,79,59,30,62,60,40,95,81,78,73,54,58,20,81,98,27,42,94,98,85,71,45,97,49,73,3,5,3,2,209,7,Industry Ready
S2159,5.63,41,46,40,53,94,80,77,89,77,70,50,88,31,32,91,88,29,23,98,87,78,73,55,68,85,1,3,3,6,104,7,Industry Ready
S2160,9.05,94,49,84,80,47,74,78,60,44,79,23,59,32,89,53,50,27,30,65,79,63,22,65,78,64,1,5,4,5,375,7,Industry Ready
S2161,6.05,76,77,31,31,35,92,89,79,82,91,67,78,97,40,88,76,98,72,50,87,93,30,54,67,60,0,7,1,5,94,16,Industry Ready
S2162,6.94,82,31,94,44,81,67,73,96,51,70,33,63,93,80,58,57,47,73,94,77,46,44,91,40,93,1,2,0,7,65,19,Industry Ready
S2163,8.7,31,66,73,64,69,96,39,36,39,81,44,84,31,33,74,32,34,64,59,64,58,31,86,74,98,0,2,3,4,23,11,Moderately Ready
S2164,6.19,53,30,45,65,94,46,91,60,98,68,65,93,76,90,13,11,47,36,98,82,40,84,71,40,78,3,5,0,4,261,10,Industry Ready
S2165,9.02,33,33,51,68,71,83,49,48,38,70,67,30,37,41,18,13,24,83,40,94,72,23,79,48,52,3,1,1,7,381,16,Moderately Ready
S2166,9.08,48,83,47,33,97,39,50,91,62,47,59,24,34,51,45,35,90,77,83,73,72,71,58,39,41,1,3,0,6,493,19,Industry Ready
S2167,7.68,55,54,76,93,61,85,91,66,72,55,69,96,58,60,60,28,38,32,52,40,50,84,53,79,98,3,0,4,4,336,6,Industry Ready
S2168,5.53,69,32,59,35,39,66,59,96,94,44,26,93,97,51,41,58,73,70,97,67,98,89,98,93,45,2,5,3,3,345,9,Industry Ready
S2169,6.73,79,38,39,86,98,83,56,64,81,55,79,68,92,61,97,83,41,71,75,80,99,53,92,77,99,2,4,1,0,494,16,Industry Ready
S2170,8.15,72,63,87,59,38,94,65,47,59,96,54,70,88,71,27,95,81,34,98,68,62,35,87,87,40,2,7,4,5,499,17,Industry Ready
S2171,9.72,96,72,91,96,98,80,68,74,74,79,82,55,52,73,24,62,52,23,83,71,89,94,83,61,96,3,0,1,1,484,16,Industry Ready
S2172,8.22,41,51,35,44,90,75,50,65,84,26,39,35,67,81,29,15,22,28,77,44,84,33,74,82,67,2,1,5,1,129,19,Moderately Ready
S2173,6.62,96,99,96,46,40,47,93,71,74,84,35,26,24,62,67,71,90,86,52,73,67,93,65,59,61,0,6,3,6,25,10,Industry Ready
S2174,8.23,56,31,70,47,97,52,49,79,71,92,41,63,27,22,49,10,94,93,53,98,93,80,91,42,50,3,5,0,1,43,8,Industry Ready
S2175,7.82,83,95,72,48,37,85,47,93,51,55,55,45,38,57,75,25,87,76,51,85,86,72,76,66,78,2,0,1,2,484,7,Industry Ready
S2176,8.85,95,61,47,98,78,70,58,62,96,92,38,55,71,58,98,61,34,48,92,91,56,77,52,95,99,3,1,3,0,0,10,Industry Ready
S2177,5.96,78,45,87,53,53,68,47,95,75,49,21,72,31,89,22,16,58,66,91,65,49,82,86,35,44,2,1,5,4,129,3,Moderately Ready
S2178,8.77,45,30,89,77,62,46,99,53,76,66,87,63,91,64,22,97,97,24,73,52,47,32,47,65,57,0,6,5,4,224,18,Industry Ready
S2179,7.83,31,77,56,59,48,39,70,77,65,48,26,31,27,65,71,44,17,89,97,51,92,64,53,49,59,1,0,4,0,266,7,Moderately Ready
S2180,9.64,89,79,97,44,31,82,83,93,67,24,66,87,74,32,37,87,37,83,66,61,48,74,65,50,51,0,4,3,5,413,8,Industry Ready
S2181,6.97,83,42,51,76,84,74,82,50,77,84,68,42,53,71,55,77,92,78,93,48,58,52,86,91,60,1,4,0,4,33,13,Industry Ready
S2182,8.22,59,44,53,73,40,47,77,78,72,88,97,49,84,28,24,24,20,54,51,95,89,81,95,45,66,2,0,3,5,316,13,Industry Ready
S2183,9.51,67,82,69,56,46,60,40,44,75,82,62,82,94,76,94,66,64,24,77,45,47,58,69,52,97,0,6,4,4,346,0,Industry Ready
S2184,5.94,57,73,95,93,71,48,48,81,97,75,51,22,66,88,53,32,19,69,93,75,98,32,90,79,89,1,3,4,0,106,14,Industry Ready
S2185,9.53,54,37,69,70,90,45,64,53,74,36,36,99,54,62,32,92,68,79,75,49,44,92,79,54,80,0,7,1,1,417,7,Industry Ready
S2186,8.46,39,75,35,97,32,72,42,85,64,70,33,53,51,26,76,87,74,34,95,76,53,32,81,48,73,3,2,4,6,198,4,Industry Ready
S2187,5.79,89,98,47,34,64,91,88,47,81,56,51,68,70,63,87,95,14,43,40,98,84,35,52,61,57,1,4,2,5,358,18,Industry Ready
S2188,6.79,71,48,59,82,95,56,38,97,56,28,79,63,99,63,75,20,89,40,65,98,72,73,75,43,73,2,1,4,6,230,15,Industry Ready
S2189,8.55,69,67,50,37,30,50,94,50,89,57,79,60,25,87,59,13,93,21,79,71,82,49,50,47,41,3,4,0,3,257,9,Industry Ready
S2190,5.79,71,40,91,51,36,63,87,87,77,72,71,67,28,96,22,67,29,64,79,43,83,58,41,79,92,2,7,4,5,63,10,Industry Ready
S2191,8.0,76,72,39,36,49,36,49,69,95,32,85,90,59,63,11,49,14,29,60,91,77,83,69,42,53,2,5,1,6,93,4,Moderately Ready
S2192,6.99,66,49,42,51,72,88,35,93,66,72,23,27,67,98,85,67,76,64,71,95,51,89,90,90,78,3,3,4,7,239,9,Industry Ready
S2193,8.17,51,49,38,75,35,36,56,73,38,94,82,26,91,59,43,97,39,56,64,43,42,31,63,41,40,1,0,3,6,386,15,Moderately Ready
S2194,5.7,86,50,97,59,84,37,49,95,79,68,52,56,45,96,49,76,96,42,51,52,79,21,99,49,67,3,3,5,5,382,3,Industry Ready
S2195,9.25,56,86,68,45,50,90,56,84,54,89,20,74,56,62,78,47,43,64,64,55,68,52,92,90,80,2,2,5,7,449,0,Industry Ready
S2196,9.69,70,79,53,34,80,45,84,87,99,54,83,90,71,81,70,11,10,60,65,82,61,34,57,90,66,0,6,3,6,157,14,Industry Ready
S2197,9.67,63,55,63,96,75,66,82,80,94,35,56,69,31,62,34,96,36,84,75,90,73,71,62,71,69,1,4,3,5,100,6,Industry Ready
S2198,8.72,61,59,90,52,64,38,85,86,60,32,97,40,57,38,84,49,72,80,55,89,45,54,92,98,61,0,5,2,6,476,19,Industry Ready
S2199,6.06,95,60,70,90,37,43,51,63,57,30,89,53,87,68,86,93,43,25,53,65,74,57,45,51,51,1,1,1,0,162,3,Moderately Ready
S2200,8.76,41,71,34,34,97,90,85,39,74,21,26,68,35,84,72,65,41,84,85,72,78,99,85,55,40,1,5,3,4,121,13,Industry Ready
S2201,5.61,69,97,79,52,45,50,71,74,36,38,43,46,80,96,37,81,80,37,73,92,55,61,89,86,72,0,6,3,4,229,4,Industry Ready
S2202,5.6,39,90,33,54,96,44,83,36,60,64,87,27,43,44,94,44,55,59,88,43,70,26,50,67,80,2,1,5,3,149,16,Industry Ready
S2203,6.89,77,90,80,37,93,70,93,96,96,65,74,53,97,60,65,58,77,57,63,65,88,75,46,46,87,3,7,3,3,250,3,Industry Ready
S2204,7.6,49,99,81,50,31,58,44,92,78,66,22,37,36,42,35,76,92,64,47,48,83,24,86,80,96,0,3,5,5,228,4,Industry Ready
S2205,8.81,68,97,68,31,30,98,64,92,65,68,42,70,23,77,36,53,66,36,66,80,54,59,72,91,88,2,5,5,7,81,16,Industry Ready
S2206,8.44,89,46,37,51,87,90,55,69,60,98,55,31,69,62,35,40,31,32,78,50,85,80,97,54,40,0,5,1,6,317,10,Industry Ready
S2207,7.42,95,48,74,97,30,56,68,48,39,61,76,70,22,59,24,74,38,29,52,44,40,84,49,78,44,3,6,5,7,487,3,Industry Ready
S2208,6.68,94,80,57,93,36,86,84,49,69,52,67,82,27,49,59,85,54,50,68,92,97,85,60,64,87,3,0,3,7,108,14,Industry Ready
S2209,9.79,80,99,56,48,98,84,81,40,50,60,32,59,31,53,15,27,54,69,70,77,83,87,48,59,44,1,6,2,3,53,6,Industry Ready
S2210,7.33,65,92,94,82,47,81,40,50,65,88,80,41,54,29,77,97,76,42,82,91,59,84,94,65,46,0,2,3,0,481,4,Industry Ready
S2211,7.44,53,59,63,81,61,57,84,80,48,38,43,27,85,79,13,45,30,64,58,71,62,61,69,36,59,0,0,0,1,187,13,Moderately Ready
S2212,6.2,56,54,91,76,74,53,97,97,59,58,62,47,72,20,39,71,30,98,90,68,59,54,87,88,65,1,7,2,3,492,0,Industry Ready
S2213,8.92,31,55,91,83,62,86,46,46,52,26,52,69,52,31,86,38,69,57,49,77,71,85,87,48,88,2,4,0,5,112,6,Industry Ready
S2214,8.48,60,85,67,73,78,68,75,75,84,58,97,66,37,65,18,98,90,30,95,79,85,44,64,57,45,2,5,3,2,37,12,Industry Ready
S2215,6.45,86,51,55,36,62,63,65,53,54,53,43,75,77,94,51,32,38,27,99,67,87,25,64,86,65,1,3,3,5,285,12,Industry Ready
S2216,5.85,95,48,53,30,97,95,36,36,90,63,41,51,97,36,23,12,42,97,82,92,64,27,88,84,42,2,3,1,1,385,0,Moderately Ready
S2217,8.43,58,60,68,92,57,69,50,54,36,88,71,30,64,77,49,39,48,32,87,63,86,54,63,67,78,2,1,5,3,19,14,Industry Ready
S2218,8.31,44,55,50,68,82,39,35,43,60,87,25,40,34,57,12,90,71,53,79,95,47,72,51,43,53,2,4,0,6,427,1,Moderately Ready
S2219,6.68,41,71,76,48,73,41,38,55,57,82,38,45,34,25,50,54,99,84,73,58,92,38,46,42,88,1,1,0,4,463,7,Moderately Ready
S2220,9.59,57,70,77,60,84,75,81,42,66,90,95,33,64,81,42,58,80,94,85,93,72,28,98,41,53,3,7,4,6,67,7,Industry Ready
S2221,6.15,53,52,42,53,39,36,99,73,47,67,48,98,87,93,88,28,54,29,88,40,84,52,73,55,59,1,0,4,0,367,13,Industry Ready
S2222,7.36,50,76,32,98,43,44,86,71,47,22,83,33,88,29,69,73,67,95,88,44,69,27,42,87,97,0,3,4,4,204,3,Industry Ready
S2223,9.56,39,42,61,94,65,78,81,63,51,53,33,95,86,45,73,14,82,55,82,62,42,57,45,49,83,0,3,4,4,205,12,Industry Ready
S2224,7.3,47,95,64,62,63,69,84,69,92,28,49,22,95,77,71,65,91,23,40,92,63,51,98,86,48,0,5,0,0,8,4,Industry Ready
S2225,8.25,43,95,48,88,47,96,79,72,61,80,90,76,81,36,88,43,10,40,58,58,51,42,66,71,97,2,2,1,1,235,13,Industry Ready
S2226,7.21,63,45,43,62,45,54,76,69,51,39,40,26,63,72,16,82,20,80,40,41,70,53,58,38,45,0,5,4,4,397,17,Moderately Ready
S2227,6.68,87,57,77,61,66,69,90,37,72,59,84,58,39,97,85,57,95,57,95,99,46,65,47,95,41,2,7,0,1,266,9,Industry Ready
S2228,9.73,51,64,97,88,70,71,91,46,48,31,23,76,58,24,59,35,41,95,63,87,79,51,75,56,77,2,0,1,6,265,3,Industry Ready
S2229,7.26,99,70,74,70,54,88,67,66,48,47,65,84,58,86,48,14,83,58,64,41,56,20,78,83,80,2,4,1,0,477,6,Industry Ready
S2230,9.34,65,60,48,41,37,62,62,81,46,67,27,44,20,39,80,97,58,73,43,48,89,26,75,70,82,0,2,4,3,198,3,Moderately Ready
S2231,6.49,74,61,93,40,47,66,78,97,89,93,37,50,86,70,56,40,85,81,63,57,49,43,57,97,72,0,5,0,4,312,10,Industry Ready
S2232,6.42,65,83,95,48,97,45,90,60,97,94,79,29,66,65,79,33,39,38,78,55,54,21,46,72,83,0,3,2,4,5,10,Industry Ready
S2233,5.63,51,88,95,83,77,76,78,77,63,26,64,96,92,98,35,94,69,21,59,78,94,37,95,74,44,2,4,0,0,400,11,Industry Ready
S2234,8.3,90,70,74,86,99,57,68,78,79,33,91,91,73,86,67,31,19,41,72,48,60,75,40,98,52,2,1,1,0,268,14,Industry Ready
S2235,7.08,85,95,96,71,96,64,48,72,38,38,50,28,39,22,82,31,85,76,67,83,60,51,44,90,95,3,0,3,3,58,4,Industry Ready
S2236,9.22,62,83,98,60,47,43,63,63,50,73,47,98,28,42,60,94,30,22,82,90,99,96,81,48,54,3,7,4,6,302,7,Industry Ready
S2237,7.53,74,69,32,81,47,93,51,89,57,79,83,27,47,28,97,66,15,42,84,62,68,89,53,36,84,1,1,1,0,249,19,Industry Ready
S2238,9.66,65,57,67,31,85,62,43,86,54,86,56,38,83,30,61,39,47,23,74,72,81,29,95,97,94,1,3,2,7,379,10,Industry Ready
S2239,6.3,49,66,71,67,52,67,61,53,51,53,86,49,54,66,25,56,67,47,63,99,80,59,40,53,97,2,2,2,7,119,17,Industry Ready
S2240,9.24,47,94,69,61,64,81,83,69,86,60,98,28,59,68,57,83,17,97,79,77,40,93,51,43,73,1,7,2,6,259,17,Industry Ready
S2241,8.84,67,84,79,39,35,56,71,82,40,50,87,66,21,63,36,76,79,89,83,98,60,53,58,67,95,3,7,2,2,25,5,Industry Ready
S2242,8.81,96,33,64,37,55,63,62,94,73,58,54,65,22,32,42,48,72,89,41,73,94,52,41,95,48,3,1,5,2,31,17,Industry Ready
S2243,9.13,52,39,53,49,90,68,84,65,68,97,55,20,33,27,32,98,43,60,62,65,44,94,53,78,65,2,3,0,7,439,18,Industry Ready
S2244,8.77,45,76,46,49,44,76,89,37,88,71,76,22,87,82,54,75,58,56,72,56,54,76,42,99,69,1,7,1,5,450,13,Industry Ready
S2245,8.19,88,43,69,38,61,86,38,69,99,66,89,53,66,41,92,86,49,26,91,92,85,41,90,91,95,2,1,2,5,394,10,Industry Ready
S2246,6.06,98,67,95,44,41,81,53,86,63,39,23,44,73,57,92,38,95,96,53,53,65,67,74,58,99,1,0,1,7,373,6,Industry Ready
S2247,5.64,97,41,73,92,34,85,71,85,75,71,68,49,77,46,31,23,38,20,54,52,50,95,52,78,61,2,1,1,0,467,13,Industry Ready
S2248,9.46,50,74,52,50,93,79,38,90,97,90,58,20,81,45,51,13,18,53,71,61,94,51,88,40,64,3,0,3,7,441,15,Industry Ready
S2249,8.15,99,46,35,34,56,68,71,55,66,81,37,37,70,42,42,81,30,71,62,82,88,64,42,68,79,0,0,0,3,307,12,Moderately Ready
S2250,8.93,41,64,95,64,74,55,85,35,79,24,79,52,97,84,19,14,41,29,43,87,60,21,53,59,43,1,5,3,6,156,5,Moderately Ready
S2251,7.57,45,95,50,97,64,47,66,87,51,76,29,28,67,93,56,53,81,79,59,57,85,97,73,61,86,2,4,4,2,129,14,Industry Ready
S2252,6.0,43,70,64,77,55,88,79,40,77,23,42,26,46,66,88,33,64,25,70,59,45,74,84,52,67,3,2,4,4,234,4,Industry Ready
S2253,6.04,90,96,58,91,52,59,46,96,68,30,87,49,96,80,48,37,52,87,98,69,93,78,48,39,93,3,1,5,3,451,16,Industry Ready
S2254,8.45,75,58,36,64,42,55,75,81,35,38,78,96,74,65,55,33,19,91,46,74,43,52,49,78,76,3,6,4,0,479,4,Industry Ready
S2255,7.35,61,47,82,99,32,35,90,84,57,46,26,32,68,23,81,14,58,67,40,72,84,33,47,39,49,0,5,3,2,48,17,Moderately Ready
S2256,6.36,44,49,66,50,58,92,48,65,40,48,32,32,43,50,60,22,96,98,44,85,60,87,68,95,48,2,3,1,3,368,9,Industry Ready
S2257,7.61,73,43,52,68,95,47,88,98,50,37,22,61,29,23,34,91,93,64,53,56,95,85,93,40,98,0,4,5,7,404,18,Industry Ready
S2258,5.78,46,63,37,63,93,86,97,63,36,56,59,93,26,48,91,64,22,31,69,74,93,93,78,73,75,2,6,4,5,16,1,Industry Ready
S2259,8.0,70,78,77,44,57,57,99,49,61,80,30,97,36,92,24,90,95,89,77,51,56,78,72,42,40,3,2,5,6,108,20,Industry Ready
S2260,6.66,83,83,39,35,65,55,92,92,53,66,99,82,41,98,67,39,50,40,62,41,92,34,62,77,69,2,7,4,4,204,15,Industry Ready
S2261,8.93,73,60,53,95,35,40,55,57,62,39,70,88,78,63,68,92,88,94,46,73,70,50,47,75,50,3,4,3,7,95,20,Industry Ready
S2262,6.83,34,87,76,85,40,54,38,72,69,89,42,55,63,22,35,95,40,55,83,51,83,48,79,64,64,2,1,1,6,498,12,Industry Ready
S2263,7.46,56,71,82,78,67,74,80,75,83,68,51,54,30,78,50,58,41,42,78,65,62,94,77,93,50,1,5,4,0,386,20,Industry Ready
S2264,5.55,72,87,68,30,63,43,46,49,41,34,60,65,61,98,53,91,54,74,89,71,71,92,62,57,80,0,1,0,1,41,18,Moderately Ready
S2265,5.81,60,59,96,94,96,84,64,37,71,37,61,64,42,72,94,99,22,46,93,60,83,66,98,91,94,0,1,4,2,175,2,Industry Ready
S2266,7.19,46,54,95,57,75,62,94,35,59,57,57,75,79,30,31,24,34,39,55,44,95,76,89,59,44,0,2,3,4,115,17,Moderately Ready
S2267,7.56,83,92,35,49,58,45,99,45,75,41,86,24,81,25,46,39,94,34,48,67,75,77,75,82,66,1,4,3,3,350,13,Industry Ready
S2268,8.08,91,48,50,77,89,90,48,94,96,95,91,63,73,66,23,37,77,61,78,62,73,50,95,76,62,1,7,0,2,158,6,Industry Ready
S2269,6.75,61,37,65,94,83,69,78,99,75,79,97,47,32,26,13,93,24,23,94,87,91,72,82,63,96,3,3,1,5,125,11,Industry Ready
S2270,8.49,69,32,32,80,98,59,60,38,48,85,91,61,87,87,33,13,73,48,85,71,45,83,59,79,58,3,7,0,2,384,16,Industry Ready
S2271,9.2,42,96,71,72,38,53,50,59,88,45,94,50,46,20,75,77,94,74,73,44,77,21,95,75,92,0,4,5,0,347,11,Industry Ready
S2272,8.85,64,46,74,78,39,65,41,77,36,83,61,26,59,75,72,24,69,94,70,74,61,79,97,97,42,1,2,4,4,86,2,Industry Ready
S2273,5.67,34,43,73,54,97,84,66,74,82,77,62,26,93,96,74,43,17,68,84,97,72,67,87,81,47,1,0,3,2,115,7,Industry Ready
S2274,7.57,58,38,62,70,87,97,50,78,85,22,52,23,94,62,75,84,83,90,46,45,50,67,51,35,87,0,0,1,2,68,17,Moderately Ready
S2275,5.95,99,91,89,93,81,81,96,93,89,49,98,51,29,47,22,96,94,94,96,58,94,80,75,54,98,2,0,4,4,0,20,Industry Ready
S2276,6.54,54,50,99,90,63,35,64,57,46,38,56,47,34,48,36,52,26,73,90,83,62,23,48,53,88,3,3,0,3,335,20,Industry Ready
S2277,9.74,51,66,55,41,64,92,46,96,35,29,97,75,64,37,90,84,14,52,41,79,92,45,72,99,75,3,2,5,0,202,14,Industry Ready
S2278,6.11,95,40,50,98,62,44,80,57,93,65,76,23,72,92,26,70,22,56,45,45,83,41,45,70,94,2,2,4,2,35,18,Industry Ready
S2279,7.65,74,49,31,43,61,42,77,92,68,38,83,27,26,81,78,72,30,96,83,53,75,62,71,57,54,0,0,0,7,100,12,Moderately Ready
S2280,8.16,98,64,76,63,84,60,89,89,80,77,83,33,49,25,97,11,53,26,73,94,67,39,40,63,52,1,2,2,5,335,15,Industry Ready
S2281,8.52,30,82,59,77,37,68,79,67,93,25,79,49,97,35,66,61,85,43,56,42,87,67,99,78,69,3,2,2,4,186,14,Industry Ready
S2282,7.91,73,76,56,90,75,53,94,97,53,70,71,22,49,20,81,61,98,74,65,50,98,80,93,41,80,1,6,3,1,60,10,Industry Ready
S2283,5.54,68,81,49,64,43,35,66,94,62,33,91,21,46,41,82,24,62,30,51,78,58,42,91,65,49,0,1,1,7,331,12,Moderately Ready
S2284,6.9,83,37,79,94,37,82,42,95,74,77,87,29,68,65,27,49,37,97,59,80,98,80,63,72,98,0,3,3,5,221,20,Industry Ready
S2285,7.73,58,33,52,88,83,59,96,95,91,27,46,89,76,81,25,37,75,63,80,63,82,99,68,56,73,3,2,4,5,235,13,Industry Ready
S2286,5.88,83,56,42,65,50,58,54,55,85,21,78,90,83,42,60,64,30,84,97,82,82,82,47,88,69,0,7,5,3,259,12,Industry Ready
S2287,7.01,45,73,33,48,43,81,52,37,56,37,38,35,82,40,49,59,95,25,85,84,52,38,52,88,64,0,5,2,7,118,7,Moderately Ready
S2288,5.64,49,69,43,71,31,66,40,82,42,76,22,89,67,70,48,31,66,50,74,57,52,94,64,40,45,1,0,3,0,304,10,Moderately Ready
S2289,5.84,75,76,49,98,90,51,63,44,94,54,92,99,60,57,65,38,64,62,74,70,47,95,94,96,94,2,4,0,1,296,13,Industry Ready
S2290,7.21,96,73,42,48,46,95,38,76,99,85,58,95,49,47,63,81,11,31,93,49,82,32,68,63,91,0,4,1,6,229,18,Industry Ready
S2291,6.07,94,77,32,68,77,45,77,80,70,75,85,98,22,63,53,95,74,84,68,65,87,21,98,77,76,3,3,2,6,187,14,Industry Ready
S2292,7.94,87,81,76,98,37,72,68,43,63,62,92,41,56,58,55,21,86,71,87,68,52,70,63,96,56,3,2,1,3,199,9,Industry Ready
S2293,8.46,82,97,32,81,85,53,67,83,99,92,75,54,49,61,41,96,12,89,77,41,95,94,66,47,75,1,1,1,2,199,3,Industry Ready
S2294,8.94,30,40,30,41,46,51,49,38,90,91,25,98,73,61,57,47,68,49,70,69,74,20,90,98,79,0,2,2,0,376,6,Moderately Ready
S2295,6.36,95,33,53,76,98,47,74,94,38,27,47,68,26,79,70,11,93,96,79,78,66,60,65,81,71,2,7,0,3,276,5,Industry Ready
S2296,6.22,58,77,64,65,41,35,39,63,84,24,67,21,27,76,75,21,72,95,52,86,50,29,59,94,61,0,0,5,3,39,0,Moderately Ready
S2297,5.95,99,55,43,92,67,36,84,81,73,32,67,85,82,96,47,64,14,93,65,49,60,22,43,49,94,3,5,0,5,455,19,Industry Ready
S2298,8.24,37,68,96,80,47,50,88,97,69,26,86,38,82,26,52,94,75,74,61,51,47,27,61,39,72,1,2,0,3,348,10,Industry Ready
S2299,8.54,58,87,42,72,55,38,80,65,59,40,73,88,83,70,13,21,99,58,47,59,81,99,46,36,94,0,6,1,6,334,18,Industry Ready
S2300,5.64,80,48,76,63,66,91,45,85,78,56,35,23,49,96,14,18,27,93,79,96,65,55,96,72,61,2,4,0,3,77,2,Industry Ready
S2301,9.53,62,87,79,78,99,57,83,75,81,64,54,60,29,51,67,88,18,25,46,93,69,59,97,88,75,1,6,4,1,101,2,Industry Ready
S2302,5.72,32,57,55,47,70,36,57,70,74,71,94,75,88,26,46,41,31,75,44,80,61,58,93,73,57,1,6,5,0,457,0,Industry Ready
S2303,7.83,89,95,32,90,71,60,89,74,65,67,49,74,68,95,35,82,37,27,91,98,89,66,57,54,67,3,4,4,2,218,9,Industry Ready
S2304,8.55,64,39,80,86,70,41,39,94,77,81,67,50,58,59,18,97,69,74,40,58,88,79,49,54,52,3,3,0,7,167,13,Industry Ready
S2305,9.25,98,87,69,34,76,78,98,49,89,97,88,41,53,34,24,17,21,35,84,93,78,27,70,63,57,2,7,0,0,244,16,Industry Ready
S2306,8.57,49,43,97,53,43,67,69,64,50,70,27,94,29,78,97,37,46,21,93,45,89,93,65,69,62,3,5,2,5,410,1,Industry Ready
S2307,8.95,68,44,65,93,30,98,88,64,76,23,70,67,28,31,97,65,91,83,79,95,49,56,94,66,74,0,6,2,1,169,13,Industry Ready
S2308,6.96,33,62,80,88,46,70,37,61,75,75,29,99,79,96,98,91,51,30,50,62,65,82,86,51,57,0,7,3,0,359,4,Industry Ready
S2309,9.0,48,46,30,67,84,38,40,74,84,94,47,23,24,61,35,45,63,23,91,58,91,46,84,85,49,1,0,1,1,249,6,Moderately Ready
S2310,5.84,74,53,62,62,82,57,90,79,40,53,55,40,54,58,72,46,51,22,71,70,66,22,65,42,90,2,3,1,1,381,14,Industry Ready
S2311,9.35,72,59,36,39,60,59,36,81,87,64,79,60,30,82,96,41,76,34,46,72,61,58,64,55,97,3,2,2,1,482,20,Industry Ready
S2312,7.85,42,91,81,66,91,61,72,90,51,35,29,64,61,21,79,94,65,87,90,41,52,25,95,57,41,1,5,4,1,419,18,Industry Ready
S2313,9.01,42,42,40,40,37,85,90,88,91,28,33,27,99,48,36,48,55,62,68,54,78,29,91,85,53,1,1,3,3,138,20,Moderately Ready
S2314,7.44,89,91,56,53,59,57,39,43,50,99,82,28,39,80,63,58,14,28,69,50,94,48,57,40,71,2,3,2,0,76,5,Moderately Ready
S2315,8.27,86,76,43,50,95,43,80,99,86,35,66,37,70,48,92,27,65,44,60,65,46,48,63,86,98,3,4,5,4,34,19,Industry Ready
S2316,7.76,81,45,75,49,74,67,45,35,68,50,88,50,20,57,40,32,32,84,78,57,91,39,93,42,69,2,0,5,1,500,3,Moderately Ready
S2317,8.65,82,95,39,39,47,69,99,47,54,32,75,54,30,26,41,42,71,85,87,40,82,98,83,67,58,2,2,3,1,340,13,Industry Ready
S2318,5.85,72,72,53,76,74,84,44,72,90,24,25,49,80,49,11,82,22,74,83,71,81,85,54,96,44,3,7,1,0,292,0,Industry Ready
S2319,5.76,71,37,90,76,48,58,75,79,85,66,38,37,98,75,27,60,68,64,82,43,97,31,47,99,97,0,0,5,3,491,7,Industry Ready
S2320,6.56,55,32,47,44,97,58,78,74,87,58,71,60,58,55,37,52,97,52,96,61,51,32,82,97,87,1,0,1,6,139,19,Industry Ready
S2321,6.19,52,41,38,73,79,53,67,49,83,37,81,43,67,61,80,13,37,41,80,75,52,58,64,66,71,1,0,5,7,433,5,Industry Ready
S2322,9.25,72,45,46,91,54,73,90,84,38,39,68,67,47,23,96,89,90,61,78,68,51,58,74,89,97,0,7,1,7,408,14,Industry Ready
S2323,6.44,57,88,87,35,67,95,46,36,52,21,97,33,94,24,97,76,15,95,59,75,51,64,63,67,49,2,6,4,2,475,5,Industry Ready
S2324,9.7,38,78,42,95,65,59,36,87,70,59,30,38,99,65,34,81,70,46,61,98,77,60,85,72,44,0,4,2,1,318,14,Industry Ready
S2325,6.95,49,92,79,33,97,59,35,60,69,49,65,79,55,94,48,89,70,30,68,96,42,99,97,36,53,1,1,5,3,374,0,Industry Ready
S2326,6.28,85,91,35,52,85,61,99,67,64,29,88,41,89,21,58,11,54,61,85,89,47,62,79,44,78,3,7,5,5,107,9,Industry Ready
S2327,8.9,68,78,80,42,68,66,67,93,97,83,64,49,81,73,13,54,21,97,43,72,88,81,92,49,81,3,7,5,6,465,3,Industry Ready
S2328,8.33,80,80,65,60,92,45,70,60,55,61,77,34,89,78,61,92,44,97,42,78,70,22,77,95,82,0,3,3,3,265,13,Industry Ready
S2329,7.64,41,62,54,45,36,67,55,55,86,94,51,40,29,52,92,97,71,41,48,53,52,28,60,65,58,1,4,2,6,313,11,Industry Ready
S2330,7.89,84,59,40,70,87,53,70,83,75,72,29,45,24,41,77,89,14,28,44,87,47,63,93,72,50,0,6,1,4,102,19,Industry Ready
S2331,8.59,40,88,73,30,88,50,60,71,88,72,32,31,47,66,66,49,75,98,95,86,76,53,40,63,74,0,6,1,1,2,15,Industry Ready
S2332,6.48,55,44,43,41,77,45,81,48,64,59,32,26,78,25,22,11,84,76,42,76,63,38,65,77,78,1,5,2,3,196,19,Moderately Ready
S2333,9.78,71,52,58,85,34,89,35,41,90,35,55,94,28,43,74,41,77,50,64,84,67,37,49,57,85,3,1,0,4,310,6,Industry Ready
S2334,9.69,56,74,79,79,65,59,72,72,75,67,92,54,58,68,72,10,95,37,71,44,43,65,65,59,77,1,2,0,3,395,6,Industry Ready
S2335,8.3,40,91,34,49,54,68,48,79,48,80,38,87,81,70,80,27,74,31,72,89,55,60,41,62,61,0,6,2,5,461,6,Industry Ready
S2336,6.36,67,44,98,95,74,46,80,56,55,57,26,21,57,60,34,73,89,59,57,61,57,68,79,35,91,0,6,1,5,300,5,Industry Ready
S2337,8.42,72,75,86,65,48,55,76,78,59,63,34,39,43,86,32,41,75,64,84,44,43,71,53,54,98,3,7,5,4,168,18,Industry Ready
S2338,5.81,48,93,55,67,36,63,41,69,84,34,65,66,83,98,39,18,50,68,75,76,82,93,72,63,84,0,3,3,5,351,14,Industry Ready
S2339,5.63,93,75,35,51,87,85,89,94,87,80,97,31,62,21,70,64,36,20,89,77,79,62,96,42,85,0,6,0,6,169,9,Industry Ready
S2340,6.61,35,85,45,90,95,57,90,37,82,26,67,72,35,97,16,76,85,26,80,85,97,29,78,96,69,3,1,5,6,32,11,Industry Ready
S2341,7.49,75,73,89,79,68,67,97,89,82,49,85,36,85,62,63,33,14,21,68,73,72,57,40,48,91,1,2,5,4,325,7,Industry Ready
S2342,9.23,71,58,41,88,47,42,58,43,38,55,97,37,85,51,26,20,14,23,78,54,98,57,69,72,69,2,5,5,6,477,3,Industry Ready
S2343,8.63,94,91,32,49,30,76,38,62,58,30,23,43,88,31,69,37,95,64,86,87,84,66,76,37,86,1,3,2,5,5,6,Industry Ready
S2344,8.69,88,81,92,65,92,75,76,49,65,89,22,91,65,42,75,25,22,65,84,76,92,26,57,37,89,2,6,4,4,478,2,Industry Ready
S2345,7.33,81,83,93,44,32,97,62,65,63,48,22,56,40,35,47,21,89,86,41,66,66,31,69,89,50,1,5,2,3,385,7,Industry Ready
S2346,6.99,76,86,91,91,50,48,74,93,39,98,94,49,79,63,22,77,99,28,50,87,93,71,66,55,61,3,2,1,2,153,12,Industry Ready
S2347,7.1,36,95,35,32,59,96,85,88,87,25,88,71,29,21,61,99,18,76,98,40,75,52,99,69,49,3,7,2,0,47,12,Industry Ready
S2348,9.75,40,51,48,34,40,80,63,81,98,95,47,42,37,26,61,13,57,35,70,68,43,43,88,78,82,3,7,0,4,223,15,Industry Ready
S2349,5.67,90,49,47,85,51,87,76,76,69,70,42,56,60,40,41,84,41,70,43,47,75,67,88,78,58,2,7,0,5,312,15,Industry Ready
S2350,9.23,97,62,72,60,86,86,39,57,46,99,49,93,55,77,95,75,92,71,68,72,52,50,69,77,93,1,4,5,1,68,1,Industry Ready
S2351,7.99,54,54,32,64,32,41,75,99,81,57,81,43,85,42,18,40,45,28,93,46,90,42,84,75,54,3,7,2,0,173,2,Industry Ready
S2352,7.39,41,75,67,99,59,88,95,88,89,92,70,99,65,79,26,65,24,25,89,68,87,90,92,61,99,2,2,5,2,431,14,Industry Ready
S2353,8.62,55,86,97,55,74,45,89,45,72,41,60,69,42,44,91,59,18,63,96,70,99,91,75,62,74,3,5,3,6,40,16,Industry Ready
S2354,7.59,41,34,73,30,65,59,62,97,63,73,83,95,58,54,49,76,25,98,42,77,53,34,60,39,74,0,6,2,0,106,1,Moderately Ready
S2355,9.26,72,84,92,36,93,93,75,56,46,59,62,39,23,64,84,98,15,25,41,47,81,57,93,77,40,0,6,3,0,15,16,Industry Ready
S2356,9.37,80,90,71,65,83,61,43,88,53,26,95,66,60,26,63,10,81,24,83,70,76,47,55,97,86,3,0,0,7,179,5,Industry Ready
S2357,7.31,66,37,93,54,97,92,63,70,43,59,77,37,22,88,63,78,42,65,75,76,86,40,56,73,84,2,6,4,7,267,10,Industry Ready
S2358,6.69,75,45,83,88,79,45,72,92,63,43,78,45,72,51,37,48,51,46,53,98,45,46,57,44,86,0,4,3,2,270,4,Industry Ready
S2359,8.05,82,77,66,90,60,89,96,54,37,60,59,90,93,72,81,61,68,64,87,54,90,66,73,97,92,3,2,2,1,212,5,Industry Ready
S2360,9.42,42,90,33,58,58,53,88,50,64,70,65,62,55,88,59,45,45,60,92,93,53,75,60,43,57,3,4,1,7,356,2,Industry Ready
S2361,6.41,83,44,31,47,88,73,86,90,92,58,81,66,68,44,27,76,43,47,43,91,98,33,51,63,65,2,3,1,4,20,3,Industry Ready
S2362,8.18,86,94,73,70,65,45,68,84,87,62,68,62,46,96,22,21,11,73,83,97,82,40,70,62,99,2,0,2,3,408,14,Industry Ready
S2363,8.22,33,51,96,48,96,48,71,47,38,88,98,51,72,21,42,70,22,51,69,71,42,33,49,45,57,0,0,0,1,208,16,Moderately Ready
S2364,8.65,78,32,97,33,40,94,83,49,91,78,42,26,68,80,24,89,52,72,58,65,64,89,80,49,80,3,2,0,5,455,2,Industry Ready
S2365,6.07,36,83,91,94,40,70,76,61,88,44,63,51,20,28,95,81,83,90,58,87,73,95,94,58,57,0,3,0,1,413,15,Industry Ready
S2366,8.58,40,43,30,70,55,75,48,42,62,44,63,84,65,70,47,20,66,49,83,88,45,47,97,69,82,1,4,2,4,288,20,Industry Ready
S2367,9.41,83,65,46,44,82,36,67,84,50,92,38,77,81,21,15,23,16,72,70,50,95,56,43,95,57,3,2,1,6,449,15,Industry Ready
S2368,6.27,74,96,45,83,43,91,51,60,47,43,63,72,96,64,54,91,68,50,54,62,79,86,54,54,71,2,1,4,1,288,20,Industry Ready
S2369,6.52,52,39,38,93,93,94,66,70,90,81,30,53,85,51,68,63,68,31,68,73,40,52,92,92,77,1,2,1,5,243,0,Industry Ready
S2370,9.68,57,78,82,44,39,54,73,55,87,62,79,88,41,91,92,17,60,28,42,72,99,31,98,97,97,2,6,0,6,155,20,Industry Ready
S2371,6.28,86,94,88,79,60,56,44,86,82,78,57,75,58,99,87,42,12,86,58,56,85,31,94,94,66,2,1,2,6,89,10,Industry Ready
S2372,9.17,55,86,38,51,65,38,58,45,59,73,22,85,63,94,57,13,36,56,61,72,87,94,81,73,88,1,0,2,1,296,0,Moderately Ready
S2373,7.62,54,56,41,47,39,90,92,42,64,98,35,51,21,51,50,39,87,47,86,41,88,70,80,54,95,0,6,4,5,384,6,Industry Ready
S2374,6.56,83,34,70,31,55,92,98,91,37,45,28,69,94,27,92,93,63,45,59,99,47,54,67,92,68,1,2,1,0,62,8,Industry Ready
S2375,9.24,58,86,44,65,49,99,53,80,57,73,60,43,78,39,88,98,73,40,94,88,56,31,97,98,88,3,2,0,0,418,12,Industry Ready
S2376,7.41,65,44,95,49,73,92,42,36,63,80,57,65,47,84,83,63,43,29,46,43,52,38,46,48,80,0,7,4,2,431,19,Industry Ready
S2377,7.71,43,59,40,45,91,64,74,98,75,94,88,22,86,40,64,15,32,99,43,51,58,78,50,70,59,0,0,0,5,490,5,Moderately Ready
S2378,7.04,64,49,37,96,38,53,47,86,45,98,84,29,33,26,70,14,57,43,40,68,80,32,68,47,99,3,7,1,2,38,16,Industry Ready
S2379,8.05,59,66,84,59,53,96,61,99,55,63,54,25,35,28,11,87,64,44,80,81,74,38,73,35,74,3,4,4,2,147,19,Industry Ready
S2380,6.2,46,32,35,84,41,78,36,45,58,28,54,71,70,21,11,60,26,71,46,81,89,55,91,47,62,2,5,0,3,332,5,Moderately Ready
S2381,7.18,96,70,82,95,89,95,50,40,99,61,95,69,47,38,94,23,88,20,61,86,72,23,97,69,95,1,2,3,4,478,1,Industry Ready
S2382,9.67,59,68,49,55,45,55,48,98,35,48,67,77,72,79,85,43,71,72,76,82,84,32,91,42,51,3,3,2,3,165,2,Industry Ready
S2383,6.61,74,55,68,86,58,44,51,89,88,98,27,71,71,89,19,50,70,87,96,78,84,25,69,52,92,1,5,1,3,22,19,Industry Ready
S2384,8.32,80,31,63,98,61,64,94,78,68,99,46,32,44,78,85,98,70,97,69,81,83,63,66,68,74,0,0,2,2,395,5,Industry Ready
S2385,6.9,76,52,86,31,64,58,51,48,63,77,28,78,76,88,48,48,53,43,48,58,72,95,64,86,75,3,4,0,4,261,18,Industry Ready
S2386,8.83,82,52,48,85,72,82,79,39,37,82,49,58,28,64,11,27,80,46,97,96,81,99,95,92,81,0,5,4,3,215,0,Industry Ready
S2387,6.06,93,45,60,91,82,89,72,59,45,68,33,72,30,81,74,29,12,46,66,89,90,27,87,61,93,2,0,0,0,97,15,Moderately Ready
S2388,9.67,67,38,69,63,49,86,98,84,42,30,42,77,64,29,75,17,82,84,77,41,93,52,77,52,67,2,6,5,7,480,7,Industry Ready
S2389,7.45,93,42,43,85,37,72,40,36,96,73,48,39,21,84,96,35,76,58,95,46,78,71,79,91,76,3,0,3,3,6,15,Industry Ready
S2390,6.52,36,57,66,84,71,42,94,44,67,49,45,82,73,45,90,94,17,96,62,96,85,95,62,43,59,3,4,3,6,306,3,Industry Ready
S2391,5.82,51,56,73,49,99,63,83,36,42,85,34,29,53,79,61,36,35,55,51,85,77,32,95,98,74,3,5,1,0,269,14,Industry Ready
S2392,6.23,70,80,38,79,45,44,55,94,59,84,92,45,61,37,94,41,24,95,52,61,77,29,68,57,93,0,4,2,3,227,13,Industry Ready
S2393,7.74,39,93,87,54,98,83,57,79,60,77,92,38,96,78,53,51,14,88,72,50,48,53,94,93,46,3,4,5,5,15,0,Industry Ready
S2394,6.95,86,81,49,54,82,92,91,42,60,76,86,80,88,40,43,59,22,24,54,72,91,46,89,56,73,2,5,0,5,237,0,Industry Ready
S2395,9.06,36,67,79,82,74,69,98,92,51,56,35,96,30,65,82,90,88,29,55,93,87,77,50,84,45,3,6,5,4,150,3,Industry Ready
S2396,7.35,79,94,49,43,80,84,63,41,63,73,32,53,48,31,90,58,21,35,73,59,76,86,99,57,58,3,5,3,5,273,14,Industry Ready
S2397,6.57,81,47,65,89,35,74,61,55,77,92,43,63,24,97,54,74,72,72,48,44,86,63,93,86,81,0,6,4,6,220,5,Industry Ready
S2398,8.15,62,92,56,72,62,46,40,81,39,88,81,37,39,51,41,72,17,33,81,43,40,88,43,41,47,1,6,0,0,390,3,Moderately Ready
S2399,8.54,30,80,61,91,44,50,55,35,84,43,76,91,58,58,14,36,83,93,91,53,75,24,75,51,87,2,3,1,5,67,19,Industry Ready
S2400,6.22,82,38,30,98,43,82,75,46,90,82,55,35,93,74,87,84,43,48,66,42,81,56,70,37,69,1,1,4,0,280,3,Industry Ready
S2401,6.22,89,42,46,92,68,35,39,82,97,70,79,96,51,74,98,44,81,47,87,89,77,90,49,41,41,0,5,2,2,32,9,Industry Ready
S2402,5.66,63,69,38,31,92,99,49,38,91,34,92,45,48,29,95,47,31,36,54,57,94,75,93,75,55,3,5,1,0,50,6,Industry Ready
S2403,8.67,33,84,74,83,34,56,55,68,79,66,41,84,85,54,72,47,59,88,74,97,98,70,55,57,92,3,0,2,5,471,5,Industry Ready
S2404,8.35,46,72,95,45,81,49,92,66,71,92,22,85,20,99,78,51,21,85,73,66,41,75,95,71,85,2,6,2,6,278,3,Industry Ready
S2405,7.54,33,73,61,84,45,48,38,37,70,65,55,96,20,25,63,51,31,55,79,43,49,61,92,98,63,3,6,3,6,305,12,Industry Ready
S2406,9.13,72,97,74,72,67,53,41,91,67,49,55,46,23,87,47,58,67,65,69,42,93,32,69,52,64,0,2,5,6,148,10,Industry Ready
S2407,8.96,33,62,38,90,82,74,69,58,40,98,29,23,34,81,18,66,91,64,87,66,90,53,74,69,52,1,1,2,6,486,20,Industry Ready
S2408,8.02,30,53,59,67,82,38,70,67,79,39,40,70,66,28,70,63,28,28,62,67,62,53,83,57,94,2,6,4,3,62,8,Industry Ready
S2409,9.23,79,65,67,74,75,67,49,37,41,76,68,22,49,48,30,19,14,55,48,61,48,72,56,41,48,3,2,4,6,404,7,Moderately Ready
S2410,6.39,90,39,89,80,44,77,36,38,99,68,28,85,25,90,45,69,25,24,71,81,50,22,44,95,69,3,2,4,6,121,9,Industry Ready
S2411,5.98,64,49,30,71,88,71,91,64,58,75,98,35,20,99,10,49,50,98,74,68,75,93,42,83,48,1,2,5,3,367,1,Industry Ready
S2412,6.66,37,41,34,53,79,61,39,83,79,75,71,93,90,25,31,10,83,92,88,55,95,56,55,91,79,1,3,0,2,26,2,Moderately Ready
S2413,5.75,53,91,92,59,38,79,66,64,95,44,67,47,81,63,96,95,28,69,71,74,81,71,90,46,46,3,3,5,1,208,1,Industry Ready
S2414,7.78,65,47,65,66,55,84,75,50,53,28,79,63,83,83,96,73,74,47,84,58,77,25,43,49,55,3,1,3,0,500,17,Industry Ready
S2415,9.53,79,92,94,82,32,97,76,87,66,41,69,37,24,86,24,90,31,46,55,91,74,40,48,36,77,0,7,5,0,153,10,Industry Ready
S2416,5.67,72,54,53,92,76,40,99,40,64,96,58,21,73,63,55,21,26,66,71,69,52,64,43,81,71,1,4,3,0,274,19,Industry Ready
S2417,6.03,56,41,33,40,34,93,74,58,99,56,35,97,68,97,74,66,44,52,64,54,58,24,60,90,99,1,3,4,6,224,0,Industry Ready
S2418,7.44,61,50,97,52,91,47,72,62,66,47,47,63,26,33,15,86,48,57,69,44,74,22,49,48,68,1,0,0,3,57,4,Moderately Ready
S2419,9.52,47,54,54,79,34,55,76,55,91,33,25,39,22,28,49,98,82,27,76,70,91,39,92,61,82,0,1,5,4,250,6,Moderately Ready
S2420,6.86,57,40,36,84,39,98,71,42,54,49,80,75,95,42,44,35,64,23,76,82,69,95,70,38,90,1,0,2,7,239,17,Industry Ready
S2421,7.68,58,93,42,84,92,71,90,70,64,58,25,42,80,76,90,49,14,55,74,70,57,80,56,72,79,0,2,2,4,499,4,Industry Ready
S2422,5.68,45,79,97,33,54,82,89,43,93,76,85,79,98,76,70,52,82,50,84,48,51,54,55,36,90,2,0,2,4,262,19,Industry Ready
S2423,6.14,76,91,72,83,73,90,88,74,96,24,59,90,60,34,32,81,20,93,47,52,51,51,78,38,54,2,3,3,2,478,5,Industry Ready
S2424,9.74,88,78,86,90,54,78,56,85,65,31,90,64,40,83,29,22,87,68,79,82,60,38,86,58,50,0,0,2,2,230,0,Industry Ready
S2425,9.65,60,43,65,34,59,47,61,35,88,54,81,66,51,26,37,99,49,60,88,60,51,34,89,43,48,2,2,0,3,398,16,Industry Ready
S2426,5.52,33,30,43,47,43,38,81,97,44,60,47,97,31,39,46,65,97,27,86,85,95,93,45,53,55,1,6,0,4,65,17,Industry Ready
S2427,9.59,66,54,56,73,72,67,72,60,72,82,99,56,26,83,91,26,93,49,75,70,67,76,69,96,64,1,2,5,1,492,3,Industry Ready
S2428,8.25,46,88,66,60,57,71,73,74,65,61,66,27,70,38,16,97,13,33,93,40,68,45,54,75,71,0,3,5,5,449,16,Industry Ready
S2429,9.23,68,98,54,50,48,87,49,37,63,84,28,24,64,25,58,33,89,64,64,80,78,89,82,84,84,3,1,2,0,208,12,Industry Ready
S2430,7.46,77,34,96,76,71,58,95,43,59,84,71,42,84,70,93,85,98,65,57,52,80,21,91,99,49,1,4,3,4,481,4,Industry Ready
S2431,7.72,75,48,33,59,49,85,94,66,66,62,34,29,79,58,33,67,67,86,78,73,83,68,70,46,49,3,5,1,1,430,3,Industry Ready
S2432,7.6,77,52,45,84,40,75,42,38,51,79,53,46,94,84,89,89,74,35,49,75,90,67,69,73,69,3,1,4,0,45,4,Industry Ready
S2433,8.37,68,38,48,97,83,63,78,40,79,39,39,20,64,90,22,70,97,29,40,55,43,51,76,63,96,3,6,2,7,344,8,Industry Ready
S2434,6.1,33,79,58,98,53,93,77,60,83,82,97,90,53,44,16,89,73,87,97,49,70,22,55,92,59,2,4,2,0,495,12,Industry Ready
S2435,5.63,59,45,80,70,99,74,40,36,52,43,79,27,30,42,24,37,76,71,43,77,63,39,83,59,80,2,5,5,2,202,8,Industry Ready
S2436,6.82,59,62,47,74,46,85,61,37,86,94,77,30,52,77,96,76,43,69,65,80,81,56,92,83,99,0,7,4,6,43,3,Industry Ready
S2437,8.53,51,31,87,59,57,84,79,69,54,91,94,47,27,30,32,60,98,87,50,73,98,39,75,97,73,2,7,1,1,136,13,Industry Ready
S2438,6.37,95,43,73,74,79,70,57,93,96,54,86,53,64,53,78,97,67,21,54,64,90,79,41,61,40,3,3,5,4,70,1,Industry Ready
S2439,8.4,41,30,45,74,84,94,47,72,47,60,21,62,91,50,69,48,76,94,71,96,88,78,67,92,71,3,3,2,6,266,17,Industry Ready
S2440,9.67,65,87,94,74,39,52,98,67,77,35,69,47,97,57,19,75,16,98,54,40,57,61,87,43,79,2,3,2,4,114,18,Industry Ready
S2441,5.9,47,45,31,84,50,54,59,49,55,99,33,68,53,65,60,86,44,94,67,51,81,42,79,35,70,2,2,1,3,55,1,Moderately Ready
S2442,8.39,82,76,85,88,87,39,86,48,40,25,75,80,64,31,73,83,38,79,62,99,65,60,56,99,87,3,1,4,6,131,8,Industry Ready
S2443,7.41,30,73,57,34,63,52,82,79,87,39,88,56,84,28,80,49,34,69,42,98,95,92,80,58,93,0,4,0,1,380,13,Industry Ready
S2444,9.23,87,43,94,61,72,74,95,82,86,75,63,22,92,32,65,22,37,20,90,61,83,46,77,53,50,3,6,2,0,292,11,Industry Ready
S2445,6.26,35,53,34,35,40,35,51,78,43,94,65,28,71,83,41,28,97,56,71,99,94,65,75,48,97,0,1,2,5,345,19,Industry Ready
S2446,8.48,99,84,51,55,62,53,74,71,80,27,25,21,29,39,32,15,78,42,59,93,59,36,71,48,80,1,7,5,6,372,4,Industry Ready
S2447,9.1,73,44,42,66,87,60,60,63,64,25,27,42,62,78,63,27,36,68,95,96,47,21,93,66,96,3,4,3,6,289,1,Industry Ready
S2448,9.56,53,63,94,42,75,63,90,68,77,27,58,70,89,41,82,18,83,93,53,61,90,34,98,40,58,2,7,1,2,335,7,Industry Ready
S2449,8.44,48,31,45,98,90,93,74,93,93,81,63,36,30,84,94,90,85,83,74,87,72,94,64,57,89,2,7,2,3,104,6,Industry Ready
S2450,7.64,47,56,93,54,91,97,42,77,72,33,46,44,55,79,79,77,91,36,79,41,43,76,52,53,46,3,0,3,7,46,6,Industry Ready
S2451,8.16,59,52,61,42,30,96,79,67,68,22,35,95,37,60,99,63,17,90,81,84,77,60,53,36,92,0,1,5,2,29,7,Moderately Ready
S2452,9.24,71,97,80,49,50,82,51,53,80,21,58,46,82,64,93,59,47,34,48,47,61,92,83,75,68,2,0,5,0,117,19,Industry Ready
S2453,7.95,62,43,87,89,91,96,75,42,66,41,20,39,24,23,70,79,18,70,99,72,75,33,99,87,81,1,6,0,7,45,3,Industry Ready
S2454,5.63,41,92,75,50,93,52,43,65,50,89,70,92,50,89,88,20,52,46,95,44,87,27,64,61,77,2,3,1,6,335,0,Industry Ready
S2455,9.5,56,94,81,90,85,61,58,45,73,90,82,55,35,64,29,64,34,28,86,49,70,95,74,42,92,0,6,0,0,69,1,Industry Ready
S2456,8.46,68,97,92,55,30,40,45,42,35,25,52,47,85,77,62,51,75,83,63,42,47,26,68,77,75,3,2,3,5,32,3,Moderately Ready
S2457,8.41,38,92,89,83,50,93,69,59,91,69,69,48,28,42,24,99,26,82,80,50,48,86,54,67,72,2,2,5,7,49,8,Industry Ready
S2458,6.43,50,93,94,71,51,40,63,54,54,63,73,61,21,51,38,20,16,72,43,93,86,45,54,77,75,3,7,4,2,270,2,Industry Ready
S2459,8.33,58,61,84,40,83,65,42,72,76,27,46,77,56,82,79,81,31,61,51,69,57,22,86,64,65,3,7,5,3,275,20,Industry Ready
S2460,7.19,62,42,86,66,33,90,51,41,68,43,98,51,78,27,89,76,19,89,90,67,74,65,86,68,68,1,5,1,0,459,0,Industry Ready
S2461,8.3,91,95,55,40,94,88,46,73,84,46,38,31,77,98,74,11,99,54,63,44,99,23,79,54,68,1,1,4,4,382,4,Industry Ready
S2462,5.96,44,48,41,56,80,75,84,54,45,72,47,49,27,44,71,91,22,36,40,51,63,76,56,96,74,3,0,3,4,87,10,Moderately Ready
S2463,8.33,31,53,75,63,92,52,58,45,77,70,42,79,71,52,79,75,51,63,53,83,56,65,64,36,42,0,0,1,7,39,10,Moderately Ready
S2464,9.8,81,40,76,67,44,57,71,50,44,47,83,30,94,85,25,35,37,62,70,84,40,33,62,53,85,1,7,2,6,31,10,Industry Ready
S2465,5.71,73,88,67,90,65,70,45,76,42,78,58,30,96,35,63,85,68,95,49,68,78,22,85,69,44,2,4,3,4,488,14,Industry Ready
S2466,9.7,83,44,50,82,58,59,93,86,53,88,68,99,96,74,16,46,20,63,72,65,81,32,71,54,72,1,6,5,7,96,0,Industry Ready
S2467,7.25,47,39,43,94,81,41,89,71,99,92,78,69,92,55,69,99,18,57,75,68,54,27,97,75,50,3,1,3,5,111,10,Industry Ready
S2468,9.24,32,70,31,32,75,54,61,86,89,44,39,20,88,91,19,45,89,60,81,68,94,75,70,63,45,1,7,0,3,237,5,Industry Ready
S2469,8.86,36,56,99,96,98,39,94,43,86,63,80,46,71,99,62,25,90,44,74,53,52,21,62,49,41,0,1,4,3,11,16,Industry Ready
S2470,7.94,72,89,62,57,58,52,36,69,37,66,28,51,97,26,17,87,64,68,97,75,62,65,77,66,52,1,0,5,1,270,17,Industry Ready
S2471,8.68,67,81,35,43,76,67,52,41,87,32,42,25,53,88,94,75,14,79,87,74,68,50,56,47,40,0,5,5,1,186,10,Industry Ready
S2472,9.28,66,57,66,81,54,69,54,36,78,72,26,60,67,27,99,30,78,21,57,88,70,54,68,41,66,2,5,1,5,187,8,Industry Ready
S2473,7.24,87,94,43,59,45,99,97,59,82,72,50,55,43,22,46,16,47,84,64,47,76,81,41,88,79,1,0,5,5,71,11,Industry Ready
S2474,6.91,62,46,66,87,70,97,36,75,88,56,79,58,32,54,91,20,75,22,51,55,67,65,50,50,81,2,5,1,4,259,12,Industry Ready
S2475,8.37,88,73,37,83,94,75,76,86,50,82,80,49,69,55,13,65,92,33,99,82,71,43,55,44,54,3,7,2,6,26,2,Industry Ready
S2476,8.97,40,39,42,98,98,84,62,99,64,85,94,76,84,98,93,53,73,64,67,44,46,84,90,90,74,2,2,1,5,100,3,Industry Ready
S2477,8.78,97,92,69,44,49,64,63,72,62,59,45,30,90,49,92,63,34,53,92,55,53,63,56,72,69,1,1,2,2,441,20,Industry Ready
S2478,8.93,97,76,87,67,98,72,62,76,50,97,73,22,23,34,32,66,61,55,90,95,53,70,60,87,45,1,7,1,2,180,15,Industry Ready
S2479,7.37,51,67,47,43,65,69,94,88,85,80,50,67,83,87,18,67,47,34,48,80,71,65,98,68,73,0,2,5,4,461,3,Industry Ready
S2480,9.02,95,99,86,86,87,80,39,98,67,25,60,25,93,77,47,46,86,56,63,52,48,52,60,35,60,1,3,0,6,38,11,Industry Ready
S2481,6.02,73,82,67,88,77,42,49,38,59,44,47,26,58,47,54,57,28,29,59,47,93,83,45,93,71,3,3,5,1,398,9,Industry Ready
S2482,7.84,35,73,61,37,31,71,66,65,52,65,25,63,82,61,54,71,34,28,65,93,45,45,85,59,96,0,6,3,7,274,12,Industry Ready
S2483,5.52,71,83,95,48,58,47,86,47,60,50,53,80,77,37,27,48,57,69,44,65,90,58,84,66,94,1,0,1,7,116,5,Industry Ready
S2484,6.9,54,49,54,61,45,79,71,61,40,99,28,73,35,24,55,73,82,54,66,95,54,77,62,65,59,1,7,3,3,13,7,Industry Ready
S2485,7.08,86,60,87,58,64,63,49,93,72,82,31,70,81,28,11,77,70,65,67,44,69,45,97,37,74,1,4,4,2,326,10,Industry Ready
S2486,7.2,84,36,62,70,91,75,75,99,78,87,35,67,29,28,57,77,44,66,76,48,69,94,96,75,48,1,0,3,3,389,16,Industry Ready
S2487,8.49,45,87,95,74,33,90,38,98,77,58,90,80,81,37,26,36,60,37,79,77,55,86,71,96,91,3,1,4,4,417,5,Industry Ready
S2488,7.17,43,39,59,42,97,50,87,59,40,99,50,59,52,75,25,79,24,44,46,41,62,92,78,87,76,1,0,1,3,215,14,Moderately Ready
S2489,7.43,68,39,63,56,80,46,61,71,98,55,52,22,90,34,54,91,95,54,58,46,70,76,84,67,45,0,7,0,7,124,12,Industry Ready
S2490,6.52,57,68,98,48,62,96,55,48,47,26,26,49,61,98,57,69,86,99,93,69,93,89,77,47,49,1,7,0,2,280,8,Industry Ready
S2491,7.1,80,57,77,55,53,53,94,58,99,85,22,43,63,97,33,53,58,70,61,56,51,92,68,73,92,0,2,3,6,424,14,Industry Ready
S2492,6.48,78,59,69,82,54,64,98,82,72,74,39,86,65,81,74,39,39,74,57,97,60,27,70,63,48,0,0,0,6,88,18,Industry Ready
S2493,5.81,38,66,80,80,57,50,81,99,98,91,24,21,92,54,42,67,30,35,54,83,42,53,64,59,72,1,2,4,5,305,18,Industry Ready
S2494,8.09,87,96,42,66,36,47,88,72,48,61,86,63,93,59,13,93,98,31,72,70,42,88,41,53,98,3,3,0,1,110,9,Industry Ready
S2495,8.37,74,72,60,38,65,57,65,93,51,46,57,59,50,70,10,45,98,78,78,40,77,29,61,99,55,1,6,0,2,78,4,Industry Ready
S2496,8.16,51,81,68,81,39,96,51,46,47,21,98,38,24,79,42,14,95,92,90,67,61,41,76,50,71,1,5,5,7,169,14,Industry Ready
S2497,7.49,61,85,92,83,65,65,84,88,40,89,75,82,37,75,83,28,50,56,44,69,60,31,83,94,77,0,2,5,6,322,2,Industry Ready
S2498,7.13,98,97,77,32,47,87,41,85,40,23,42,43,25,94,71,21,12,51,79,86,90,48,54,91,87,2,5,0,0,355,15,Industry Ready
S2499,9.21,98,38,77,98,35,51,62,72,71,40,21,69,69,60,12,99,82,76,76,70,83,50,45,79,59,2,1,2,7,449,4,Industry Ready
S2500,7.73,71,52,90,37,36,83,44,80,91,20,40,39,47,73,54,69,33,41,98,63,55,25,97,86,59,3,0,2,3,21,4,Moderately Ready
S2501,7.56,82,92,41,43,41,83,61,44,87,57,97,76,43,36,30,92,26,64,44,70,57,26,72,40,42,0,7,3,6,155,1,Industry Ready
S2502,5.61,88,90,85,32,70,60,47,43,80,79,33,69,88,44,73,20,97,31,76,99,43,98,50,94,53,3,1,5,3,351,7,Industry Ready
S2503,6.97,68,69,47,53,92,47,94,86,38,95,81,77,47,28,82,62,17,24,82,92,59,32,92,71,60,1,7,1,3,358,16,Industry Ready
S2504,7.13,44,73,56,42,54,72,77,85,68,33,30,50,77,75,66,29,15,45,46,50,97,82,51,88,47,1,2,5,4,216,20,Industry Ready
S2505,7.21,58,53,57,72,82,56,97,56,97,98,23,56,86,42,49,82,18,39,41,81,84,43,63,38,91,3,2,1,4,0,2,Industry Ready
S2506,7.99,32,80,81,58,62,63,99,39,95,36,66,23,37,21,71,93,24,80,69,55,52,38,42,81,94,0,2,4,2,427,20,Industry Ready
S2507,7.79,39,87,45,80,35,79,88,63,76,92,39,77,23,64,52,36,73,27,88,48,70,88,69,71,85,1,2,4,7,406,0,Industry Ready
S2508,8.11,58,62,87,71,91,80,70,40,98,66,71,29,68,84,97,67,97,81,50,69,41,41,58,76,63,0,2,3,1,260,9,Industry Ready
S2509,8.79,64,45,38,60,95,73,49,92,51,75,35,82,51,57,55,14,59,73,91,51,69,79,84,82,86,1,0,2,0,111,15,Industry Ready
S2510,9.0,35,51,55,92,38,73,52,77,95,72,64,55,85,25,81,83,20,99,76,93,70,41,82,95,60,1,4,0,1,98,12,Industry Ready
S2511,8.59,41,86,57,55,96,54,38,71,64,37,27,74,77,67,33,18,55,77,78,86,67,36,94,96,81,3,1,2,5,74,5,Industry Ready
S2512,9.61,67,91,65,47,45,69,45,92,77,88,81,76,30,63,33,98,54,85,72,55,48,66,46,89,71,3,3,5,1,142,12,Industry Ready
S2513,5.58,48,99,38,86,84,42,40,71,41,67,40,62,84,98,19,86,86,64,48,72,98,26,51,71,56,0,6,2,0,452,11,Industry Ready
S2514,6.34,96,59,76,36,69,86,85,60,80,28,83,84,36,26,77,41,68,84,50,45,50,36,89,49,79,2,3,5,4,229,4,Industry Ready
S2515,5.53,37,52,80,77,55,74,92,76,57,73,49,31,99,85,66,81,34,24,99,84,74,95,68,93,97,2,6,3,3,387,6,Industry Ready
S2516,8.28,37,61,86,89,67,70,94,50,70,54,55,81,85,81,53,63,21,50,51,40,88,81,87,97,90,2,1,2,6,427,1,Industry Ready
S2517,9.36,76,86,61,62,64,40,52,56,48,65,24,43,23,49,82,54,94,42,49,52,83,82,47,76,43,1,0,1,7,73,17,Moderately Ready
S2518,6.55,33,38,96,32,97,50,51,57,54,20,57,21,51,95,84,36,97,40,91,76,76,26,60,65,81,2,1,2,4,456,9,Industry Ready
S2519,9.49,80,60,86,33,88,80,68,81,90,60,38,66,90,71,57,95,35,31,93,74,85,48,96,40,62,3,7,1,3,32,20,Industry Ready
S2520,5.76,96,38,83,33,43,93,64,37,66,92,93,75,48,55,86,37,85,23,50,83,97,91,52,53,96,2,7,4,6,187,18,Industry Ready
S2521,9.52,74,42,45,71,76,72,53,46,59,51,46,35,80,54,36,27,46,56,72,65,90,23,88,72,75,2,2,4,3,105,19,Industry Ready
S2522,7.01,37,87,91,38,71,52,43,57,83,96,32,53,79,85,39,96,94,94,96,81,93,35,66,67,91,2,4,5,4,453,9,Industry Ready
S2523,5.94,45,32,85,80,80,46,74,45,91,59,28,96,92,69,55,40,32,28,59,48,56,99,43,87,61,2,7,3,1,45,6,Industry Ready
S2524,7.59,96,64,52,46,48,88,78,86,61,30,36,37,77,22,21,50,74,45,44,56,65,94,71,64,64,2,1,0,3,282,12,Moderately Ready
S2525,6.6,38,50,46,46,95,81,93,84,61,81,63,48,72,95,69,43,54,46,86,77,43,78,63,99,43,0,5,2,4,362,12,Industry Ready
S2526,6.72,89,93,67,49,76,35,59,91,80,65,64,73,24,23,28,16,83,81,63,85,72,60,80,48,49,3,6,0,1,27,10,Industry Ready
S2527,6.82,44,81,59,43,94,49,87,98,79,67,61,70,80,74,77,14,44,69,71,74,56,79,48,44,63,2,6,1,0,429,18,Industry Ready
S2528,8.95,70,63,87,51,71,55,82,80,60,62,70,33,40,71,63,30,57,91,93,64,81,94,49,51,74,1,0,0,3,106,6,Industry Ready
S2529,7.82,51,64,51,81,67,35,87,63,48,70,77,77,77,78,43,15,37,21,70,89,47,88,50,49,89,0,2,2,1,33,1,Moderately Ready
S2530,6.84,53,44,46,56,42,46,83,80,82,80,77,54,33,90,96,54,10,45,81,99,65,77,72,37,53,1,1,5,3,412,11,Industry Ready
S2531,8.12,73,35,44,72,73,62,77,50,49,61,49,28,98,39,99,44,81,88,83,98,82,95,88,56,59,3,6,0,6,95,12,Industry Ready
S2532,8.58,30,61,77,32,53,73,53,85,85,45,24,56,73,38,16,96,50,65,53,46,59,59,46,90,85,2,1,0,5,126,3,Moderately Ready
S2533,6.67,39,81,61,37,59,71,68,45,88,30,27,31,97,27,91,12,32,97,58,80,81,77,50,93,91,3,7,0,1,438,0,Industry Ready
S2534,7.28,85,57,69,39,99,94,88,45,45,44,56,30,60,86,51,42,93,82,81,86,90,80,84,60,94,2,2,3,0,56,19,Industry Ready
S2535,6.02,79,93,86,58,67,65,35,97,62,59,66,46,35,46,77,47,41,89,63,70,77,64,67,84,53,2,0,0,3,123,14,Industry Ready
S2536,6.28,41,48,87,69,52,92,89,87,89,44,64,62,70,98,62,96,96,42,93,71,82,96,77,95,78,1,4,2,6,149,17,Industry Ready
S2537,8.43,89,44,45,94,86,45,49,92,60,94,24,69,20,27,17,89,16,36,71,90,87,67,69,89,48,3,4,5,4,250,14,Industry Ready
S2538,6.28,55,35,57,50,52,63,49,53,66,93,82,39,59,37,31,98,84,83,51,87,81,30,94,98,97,2,2,2,5,398,16,Industry Ready
S2539,7.76,70,67,30,53,65,47,57,66,82,71,66,32,37,48,35,25,64,48,89,58,96,75,47,37,73,3,3,0,5,26,2,Moderately Ready
S2540,8.55,65,55,70,89,86,85,80,84,46,22,44,66,53,65,86,98,81,71,60,90,93,42,66,64,59,2,7,3,5,201,7,Industry Ready
S2541,5.96,52,80,77,55,30,88,43,89,95,58,69,27,80,55,72,80,52,43,90,56,72,96,61,92,42,3,0,1,1,122,6,Industry Ready
S2542,7.94,72,82,60,38,32,53,52,75,68,54,64,88,40,22,55,17,23,54,75,96,79,52,81,47,51,3,3,0,0,88,0,Moderately Ready
S2543,6.6,35,85,65,49,43,92,51,55,79,59,49,90,20,28,90,12,23,66,64,96,56,71,71,58,90,2,5,3,3,59,18,Industry Ready
S2544,9.64,98,88,62,85,63,70,68,60,94,41,67,83,46,29,53,78,50,70,90,45,90,47,53,41,87,3,6,4,7,330,17,Industry Ready
S2545,7.58,72,99,62,65,99,62,98,35,99,81,70,63,70,85,71,28,93,21,92,64,48,23,65,85,78,2,7,2,0,71,0,Industry Ready
S2546,8.97,54,87,52,65,98,37,78,61,47,38,74,31,30,20,45,16,98,40,53,96,59,70,83,88,51,2,3,4,0,404,10,Industry Ready
S2547,7.87,47,42,89,51,80,75,63,84,82,33,74,23,33,23,50,95,23,59,47,72,47,29,97,85,81,2,3,2,6,455,0,Industry Ready
S2548,5.69,91,72,59,30,58,69,96,99,83,69,65,59,74,67,88,99,37,88,68,58,80,71,94,61,61,0,0,1,3,292,14,Industry Ready
S2549,8.22,42,80,74,98,77,84,50,44,92,81,50,38,46,37,91,59,39,54,64,54,87,91,50,46,74,2,6,5,3,407,7,Industry Ready
S2550,9.59,72,48,68,66,45,64,86,71,95,62,53,73,41,97,36,98,88,63,62,74,85,28,46,75,79,3,3,3,1,109,12,Industry Ready
S2551,8.09,57,50,74,42,86,88,36,75,60,74,93,20,40,64,79,15,63,54,98,88,95,37,94,67,70,0,2,1,7,125,2,Industry Ready
S2552,9.02,47,53,41,72,39,85,95,80,73,59,87,32,43,34,50,14,68,99,75,71,45,85,84,65,95,2,7,4,6,47,6,Industry Ready
S2553,9.3,88,55,61,66,48,62,38,79,92,31,52,69,38,70,14,70,94,44,96,77,48,59,69,45,46,3,1,3,5,406,12,Industry Ready
S2554,6.48,89,74,85,54,96,98,86,61,61,84,75,72,43,80,66,95,21,99,87,75,50,85,41,70,48,3,6,4,4,251,17,Industry Ready
S2555,6.41,92,57,53,50,65,55,75,99,74,53,77,61,45,23,85,67,84,50,51,71,93,41,74,40,90,3,6,0,5,500,11,Industry Ready
S2556,8.13,86,58,42,70,33,61,86,42,65,42,76,44,44,38,38,31,48,71,89,71,86,99,65,79,76,0,2,4,5,471,2,Industry Ready
S2557,7.27,80,46,49,71,62,61,65,83,37,90,36,63,64,96,21,66,79,54,51,79,86,93,64,94,61,1,1,1,7,268,9,Industry Ready
S2558,9.11,85,97,85,71,57,84,60,48,49,26,30,80,48,30,34,84,76,42,57,93,44,53,40,71,48,1,4,1,6,373,4,Industry Ready
S2559,9.37,56,73,82,31,38,63,61,96,88,84,90,40,93,47,43,41,24,68,75,75,47,67,68,64,55,0,3,0,0,230,8,Moderately Ready
S2560,7.02,61,90,97,97,35,73,85,77,45,37,36,70,30,76,84,26,13,35,87,92,91,35,63,72,91,2,4,3,5,314,0,Industry Ready
S2561,6.52,38,97,83,37,78,91,82,61,64,27,29,95,43,94,96,67,53,77,89,99,74,68,94,50,60,1,6,4,3,388,4,Industry Ready
S2562,8.86,97,54,63,90,51,71,45,61,69,61,45,99,43,73,33,50,48,69,58,73,91,82,77,72,48,1,4,5,0,14,0,Industry Ready
S2563,6.68,75,96,57,43,77,98,42,82,77,20,25,71,31,84,91,31,79,97,87,49,99,59,40,87,51,3,6,4,6,23,1,Industry Ready
S2564,9.04,96,31,79,50,50,82,46,59,95,98,35,82,26,66,72,89,95,83,92,83,64,75,64,42,66,3,7,4,5,330,9,Industry Ready
S2565,7.32,55,78,31,53,62,56,79,98,74,34,23,73,59,23,72,51,46,71,74,72,75,96,73,43,91,2,0,3,1,439,3,Industry Ready
S2566,8.37,37,99,55,79,85,64,68,58,76,47,81,29,89,53,19,88,67,59,88,83,78,67,81,55,86,1,3,1,7,464,2,Industry Ready
S2567,5.91,35,55,80,74,58,62,81,43,76,55,83,78,95,95,14,17,41,73,66,94,88,56,83,75,89,3,7,0,1,263,9,Industry Ready
S2568,8.18,53,56,76,93,82,57,55,42,37,65,75,27,98,73,98,55,37,36,42,49,83,31,44,53,48,0,4,5,7,105,14,Industry Ready
S2569,7.44,77,47,55,93,69,38,75,93,55,96,94,70,42,80,62,57,99,23,52,83,45,98,80,52,66,2,1,3,7,471,20,Industry Ready
S2570,8.02,74,83,90,55,47,37,56,51,87,40,42,24,90,39,90,12,13,99,77,90,63,51,51,39,67,3,1,0,7,118,5,Moderately Ready
S2571,6.22,42,30,52,61,76,95,55,77,78,68,52,95,57,22,37,86,19,75,90,74,94,42,47,66,74,3,5,2,1,357,0,Industry Ready
S2572,8.67,98,90,66,86,42,38,62,38,80,58,50,61,50,59,74,39,36,49,80,61,60,93,81,82,82,3,0,0,7,474,9,Industry Ready
S2573,9.21,54,32,70,82,56,99,48,42,71,57,26,97,48,88,54,37,93,53,58,90,75,91,53,67,77,0,4,2,4,169,1,Industry Ready
S2574,6.43,49,97,81,62,91,46,86,76,72,28,24,31,63,42,75,82,45,63,82,62,57,40,59,36,71,0,4,0,2,114,8,Moderately Ready
S2575,5.91,95,70,78,81,74,47,77,83,72,39,56,43,47,88,58,85,14,88,74,46,87,94,86,88,80,3,4,2,2,134,16,Industry Ready
S2576,5.6,74,66,56,47,32,68,53,40,45,27,20,64,95,51,49,34,90,84,54,60,40,31,79,76,42,2,5,4,5,371,15,Industry Ready
S2577,8.26,76,80,35,64,51,93,61,76,79,33,89,72,87,43,75,46,59,72,55,40,68,68,48,69,95,3,5,5,6,151,1,Industry Ready
S2578,8.11,92,44,95,41,56,65,52,66,98,81,64,72,40,70,17,94,41,89,74,52,56,66,99,95,48,1,0,3,2,282,15,Industry Ready
S2579,7.85,84,37,53,80,84,47,47,49,78,54,66,36,28,77,36,60,32,52,44,48,44,81,98,94,42,3,3,4,4,484,2,Industry Ready
S2580,6.5,48,67,67,39,96,88,35,61,96,74,87,84,68,61,26,48,86,97,46,87,96,57,44,83,90,0,7,1,4,126,18,Industry Ready
S2581,7.18,64,85,57,81,62,36,68,93,95,64,49,77,56,54,77,92,70,55,60,89,94,45,40,57,75,1,7,3,7,364,12,Industry Ready
S2582,8.06,82,76,57,63,31,67,47,62,46,40,79,56,40,51,53,81,10,37,80,86,89,59,50,69,52,0,4,4,0,2,5,Moderately Ready
S2583,7.64,55,39,95,96,75,84,85,58,43,72,43,94,79,73,40,76,40,70,93,59,45,35,93,48,88,2,5,0,0,469,6,Industry Ready
S2584,9.75,43,78,90,68,62,41,35,85,36,73,50,61,42,64,14,95,28,76,40,86,97,38,43,56,73,2,4,3,1,47,11,Industry Ready
S2585,6.09,74,70,75,37,87,52,62,55,42,62,47,89,29,67,69,10,96,63,64,86,94,69,77,64,69,3,2,0,4,229,13,Industry Ready
S2586,8.49,73,59,98,58,36,85,66,65,77,25,64,98,89,68,98,47,63,29,69,49,84,75,56,37,55,2,1,4,7,405,14,Industry Ready
S2587,7.24,94,34,72,51,44,42,89,84,52,74,23,59,40,53,28,61,43,58,58,65,47,48,43,44,72,1,5,3,5,423,1,Moderately Ready
S2588,7.34,80,60,88,99,55,89,60,74,86,63,80,42,48,35,51,72,13,75,63,89,98,57,71,75,74,0,3,4,2,303,9,Industry Ready
S2589,8.59,72,81,31,90,40,77,48,50,73,87,58,42,78,30,32,61,57,68,85,86,64,80,44,82,55,3,3,1,2,176,16,Industry Ready
S2590,8.48,52,52,44,72,67,93,97,97,65,23,43,68,59,38,86,92,57,77,99,83,58,55,61,84,77,2,3,4,7,284,14,Industry Ready
S2591,9.76,85,77,66,78,56,64,48,90,48,82,90,95,40,48,26,94,58,95,54,40,99,29,53,92,79,0,4,5,7,201,5,Industry Ready
S2592,6.05,48,69,49,58,36,93,61,58,98,77,65,26,82,73,67,69,69,42,74,84,87,66,60,49,44,0,2,1,0,16,1,Moderately Ready
S2593,5.95,84,35,64,60,30,43,75,62,78,73,72,56,65,72,96,22,53,26,63,56,89,63,57,82,47,2,3,4,1,233,0,Industry Ready
S2594,8.61,89,67,63,82,50,73,37,65,94,57,67,35,24,86,58,26,43,64,75,56,78,81,42,40,93,3,0,3,1,6,8,Industry Ready
S2595,7.99,88,70,60,63,59,45,93,49,36,79,28,57,34,95,12,93,65,74,88,78,95,26,92,38,72,0,6,0,5,170,15,Industry Ready
S2596,6.68,62,56,48,67,37,36,57,76,66,71,41,59,99,51,86,39,83,74,98,82,48,88,50,57,90,3,0,3,3,290,15,Industry Ready
S2597,5.84,48,98,97,86,32,57,52,84,70,48,21,48,59,75,54,47,15,96,53,51,97,38,86,79,69,0,5,4,6,167,13,Industry Ready
S2598,5.87,57,86,53,33,84,97,75,39,89,59,35,36,23,82,44,20,85,57,61,80,67,52,78,99,41,3,1,5,4,194,0,Industry Ready
S2599,9.35,81,46,68,31,44,56,42,82,97,90,24,39,43,23,11,36,85,38,78,54,92,43,75,90,77,3,2,4,2,204,1,Moderately Ready
S2600,6.33,78,76,83,41,65,95,66,47,74,27,31,44,61,30,56,47,91,41,47,40,96,42,66,97,95,2,3,4,5,133,8,Industry Ready
S2601,6.89,66,42,68,64,35,60,75,66,58,54,71,79,45,22,12,37,45,30,87,97,70,72,77,49,77,0,2,2,2,464,15,Moderately Ready
S2602,6.47,55,40,46,99,71,46,79,64,92,35,45,57,85,46,38,35,44,22,93,93,40,40,64,38,59,2,0,1,0,257,4,Moderately Ready
S2603,7.03,69,53,48,50,79,66,43,40,62,37,34,82,27,99,83,42,34,38,55,71,80,56,81,66,91,1,5,0,0,38,17,Moderately Ready
S2604,5.8,67,33,77,90,47,43,82,59,96,78,86,58,92,63,29,41,58,26,85,50,49,68,78,43,48,3,3,1,4,379,15,Industry Ready
S2605,7.73,83,75,64,64,79,67,58,62,59,53,92,83,85,37,43,63,64,53,56,44,92,44,74,91,40,0,4,4,5,101,4,Industry Ready
S2606,5.79,51,47,61,77,59,58,78,96,41,23,78,40,97,49,88,34,50,30,44,90,89,58,54,73,41,2,0,4,6,32,16,Industry Ready
S2607,8.94,45,72,76,44,68,72,92,56,72,88,58,51,39,89,49,33,66,24,80,57,61,49,98,74,91,1,1,1,7,361,9,Industry Ready
S2608,6.5,57,62,76,44,41,45,52,49,79,97,82,47,85,66,74,49,31,90,74,89,40,62,92,50,58,3,3,1,5,150,11,Industry Ready
S2609,7.82,64,39,93,35,88,66,63,60,66,84,44,31,87,53,99,36,53,55,92,57,52,97,96,44,55,0,6,5,0,371,4,Industry Ready
S2610,9.28,89,88,75,97,73,98,36,97,66,80,60,98,74,95,72,55,38,24,93,62,53,73,87,87,80,2,1,1,7,32,7,Industry Ready
S2611,8.3,74,60,64,51,33,54,73,52,35,65,47,99,97,61,65,95,80,75,76,91,62,51,60,99,44,0,5,2,5,88,10,Industry Ready
S2612,7.79,75,57,46,61,65,68,75,97,79,40,40,42,98,42,41,93,57,24,91,46,78,68,42,84,71,3,7,1,0,77,2,Industry Ready
S2613,6.89,84,89,71,51,77,76,56,96,98,96,80,34,58,59,75,78,12,46,57,85,67,21,63,63,95,1,2,4,2,482,15,Industry Ready
S2614,6.93,55,32,58,56,43,42,83,82,41,57,76,31,69,34,50,78,94,46,60,65,68,66,94,52,59,3,1,0,7,29,19,Industry Ready
S2615,8.38,54,84,99,44,78,55,62,84,72,92,30,23,39,99,38,48,54,51,81,40,97,42,83,86,82,0,6,3,4,264,10,Industry Ready
S2616,9.77,94,43,46,73,96,39,50,97,87,79,38,54,89,76,93,90,29,34,40,67,79,25,44,66,91,3,1,5,7,349,17,Industry Ready
S2617,8.35,35,87,43,38,38,77,96,40,64,55,94,80,47,33,96,38,82,73,56,97,72,60,76,67,53,2,6,1,2,125,16,Industry Ready
S2618,7.9,52,44,53,63,50,50,70,92,56,25,20,46,62,98,60,84,45,39,47,59,41,61,72,45,97,0,6,1,7,70,9,Moderately Ready
S2619,8.64,93,31,86,44,45,69,56,85,92,58,51,52,85,31,21,95,69,53,68,80,82,72,63,63,52,0,4,1,2,61,10,Industry Ready
S2620,7.5,72,53,79,91,45,77,45,46,89,48,96,32,47,54,53,40,87,53,59,87,72,91,45,54,66,0,1,5,0,199,14,Industry Ready
S2621,5.76,52,93,86,74,57,73,76,81,80,46,53,56,97,44,19,74,27,65,88,62,63,58,86,56,74,1,4,0,7,326,7,Industry Ready
S2622,7.92,59,53,90,87,80,44,89,43,60,88,36,63,92,97,92,24,75,40,89,71,51,29,92,49,96,1,1,1,6,233,4,Industry Ready
S2623,9.62,47,56,68,48,85,54,69,41,98,28,74,21,42,21,83,92,40,58,76,97,79,69,84,69,97,0,4,1,2,218,4,Industry Ready
S2624,6.25,50,66,84,45,86,35,91,63,43,43,38,57,54,37,92,83,95,59,78,77,67,94,46,68,73,1,0,5,4,152,0,Industry Ready
S2625,8.47,86,68,65,37,81,40,68,85,49,82,93,56,41,54,99,18,18,63,99,78,74,27,89,54,98,1,4,1,0,174,8,Industry Ready
S2626,6.36,52,92,66,62,75,87,38,89,53,38,61,78,24,28,97,22,29,55,44,57,49,20,58,90,55,2,0,0,4,306,13,Moderately Ready
S2627,7.8,74,55,43,47,67,80,80,93,50,49,78,88,79,30,18,54,29,74,98,72,86,91,96,85,67,1,0,3,7,471,2,Industry Ready
S2628,5.92,73,94,56,64,77,72,45,90,59,77,92,37,60,86,38,99,56,90,49,97,83,88,60,84,82,1,5,5,1,283,16,Industry Ready
S2629,7.44,76,33,60,72,70,67,95,56,85,59,94,67,48,88,38,15,10,69,45,64,73,20,45,64,74,1,3,5,4,353,12,Industry Ready
S2630,8.75,69,58,73,79,88,69,69,52,80,87,57,85,54,93,70,53,92,77,46,71,96,86,79,59,54,0,0,4,7,371,19,Industry Ready
S2631,6.99,80,30,97,32,96,79,91,92,41,51,50,68,87,57,73,11,23,93,74,87,44,46,42,38,42,0,3,0,4,201,19,Industry Ready
S2632,8.36,71,79,77,88,95,56,45,74,68,84,85,77,64,89,12,38,10,93,66,89,80,80,88,97,66,1,4,1,3,124,9,Industry Ready
S2633,8.92,36,40,86,57,56,51,46,65,92,53,88,54,28,94,96,57,78,57,81,89,57,67,53,56,66,2,5,2,6,419,9,Industry Ready
S2634,9.49,79,88,51,75,61,39,77,90,57,50,69,97,70,78,13,21,19,43,60,90,45,42,59,91,90,1,2,0,6,462,4,Industry Ready
S2635,6.51,77,91,33,93,85,91,53,69,57,78,49,95,33,85,64,96,82,93,63,67,50,63,53,88,43,2,7,1,6,188,14,Industry Ready
S2636,7.22,35,65,75,99,39,74,93,60,51,97,54,77,88,60,23,76,58,78,68,52,85,59,41,38,60,3,3,5,5,357,9,Industry Ready
S2637,6.16,38,85,88,76,69,64,36,68,47,45,78,26,75,43,86,59,23,64,66,58,40,30,64,99,61,2,5,1,7,322,4,Industry Ready
S2638,9.77,86,50,63,43,46,76,42,50,61,41,36,28,30,69,37,20,69,45,77,42,62,30,43,82,44,1,2,4,5,203,0,Moderately Ready
S2639,9.49,60,42,40,36,87,41,56,76,64,53,85,88,49,24,72,14,91,84,41,91,43,50,80,57,80,2,7,0,4,416,12,Industry Ready
S2640,7.82,50,38,60,60,35,53,55,39,38,32,99,23,58,40,48,54,51,30,64,66,46,79,94,57,78,2,5,0,6,189,3,Moderately Ready
S2641,9.12,69,40,40,80,68,75,63,95,48,74,40,51,43,25,73,83,68,69,41,56,80,74,87,40,62,2,4,5,2,153,7,Industry Ready
S2642,7.74,74,99,85,58,47,68,71,78,45,27,71,24,99,23,69,56,34,77,77,82,88,43,94,98,62,3,3,4,2,447,19,Industry Ready
S2643,8.18,78,30,67,44,71,56,63,69,74,81,84,75,77,28,29,15,45,53,98,68,56,81,72,39,52,1,6,5,5,232,2,Industry Ready
S2644,5.88,49,99,50,54,33,86,71,35,37,41,33,75,49,88,37,89,44,35,57,88,50,38,41,67,99,2,7,2,0,438,19,Industry Ready
S2645,8.75,46,85,39,90,49,40,55,77,35,75,35,63,43,87,23,96,95,78,81,83,94,59,62,60,66,1,4,2,5,232,2,Industry Ready
S2646,6.05,57,60,55,70,57,59,46,66,43,40,74,91,86,28,86,93,20,20,46,83,97,36,83,93,94,3,2,3,6,261,15,Industry Ready
S2647,9.05,70,66,37,98,69,44,82,97,35,68,28,32,48,37,84,98,19,60,88,91,66,69,87,68,89,0,4,3,1,66,11,Industry Ready
S2648,8.86,95,76,37,33,94,60,81,67,50,25,27,23,61,78,67,78,17,47,43,87,51,31,60,60,95,1,2,4,0,218,12,Moderately Ready
S2649,8.55,54,76,89,86,73,39,49,64,80,54,92,71,95,62,48,72,32,34,83,72,86,34,94,54,54,0,0,5,4,488,18,Industry Ready
S2650,5.66,87,98,63,60,52,84,47,44,44,46,53,94,81,99,67,76,15,99,79,67,73,58,54,48,51,3,2,0,6,269,8,Industry Ready
S2651,6.8,70,87,45,32,86,51,93,57,67,59,52,34,46,85,24,56,87,65,80,59,47,32,90,42,49,3,2,1,5,112,15,Industry Ready
S2652,6.63,35,65,42,96,76,45,47,73,75,33,26,20,48,48,82,43,97,51,49,84,91,38,63,92,88,0,0,2,6,432,18,Industry Ready
S2653,7.05,67,61,51,79,42,87,53,79,85,93,40,84,85,67,12,21,73,58,90,73,62,92,59,35,77,1,3,5,6,305,0,Industry Ready
S2654,5.88,35,93,56,46,45,84,91,63,56,71,24,30,76,70,14,36,82,84,80,55,65,76,95,65,67,0,1,0,4,74,15,Moderately Ready
S2655,9.53,74,71,93,89,84,42,66,64,50,98,90,80,80,61,51,78,55,92,67,78,73,79,77,42,82,3,3,5,2,243,18,Industry Ready
S2656,7.88,43,77,31,95,94,96,55,68,96,59,31,82,48,55,24,95,47,94,69,93,95,75,64,94,74,3,1,3,6,242,8,Industry Ready
S2657,6.81,95,59,55,53,45,63,48,86,87,62,78,57,76,95,12,77,34,30,63,41,71,44,61,96,77,1,0,2,4,144,12,Industry Ready
S2658,7.21,69,50,98,61,66,78,58,56,48,77,77,88,92,64,44,37,95,89,75,89,45,23,91,44,93,1,3,1,5,182,3,Industry Ready
S2659,7.42,32,89,59,48,81,79,83,39,93,22,56,64,74,54,16,80,11,53,55,67,40,71,90,52,95,2,4,5,5,187,5,Industry Ready
S2660,8.08,53,42,37,95,39,63,66,45,60,34,64,93,63,25,33,54,98,69,72,56,96,26,86,86,59,0,5,3,5,173,7,Industry Ready
S2661,7.72,48,30,67,89,67,93,45,66,78,64,99,89,47,56,40,11,33,63,49,87,98,87,43,43,51,1,6,1,4,446,6,Industry Ready
S2662,9.45,47,94,90,95,73,49,94,58,54,30,44,87,56,55,87,18,76,33,87,59,89,89,55,82,42,1,4,3,2,431,7,Industry Ready
S2663,7.64,93,62,94,44,83,78,95,45,39,58,46,23,42,35,89,88,99,91,60,57,43,64,82,94,41,0,3,1,1,61,10,Industry Ready
S2664,9.77,64,67,96,64,80,70,39,45,99,38,70,90,96,91,13,40,80,44,66,92,64,28,46,86,67,3,4,5,4,243,2,Industry Ready
S2665,9.16,91,54,75,98,81,91,70,51,45,98,61,67,88,41,12,45,70,87,94,67,47,28,63,77,61,0,0,2,3,143,3,Industry Ready
S2666,6.4,30,55,72,56,99,98,98,66,81,39,90,28,77,88,18,24,18,69,60,67,79,22,73,84,74,0,4,5,1,379,0,Industry Ready
S2667,9.5,54,88,88,36,88,72,66,61,44,90,61,66,98,88,77,71,54,51,66,91,85,96,96,48,84,3,5,4,1,234,19,Industry Ready
S2668,6.0,74,62,75,35,42,51,44,66,95,75,79,79,51,82,92,40,25,74,71,55,59,82,78,52,91,0,7,1,5,448,4,Industry Ready
S2669,9.02,78,70,64,62,70,61,55,95,79,97,91,71,88,94,97,36,23,97,44,72,53,21,94,68,48,1,7,2,2,303,1,Industry Ready
S2670,7.14,45,59,68,87,41,51,74,59,81,23,98,52,55,38,69,11,35,44,92,60,72,50,68,75,62,0,5,0,7,53,13,Industry Ready
S2671,9.28,48,86,80,78,79,97,76,98,68,28,77,77,51,37,20,82,55,98,74,44,97,57,83,83,56,1,7,0,0,445,12,Industry Ready
S2672,9.23,52,78,33,46,86,45,80,98,47,44,99,67,78,92,88,52,67,71,61,86,91,26,65,43,53,3,7,3,5,389,16,Industry Ready
S2673,8.97,54,77,80,71,79,98,75,62,57,66,91,24,79,36,45,10,83,75,98,84,42,29,53,82,91,0,4,5,5,462,12,Industry Ready
S2674,8.9,45,78,34,69,86,73,38,74,70,68,41,46,99,60,81,92,39,41,75,76,54,96,86,46,71,2,1,5,4,160,20,Industry Ready
S2675,6.81,83,76,84,75,83,36,48,48,97,46,77,60,93,52,11,18,95,66,49,57,66,78,59,99,98,0,5,4,4,198,7,Industry Ready
S2676,5.85,30,85,49,99,95,88,48,76,81,47,30,20,46,74,59,69,65,89,73,91,58,20,46,48,79,0,1,3,0,327,10,Moderately Ready
S2677,7.23,71,94,53,97,37,63,87,73,48,81,25,70,43,43,12,11,41,70,91,44,40,56,57,98,97,1,2,5,4,116,8,Industry Ready
S2678,6.25,48,41,65,30,92,79,63,36,87,35,41,35,86,96,76,67,87,85,93,87,96,44,82,60,75,1,7,5,3,425,12,Industry Ready
S2679,8.49,63,98,63,81,38,65,57,35,83,65,97,51,55,59,94,74,32,89,45,82,74,85,49,41,72,2,0,1,0,122,12,Industry Ready
S2680,6.99,84,35,83,64,89,83,65,66,50,94,31,66,33,47,71,21,26,94,53,50,91,95,85,89,49,2,4,4,2,29,6,Industry Ready
S2681,9.7,47,94,63,98,92,43,95,98,77,65,46,42,87,86,85,64,33,84,98,61,72,24,69,93,52,3,0,1,0,6,10,Industry Ready
S2682,8.26,63,54,46,34,32,61,57,65,99,59,20,34,63,94,23,99,56,41,96,62,90,75,42,90,73,3,0,5,1,423,16,Industry Ready
S2683,9.04,74,30,34,46,42,90,42,92,43,53,83,45,67,58,32,19,20,60,95,65,56,98,89,64,44,0,7,2,2,316,9,Industry Ready
S2684,6.07,35,61,47,82,38,79,50,48,55,29,93,56,51,40,86,74,50,96,76,66,52,61,83,57,45,1,1,4,1,492,0,Moderately Ready
S2685,9.21,50,32,84,81,81,77,60,50,77,20,99,74,36,56,25,74,24,66,97,42,91,83,92,51,72,0,5,0,2,141,7,Industry Ready
S2686,9.47,99,78,82,43,91,56,63,88,38,85,58,21,76,21,90,70,95,79,58,90,87,68,40,36,44,1,6,2,0,188,14,Industry Ready
S2687,7.59,77,48,79,58,37,67,40,47,41,36,79,95,58,25,27,84,61,41,71,81,97,65,69,73,63,3,4,2,6,319,4,Industry Ready
S2688,8.11,68,89,74,37,74,61,71,65,92,66,89,38,51,71,22,78,43,23,59,99,51,90,84,82,86,1,6,1,1,54,19,Industry Ready
S2689,8.79,60,58,42,30,82,74,67,55,38,43,73,51,87,24,65,44,69,63,60,41,78,21,41,39,47,1,7,3,7,322,3,Industry Ready
S2690,6.25,39,79,45,58,92,60,80,64,54,69,44,88,21,66,99,20,66,60,54,96,65,86,54,55,57,3,2,5,2,89,12,Industry Ready
S2691,7.66,59,31,42,65,86,79,95,57,69,48,39,74,97,62,54,77,42,57,56,56,66,23,50,84,64,3,3,1,6,427,15,Industry Ready
S2692,7.21,47,85,49,80,83,79,75,72,93,97,55,75,61,59,49,47,30,36,83,42,63,81,71,54,57,1,6,2,4,313,7,Industry Ready
S2693,6.13,89,46,95,66,48,60,52,63,79,91,42,48,57,30,40,48,33,36,96,42,95,99,45,61,75,2,7,4,1,161,13,Industry Ready
S2694,7.08,44,89,76,98,96,40,50,66,48,32,99,55,74,33,90,30,29,64,84,79,56,46,45,36,65,1,7,0,3,93,11,Industry Ready
S2695,5.79,33,65,48,82,75,62,85,96,56,83,20,90,74,21,41,45,77,65,91,55,50,86,67,81,59,3,2,2,2,254,19,Industry Ready
S2696,5.61,92,90,74,81,39,47,71,79,82,47,46,72,53,58,10,81,69,27,63,51,61,36,95,74,59,2,1,3,5,477,6,Industry Ready
S2697,6.08,69,46,66,41,47,97,48,83,64,24,71,58,65,82,44,29,55,34,60,93,47,71,96,70,78,2,2,5,6,440,4,Industry Ready
S2698,9.64,38,78,83,81,41,47,64,67,63,93,21,95,62,82,45,52,42,52,87,90,81,90,64,47,79,0,1,3,7,156,14,Industry Ready
S2699,7.86,38,89,35,30,78,35,94,38,70,28,40,30,21,37,92,30,40,68,54,40,87,76,62,56,63,3,1,5,5,164,9,Moderately Ready
S2700,9.65,55,49,43,36,52,74,87,52,76,33,28,95,55,98,75,44,43,29,50,90,71,49,51,52,59,0,6,5,7,235,0,Industry Ready
S2701,7.36,33,79,33,46,91,71,70,98,63,29,67,49,89,20,38,73,31,81,76,43,68,91,87,40,84,3,0,4,5,344,5,Industry Ready
S2702,6.84,45,32,84,72,40,65,64,62,41,52,58,98,55,36,52,41,39,74,69,56,81,90,87,86,43,2,5,3,5,67,7,Industry Ready
S2703,7.68,44,72,63,46,85,51,98,92,66,94,61,91,41,73,38,45,14,77,99,58,71,84,49,37,61,2,4,4,4,317,10,Industry Ready
S2704,7.39,81,86,56,88,84,43,48,90,47,59,90,72,88,58,52,78,50,82,57,43,95,35,56,51,64,3,7,3,4,250,5,Industry Ready
S2705,5.95,98,79,36,32,54,98,57,54,47,25,64,93,57,67,28,61,54,30,95,86,96,46,91,91,60,2,3,1,5,0,7,Industry Ready
S2706,8.26,34,97,32,58,38,91,82,68,88,36,21,27,73,85,73,13,96,54,67,78,79,93,94,56,57,3,7,5,5,199,17,Industry Ready
S2707,6.43,49,79,76,51,41,47,62,44,48,55,95,39,41,34,40,16,70,23,52,59,44,66,41,45,84,1,1,0,0,116,13,Moderately Ready
S2708,8.16,47,66,31,67,40,71,41,56,40,89,96,31,94,41,28,93,22,85,82,88,88,33,99,70,85,3,1,5,6,435,8,Industry Ready
S2709,8.3,31,75,54,83,67,48,76,39,50,80,86,86,50,39,38,80,18,52,49,96,52,21,96,87,48,3,7,0,5,56,12,Industry Ready
S2710,6.15,42,71,89,79,57,59,44,78,75,93,62,69,72,62,82,33,87,92,86,93,64,58,84,74,83,1,6,2,7,312,17,Industry Ready
S2711,5.76,33,44,53,98,37,91,78,43,86,68,37,31,78,75,16,30,90,54,78,80,81,74,56,69,48,2,6,2,5,321,13,Industry Ready
S2712,8.86,71,62,44,59,76,76,47,77,50,88,58,73,68,43,67,66,44,57,51,78,49,45,48,77,98,2,7,1,0,336,2,Industry Ready
S2713,7.48,90,40,43,52,65,76,67,38,39,90,25,99,46,62,85,82,27,97,89,43,65,63,86,79,72,2,0,5,6,488,16,Industry Ready
S2714,5.75,37,49,83,76,79,81,66,76,58,43,61,73,91,40,69,28,21,76,98,56,65,88,46,75,80,0,3,1,5,316,10,Industry Ready
S2715,9.78,96,53,35,50,38,78,82,99,77,70,71,93,76,67,60,93,50,52,77,54,60,57,52,98,46,0,1,0,5,307,12,Industry Ready
S2716,5.75,92,93,47,49,89,75,39,75,99,61,46,38,25,85,91,37,25,63,80,94,62,99,49,49,72,3,4,2,1,362,19,Industry Ready
S2717,8.49,38,94,49,52,96,37,95,98,44,38,98,33,65,35,59,41,22,72,87,80,83,31,61,78,41,3,6,2,1,48,19,Industry Ready
S2718,9.73,40,46,91,97,82,35,37,89,93,81,34,71,44,59,30,43,27,99,79,67,51,36,67,76,89,3,6,5,7,22,9,Industry Ready
S2719,6.53,71,90,69,50,46,45,58,52,69,94,38,97,28,40,18,25,85,39,65,55,78,44,94,93,47,1,4,0,7,212,4,Industry Ready
S2720,6.11,42,44,68,50,82,41,68,50,65,86,81,41,83,71,43,47,60,82,83,45,82,83,89,38,72,1,0,4,3,220,6,Industry Ready
S2721,6.02,65,80,81,30,57,46,76,80,45,49,83,23,50,27,43,90,42,70,58,67,91,30,81,63,98,0,1,1,4,324,20,Industry Ready
S2722,6.8,42,56,61,44,92,72,54,70,43,57,70,78,38,97,56,84,79,33,62,71,95,37,99,75,74,1,3,2,2,351,9,Industry Ready
S2723,5.93,41,90,56,46,44,88,75,78,78,25,66,53,84,74,33,13,91,54,87,56,98,55,89,40,68,3,0,0,3,148,5,Industry Ready
S2724,8.48,66,87,81,80,48,87,54,39,50,41,76,83,36,77,89,65,76,64,75,64,97,22,53,73,71,1,0,1,7,185,17,Industry Ready
S2725,5.77,81,60,92,92,99,66,40,63,82,30,39,37,53,24,37,49,63,52,66,78,64,89,58,61,40,3,6,5,7,264,5,Industry Ready
S2726,7.69,31,41,92,43,76,79,91,38,87,91,39,50,55,61,55,59,15,80,91,56,51,90,93,41,92,2,2,0,6,198,12,Industry Ready
S2727,9.79,85,75,46,88,77,85,76,83,99,48,83,61,32,49,60,49,45,91,55,85,75,28,40,45,70,2,7,5,5,81,16,Industry Ready
S2728,9.0,89,60,78,79,49,71,59,42,82,27,57,93,78,28,15,91,64,72,46,54,71,85,66,66,91,0,0,4,6,78,6,Industry Ready
S2729,8.15,52,61,52,63,66,93,75,86,80,99,57,22,95,60,72,58,59,97,98,91,57,66,43,85,74,3,2,5,3,441,2,Industry Ready
S2730,6.82,69,61,42,35,31,88,75,55,67,54,84,74,40,70,62,57,95,97,52,92,81,69,95,74,79,2,7,3,6,216,6,Industry Ready
S2731,8.18,93,82,52,78,93,52,37,61,86,91,95,29,84,76,73,15,80,69,94,89,59,83,63,41,83,3,6,2,3,175,19,Industry Ready
S2732,7.77,52,90,86,35,65,35,77,72,89,91,24,90,25,92,61,14,75,34,51,90,41,66,53,35,78,1,6,5,6,335,19,Industry Ready
S2733,7.33,58,75,91,98,34,55,80,39,85,64,83,41,30,80,69,88,24,61,66,57,99,94,76,59,59,2,2,5,5,444,6,Industry Ready
S2734,6.06,80,36,83,36,93,62,91,95,74,52,46,42,99,25,50,54,31,39,72,85,72,86,62,40,72,1,5,1,2,211,1,Industry Ready
S2735,9.31,98,33,49,80,36,50,85,42,59,24,39,95,41,45,20,25,58,87,70,59,85,61,44,50,62,3,1,0,6,492,4,Moderately Ready
S2736,7.43,60,81,81,30,99,82,39,52,97,81,79,32,30,93,13,26,47,26,50,62,56,68,59,49,42,0,4,0,7,36,12,Moderately Ready
S2737,6.34,79,60,52,42,51,62,49,38,56,56,59,59,56,25,23,68,17,85,56,44,98,49,61,56,92,2,7,1,5,481,5,Industry Ready
S2738,7.08,49,65,64,72,75,56,73,38,72,36,98,32,45,72,22,65,17,92,77,78,75,27,85,52,51,0,3,2,3,114,3,Moderately Ready
S2739,7.28,84,83,96,56,69,35,72,71,43,41,25,70,76,80,24,88,93,42,41,51,69,56,79,84,47,2,5,5,0,4,0,Industry Ready
S2740,9.06,31,83,63,32,90,76,73,49,71,97,92,83,45,52,17,44,46,55,42,56,96,27,83,44,80,2,7,2,0,416,10,Industry Ready
S2741,8.65,54,46,62,87,75,37,86,72,39,51,55,32,40,64,97,17,81,31,73,69,48,82,97,83,86,2,0,5,0,448,0,Industry Ready
S2742,8.81,42,59,75,46,57,78,37,61,56,33,93,48,76,59,20,70,87,42,89,58,70,30,88,44,97,0,7,0,3,239,18,Industry Ready
S2743,5.55,99,51,74,74,64,61,63,82,46,39,84,90,45,43,98,36,93,30,71,71,78,77,74,73,50,2,7,2,3,368,8,Industry Ready
S2744,7.29,96,72,48,87,30,85,65,80,94,41,30,66,34,64,32,87,34,20,63,55,60,53,75,92,65,1,5,5,4,6,17,Industry Ready
S2745,7.57,87,56,44,85,58,58,79,80,78,49,68,45,82,57,16,96,91,96,63,41,61,58,44,76,62,3,1,3,6,297,13,Industry Ready
S2746,5.58,93,66,95,83,38,54,56,82,56,73,47,89,54,48,78,29,63,58,52,51,56,35,72,79,77,2,7,4,1,315,20,Industry Ready
S2747,6.62,98,75,68,58,38,66,44,93,40,52,41,42,30,98,41,66,30,89,61,88,42,90,96,62,44,2,3,4,4,387,6,Industry Ready
S2748,8.77,88,64,47,83,51,47,55,38,61,24,66,94,92,27,53,79,68,50,58,92,71,23,63,39,71,1,0,3,5,259,1,Moderately Ready
S2749,6.09,89,33,99,56,92,77,51,53,89,37,99,75,87,83,12,97,40,28,92,42,72,65,73,91,44,0,4,2,0,236,16,Industry Ready
S2750,7.8,91,55,88,74,95,54,41,91,49,82,85,38,69,92,53,32,15,75,69,47,49,41,76,63,87,0,4,5,6,332,6,Industry Ready
S2751,6.43,45,48,61,60,87,36,70,53,98,65,44,69,48,70,78,85,51,37,78,76,44,90,64,89,54,1,2,0,1,98,20,Industry Ready
S2752,5.55,97,74,50,65,99,94,64,76,51,26,86,54,83,94,60,11,61,78,60,92,43,32,90,57,82,2,2,2,7,362,6,Industry Ready
S2753,6.54,44,55,69,90,84,38,63,39,37,48,51,68,60,25,70,36,56,86,87,94,90,61,76,91,91,1,6,1,4,401,0,Industry Ready
S2754,9.7,84,51,56,66,42,51,67,82,44,76,36,65,45,66,60,41,93,22,62,63,77,53,64,52,62,1,3,1,2,115,7,Moderately Ready
S2755,8.95,64,87,31,96,48,35,93,59,97,66,59,89,47,68,42,59,37,49,55,88,71,32,61,60,88,3,0,2,2,124,13,Industry Ready
S2756,9.63,84,92,68,65,62,67,54,60,97,28,49,72,67,95,29,73,45,83,81,92,77,48,84,39,67,3,2,3,2,490,12,Industry Ready
S2757,7.6,43,57,85,34,94,64,63,96,96,78,78,50,85,51,39,49,49,89,46,64,80,66,44,42,58,2,1,1,0,433,9,Industry Ready
S2758,5.97,78,94,42,75,89,39,87,41,43,90,47,41,42,73,53,42,99,21,59,98,59,88,47,53,93,1,5,5,1,109,11,Industry Ready
S2759,7.86,36,73,85,81,41,46,35,78,58,90,66,86,58,55,95,38,22,39,87,99,48,30,92,62,97,0,7,4,0,202,12,Industry Ready
S2760,7.45,59,72,95,78,72,66,68,61,66,62,42,27,88,38,95,42,58,48,81,64,54,82,80,84,56,0,5,0,6,268,15,Industry Ready
S2761,9.13,78,66,85,35,46,72,78,76,37,78,76,38,40,56,38,26,13,28,53,53,91,70,86,99,54,3,7,3,2,490,20,Industry Ready
S2762,5.92,45,95,57,39,97,51,48,90,67,25,20,50,68,36,30,83,73,23,65,94,47,79,66,42,52,0,5,1,3,286,12,Moderately Ready
S2763,7.6,80,46,93,52,58,92,71,37,77,72,48,51,94,99,91,74,89,59,61,85,95,66,74,94,62,1,6,0,0,486,14,Industry Ready
S2764,6.15,71,69,93,46,84,74,69,47,46,83,69,98,55,35,62,52,32,74,80,75,73,23,40,92,57,3,2,5,1,297,3,Industry Ready
S2765,6.9,46,67,85,73,36,58,93,93,66,23,83,74,56,77,20,72,67,32,75,54,69,26,59,61,62,3,3,4,0,69,4,Industry Ready
S2766,8.67,92,90,70,70,73,46,58,72,54,20,94,50,61,63,19,90,96,25,65,71,49,50,46,67,55,2,7,1,1,485,13,Industry Ready
S2767,7.55,74,38,70,44,34,53,99,35,51,89,56,86,81,87,44,67,24,92,51,41,53,93,84,80,59,3,1,1,5,369,4,Industry Ready
S2768,7.12,36,90,33,73,89,63,40,84,53,50,80,70,25,68,35,52,98,45,88,60,99,49,42,71,64,3,4,0,3,138,6,Industry Ready
S2769,7.2,56,45,86,87,35,86,72,43,38,84,26,93,27,70,53,46,88,60,70,43,95,48,81,49,71,0,1,0,4,148,13,Moderately Ready
S2770,7.48,39,31,59,79,36,51,35,87,51,88,83,46,88,24,13,55,55,61,79,68,73,62,95,62,60,3,5,2,1,153,1,Industry Ready
S2771,8.88,63,72,75,81,75,55,75,44,98,38,37,67,59,77,83,34,48,97,43,88,98,41,89,97,40,3,3,1,1,14,1,Industry Ready
S2772,9.34,65,71,85,99,86,94,65,63,56,88,48,62,29,65,66,76,56,80,79,68,95,67,87,37,67,2,4,4,7,407,0,Industry Ready
S2773,9.61,54,86,60,97,83,54,70,70,76,88,79,70,50,74,48,60,46,81,66,62,61,67,48,86,66,2,0,0,2,443,1,Industry Ready
S2774,8.88,35,96,36,92,75,87,88,61,79,68,73,88,49,92,89,83,50,87,48,42,52,76,86,78,91,3,3,3,7,337,1,Industry Ready
S2775,6.86,53,59,83,87,39,97,65,52,45,50,91,94,70,36,50,47,54,40,51,93,90,41,53,94,66,0,2,1,6,455,20,Industry Ready
S2776,8.46,47,42,37,52,33,91,63,52,87,79,40,90,55,31,76,47,39,50,68,99,99,46,58,92,84,1,3,3,2,104,12,Industry Ready
S2777,7.38,35,48,84,73,96,63,37,43,94,90,40,91,80,43,98,10,80,62,67,60,98,82,66,48,75,0,3,1,3,418,4,Industry Ready
S2778,6.6,58,36,98,73,54,35,92,41,63,98,77,69,46,75,45,63,77,40,55,55,68,23,45,40,51,1,3,0,6,283,19,Industry Ready
S2779,9.12,54,38,73,81,90,93,95,92,54,74,68,80,54,74,13,74,16,48,47,83,68,22,46,53,54,2,4,2,5,156,14,Industry Ready
S2780,5.67,84,83,42,96,67,98,40,64,39,96,55,60,79,95,83,31,56,74,86,59,46,59,76,96,59,3,3,1,5,238,19,Industry Ready
S2781,9.38,75,90,49,57,61,78,54,95,59,95,36,70,51,98,22,70,56,77,88,74,83,47,65,39,83,0,0,5,6,307,14,Industry Ready
S2782,7.48,53,31,61,96,52,82,95,51,68,96,99,97,23,35,79,67,91,43,52,96,45,34,52,83,58,0,3,0,0,109,6,Industry Ready
S2783,8.24,55,79,89,47,66,49,80,87,46,57,72,43,46,41,16,63,88,64,53,44,74,70,76,85,90,1,2,0,6,189,12,Industry Ready
S2784,8.34,57,60,79,56,32,69,47,40,62,52,34,49,66,63,37,28,69,99,99,87,76,45,85,60,65,1,6,0,4,55,15,Industry Ready
S2785,9.35,32,62,56,80,42,57,57,73,40,25,98,71,25,62,68,79,14,28,54,65,43,54,72,90,86,3,5,3,4,257,18,Industry Ready
S2786,8.24,67,40,54,89,63,87,65,59,53,32,59,69,45,98,46,43,57,85,99,46,53,99,91,52,60,3,1,0,6,81,12,Industry Ready
S2787,8.14,90,62,81,78,94,79,38,76,46,96,70,76,43,40,24,88,96,21,48,91,45,34,72,79,76,2,4,3,3,192,2,Industry Ready
S2788,5.79,80,36,97,44,37,47,50,76,59,96,84,81,90,27,39,53,83,56,92,55,56,24,80,43,82,3,2,4,4,318,0,Industry Ready
S2789,7.73,77,60,50,97,38,68,65,93,47,39,32,98,63,68,83,76,98,56,95,56,88,65,48,36,89,0,0,5,0,59,4,Industry Ready
S2790,6.15,50,77,47,44,57,72,82,72,37,56,57,72,33,25,21,61,31,88,83,41,63,43,54,76,49,0,7,5,2,449,8,Industry Ready
S2791,8.67,83,76,68,80,47,39,77,65,58,64,93,87,32,66,90,31,32,65,71,51,52,21,44,65,67,0,3,5,5,364,17,Industry Ready
S2792,7.7,85,82,44,77,71,74,38,63,42,92,45,96,45,55,39,38,54,25,61,97,95,78,92,53,65,1,4,2,3,364,2,Industry Ready
S2793,8.42,88,48,82,30,70,55,96,43,79,78,95,88,62,42,10,23,88,67,94,52,51,55,68,81,52,3,5,5,4,397,19,Industry Ready
S2794,5.68,80,35,67,36,99,62,82,35,35,71,34,50,62,50,45,71,61,27,90,44,96,64,92,71,64,3,4,0,6,283,1,Industry Ready
S2795,5.86,49,78,77,82,62,37,62,81,37,37,24,95,85,94,97,24,80,51,64,55,68,95,46,53,90,1,4,4,5,43,20,Industry Ready
S2796,8.58,88,79,81,60,83,57,50,44,99,44,21,49,47,81,30,23,55,96,80,67,63,56,70,59,70,0,5,0,3,376,4,Industry Ready
S2797,5.81,38,41,57,47,65,53,64,50,49,98,97,29,20,76,41,76,47,86,65,47,73,76,93,87,59,1,7,4,7,443,13,Industry Ready
S2798,5.81,30,52,45,41,85,84,99,81,84,20,84,63,31,89,72,31,49,92,84,95,53,31,73,38,54,2,5,5,7,404,0,Industry Ready
S2799,5.55,58,83,45,77,46,92,48,77,54,60,96,25,69,84,91,96,24,87,68,67,66,54,50,80,57,0,2,0,3,467,16,Industry Ready
S2800,9.61,92,98,64,59,39,54,68,58,37,37,79,46,72,56,22,16,78,47,57,85,44,41,81,65,79,0,5,2,1,289,20,Industry Ready
S2801,8.67,85,88,46,36,73,87,90,42,95,20,75,39,79,87,46,93,21,59,75,47,79,91,58,70,62,2,6,0,1,481,12,Industry Ready
S2802,7.02,97,65,81,32,31,43,63,60,49,58,97,39,74,94,53,16,86,35,59,68,86,46,44,38,42,0,6,3,3,365,11,Industry Ready
S2803,6.78,64,32,41,92,43,38,59,41,93,93,57,31,54,36,30,26,76,76,72,96,48,26,62,36,50,0,1,0,5,437,18,Moderately Ready
S2804,7.0,32,87,77,35,70,75,74,49,88,50,76,68,80,26,27,41,66,94,59,57,55,22,86,73,66,3,1,1,1,166,11,Industry Ready
S2805,8.83,36,84,51,44,31,59,49,82,94,90,70,71,45,71,55,88,28,74,42,91,52,23,41,78,76,0,5,3,4,259,7,Industry Ready
S2806,8.34,56,86,78,72,48,68,66,37,71,57,60,29,50,54,56,86,99,58,98,83,93,27,82,53,51,0,0,4,3,234,10,Industry Ready
S2807,6.3,30,46,81,47,30,43,54,50,55,27,98,24,76,21,35,65,39,95,82,82,54,64,43,75,72,1,5,5,1,155,1,Moderately Ready
S2808,6.25,73,68,30,51,31,47,87,48,57,53,89,83,31,59,14,71,88,74,73,55,75,96,56,72,67,2,2,5,4,294,4,Industry Ready
S2809,5.92,70,97,95,90,56,43,83,37,52,92,71,77,24,56,14,67,27,49,45,65,64,92,94,99,45,0,2,0,2,192,2,Moderately Ready
S2810,8.34,71,84,93,90,31,38,35,65,51,46,20,27,26,76,40,67,72,61,70,61,55,39,70,69,97,1,2,5,6,172,14,Industry Ready
S2811,8.79,62,74,37,82,80,68,73,51,65,60,37,49,35,29,37,12,16,24,74,54,83,24,98,45,45,0,5,5,2,327,13,Moderately Ready
S2812,6.64,79,30,54,55,39,41,95,83,98,26,46,36,71,95,86,98,69,64,71,52,91,65,69,93,83,1,7,5,7,316,7,Industry Ready
S2813,5.59,92,50,95,69,48,49,89,37,82,51,91,86,40,65,84,89,87,83,81,61,93,88,41,77,60,1,3,0,5,315,5,Industry Ready
S2814,5.85,66,50,99,37,42,72,36,89,60,92,95,40,46,24,74,10,97,51,96,99,83,54,63,39,64,2,2,0,6,399,8,Industry Ready
S2815,9.66,88,81,80,50,77,86,51,74,56,35,61,35,98,24,97,76,72,31,48,99,70,84,49,60,86,1,2,1,3,50,18,Industry Ready
S2816,6.77,77,72,82,72,85,41,63,74,79,21,25,46,42,46,22,29,66,85,85,60,86,34,67,66,75,3,4,2,0,111,2,Moderately Ready
S2817,8.81,34,81,44,50,85,79,38,64,70,62,99,25,91,24,27,95,97,71,87,89,76,36,82,81,57,0,5,2,4,44,12,Industry Ready
S2818,8.19,77,96,79,32,79,93,98,59,98,50,43,61,44,80,33,71,84,90,66,63,72,95,71,90,83,3,5,3,5,286,9,Industry Ready
S2819,7.14,32,73,67,60,74,55,77,41,69,99,64,35,30,27,38,65,48,51,63,40,59,65,72,84,78,3,6,3,5,134,3,Industry Ready
S2820,6.38,76,61,69,56,88,62,46,84,61,66,90,64,82,50,37,62,52,54,95,68,65,80,57,92,44,2,4,1,6,306,0,Industry Ready
S2821,6.02,91,39,95,56,68,37,84,35,51,52,26,22,76,40,54,74,65,25,89,40,74,62,63,62,62,3,6,5,5,388,7,Industry Ready
S2822,8.14,43,93,68,86,50,48,95,78,45,36,35,59,73,40,95,65,19,41,98,99,79,98,76,89,62,2,4,1,3,193,7,Industry Ready
S2823,8.83,92,98,46,62,84,36,85,83,39,73,77,39,29,70,93,87,29,66,61,40,46,97,69,92,62,0,2,1,1,296,13,Industry Ready
S2824,8.27,90,97,36,73,86,63,39,41,92,73,76,26,69,98,20,54,73,32,69,48,84,41,44,74,74,0,2,4,2,495,20,Industry Ready
S2825,7.78,60,57,68,72,70,52,62,37,91,70,61,78,92,78,60,88,48,42,75,60,81,28,98,92,68,2,5,5,1,116,13,Industry Ready
S2826,5.68,46,82,97,60,99,71,44,35,48,71,33,30,20,21,68,27,95,63,65,53,70,66,62,80,44,1,4,5,4,67,11,Industry Ready
S2827,9.66,53,80,64,94,78,79,86,85,35,26,75,71,89,49,93,57,37,28,89,67,56,22,69,79,56,2,7,1,3,265,1,Industry Ready
S2828,8.93,52,82,80,46,73,79,51,72,50,73,31,22,49,77,22,47,39,78,41,57,82,71,43,44,77,2,0,1,5,98,6,Moderately Ready
S2829,6.76,79,33,76,44,64,58,99,77,60,30,34,40,74,39,56,31,67,49,81,98,47,50,80,82,91,3,0,1,2,320,3,Industry Ready
S2830,9.71,99,46,65,63,34,80,55,89,83,81,27,72,96,59,97,89,79,63,83,72,62,32,90,96,41,0,1,1,4,486,9,Industry Ready
S2831,8.09,56,96,93,33,80,46,88,91,76,49,77,49,25,48,52,84,71,68,46,91,86,21,63,62,58,0,3,5,6,258,10,Industry Ready
S2832,8.0,44,76,42,57,86,87,83,87,87,76,72,30,43,24,33,80,10,35,66,82,83,97,42,54,86,0,3,2,2,426,9,Industry Ready
S2833,8.72,79,85,47,31,87,79,56,67,43,65,28,44,24,29,57,82,77,93,55,41,57,26,54,75,42,2,1,0,5,428,17,Industry Ready
S2834,8.99,65,52,50,46,65,66,98,96,74,99,65,69,26,80,72,10,34,72,88,90,81,48,95,40,69,2,6,0,7,409,20,Industry Ready
S2835,8.32,37,47,94,87,39,52,70,45,90,89,26,28,22,20,26,51,48,21,85,73,51,23,85,45,72,0,4,2,7,80,3,Moderately Ready
S2836,6.05,32,30,37,38,79,47,55,86,39,85,63,64,32,66,78,81,20,86,95,63,69,23,40,64,62,2,4,1,2,297,18,Industry Ready
S2837,6.95,91,64,77,60,66,38,90,35,90,74,33,48,73,76,63,84,68,61,68,58,75,40,49,37,65,0,2,5,3,71,6,Industry Ready
S2838,9.49,76,93,72,95,49,57,82,48,39,77,94,81,82,33,23,78,46,83,60,41,54,64,84,67,69,3,7,4,7,29,0,Industry Ready
S2839,6.47,90,87,82,91,42,96,52,55,86,29,25,34,95,44,24,38,85,27,65,45,57,47,65,88,58,3,6,4,3,327,13,Industry Ready
S2840,7.1,61,88,56,48,48,88,49,68,67,23,54,38,25,40,82,15,38,92,95,94,64,27,94,81,78,2,3,3,0,220,12,Industry Ready
S2841,7.36,42,30,48,84,85,89,78,48,56,93,89,34,98,35,87,65,91,40,57,54,52,61,51,44,65,1,2,0,0,370,5,Industry Ready
S2842,7.39,30,32,52,57,74,74,79,74,49,92,80,58,66,93,19,21,18,79,40,96,63,36,40,53,71,0,2,3,0,249,18,Moderately Ready
S2843,8.14,63,96,79,79,89,48,70,69,99,81,43,54,74,51,31,48,55,53,41,50,56,28,41,43,81,3,3,1,0,242,8,Industry Ready
S2844,9.56,91,66,80,94,97,62,74,76,57,62,92,32,68,64,22,80,85,23,53,97,40,80,98,41,67,1,4,3,5,465,2,Industry Ready
S2845,6.53,60,58,72,32,86,63,85,54,40,61,21,35,76,83,90,21,18,81,77,55,95,88,50,95,48,3,6,1,6,23,16,Industry Ready
S2846,6.02,93,62,80,81,83,95,64,94,92,43,97,86,22,92,74,42,74,95,54,91,76,60,51,48,87,0,7,3,1,328,18,Industry Ready
S2847,6.35,54,90,98,39,66,43,60,43,60,24,70,74,41,79,23,92,80,21,75,60,88,48,67,36,70,0,0,2,0,339,15,Moderately Ready
S2848,9.31,67,33,70,50,66,51,65,67,46,87,50,84,54,38,53,62,51,69,63,66,66,95,72,56,54,3,4,5,1,371,3,Industry Ready
S2849,8.28,43,43,40,66,43,83,90,83,36,96,46,54,47,66,48,28,43,95,99,61,59,73,81,94,71,2,4,1,2,427,15,Industry Ready
S2850,6.73,37,62,81,44,73,97,95,38,66,64,50,35,61,83,44,67,37,45,64,42,57,51,42,79,52,0,7,4,6,396,18,Industry Ready
S2851,9.01,83,51,52,38,71,80,51,82,84,78,89,20,31,49,74,94,99,56,48,42,48,84,80,54,61,1,7,1,1,292,11,Industry Ready
S2852,9.2,31,77,78,73,30,47,58,50,95,84,62,69,20,66,36,92,70,74,54,90,49,62,88,60,79,1,2,4,2,274,6,Industry Ready
S2853,9.14,85,32,67,68,52,79,38,81,45,82,71,33,42,52,54,52,49,37,76,60,93,88,58,93,98,2,2,5,0,260,19,Industry Ready
S2854,9.45,90,52,76,34,93,87,43,60,68,94,33,81,47,40,66,82,63,43,45,82,98,95,57,73,50,3,6,4,1,419,8,Industry Ready
S2855,6.58,51,97,36,54,57,51,36,71,42,86,78,26,88,82,31,54,68,49,82,45,64,99,76,57,72,0,2,3,2,215,1,Moderately Ready
S2856,8.75,64,50,95,85,33,81,69,56,42,68,39,42,55,61,43,95,87,36,84,64,88,35,67,59,63,0,3,0,0,500,7,Industry Ready
S2857,7.48,45,72,91,93,70,96,72,41,49,96,71,82,73,80,18,28,54,99,51,80,40,40,70,87,79,2,3,0,5,438,9,Industry Ready
S2858,9.12,79,55,58,81,89,84,79,76,39,51,94,48,66,62,59,46,89,61,66,99,98,52,46,45,83,0,1,0,2,51,0,Industry Ready
S2859,8.63,72,70,67,38,47,77,49,64,53,69,59,41,75,87,63,20,48,31,46,76,75,45,86,59,90,0,2,4,3,417,17,Industry Ready
S2860,8.84,46,67,62,39,92,62,76,40,43,77,87,99,29,45,67,65,51,46,67,69,57,22,77,65,45,1,3,0,2,366,7,Moderately Ready
S2861,8.32,87,40,58,39,90,79,37,58,91,71,63,25,24,52,71,34,20,74,91,95,86,42,97,80,55,1,1,1,0,135,12,Moderately Ready
S2862,6.26,31,58,52,91,78,75,65,74,88,42,25,48,33,52,47,78,84,23,51,78,54,73,44,61,69,3,6,1,6,237,6,Industry Ready
S2863,7.84,33,89,32,89,76,70,86,49,63,49,76,21,43,68,93,54,47,54,81,59,72,66,58,97,69,1,5,5,5,3,13,Industry Ready
S2864,9.73,68,96,74,48,68,67,75,87,53,89,77,83,82,60,36,71,66,84,74,40,61,55,52,81,53,3,2,1,4,235,6,Industry Ready
S2865,9.53,35,94,37,67,35,59,91,39,80,90,91,55,47,91,73,23,21,95,41,74,63,54,78,48,93,1,2,5,3,357,16,Industry Ready
S2866,5.69,98,90,58,35,82,53,76,70,96,49,49,39,40,55,12,86,51,48,65,82,40,62,67,57,46,3,0,4,1,199,17,Industry Ready
S2867,6.21,98,48,31,44,54,81,87,80,94,56,71,74,95,91,20,43,72,91,59,65,50,52,96,50,42,0,3,4,3,72,1,Industry Ready
S2868,6.07,49,75,79,76,94,67,90,57,39,67,30,56,39,41,33,91,18,91,64,60,82,24,41,54,70,0,1,0,0,40,2,Moderately Ready
S2869,8.62,93,78,94,74,34,48,87,79,67,51,66,71,81,66,38,69,31,95,60,49,65,23,45,37,49,1,2,5,2,495,18,Industry Ready
S2870,9.02,45,51,49,34,94,67,66,44,89,89,24,88,70,39,78,73,47,55,40,84,65,77,54,40,72,0,3,3,4,424,2,Industry Ready
S2871,6.42,80,86,81,82,37,76,88,88,53,54,22,89,59,43,17,79,82,53,67,68,45,71,67,63,96,3,1,4,0,246,11,Industry Ready
S2872,7.68,66,43,66,95,68,99,71,66,51,95,34,41,84,62,28,60,66,55,92,42,72,91,76,38,77,2,0,2,7,30,3,Industry Ready
S2873,9.12,98,73,56,91,72,81,42,77,76,87,21,34,47,92,77,51,76,74,77,82,53,94,64,99,76,2,7,1,5,94,3,Industry Ready
S2874,8.65,71,45,76,52,34,69,45,49,56,51,21,66,73,35,78,30,39,23,52,91,63,69,95,42,54,0,1,1,2,59,8,Moderately Ready
S2875,7.83,86,41,35,73,33,66,88,49,73,78,91,90,21,46,57,14,35,30,69,80,77,46,71,82,89,0,2,0,5,434,2,Moderately Ready
S2876,8.04,95,84,89,81,30,89,94,54,61,54,73,88,33,64,49,75,81,78,99,96,88,29,96,50,43,1,4,3,5,295,2,Industry Ready
S2877,7.69,38,80,74,75,85,88,44,84,80,35,65,71,33,56,76,79,63,22,49,82,80,81,94,81,76,1,7,1,6,454,19,Industry Ready
S2878,6.78,93,68,73,48,74,85,76,40,62,98,60,58,63,32,25,70,41,93,84,80,56,39,76,65,81,3,6,4,0,24,4,Industry Ready
S2879,7.93,51,62,47,76,94,93,71,51,86,71,88,21,59,70,73,17,31,31,61,52,96,51,75,63,43,3,4,3,5,460,15,Industry Ready
S2880,8.46,63,62,94,81,32,48,92,60,99,85,49,64,53,21,17,75,17,92,68,48,53,67,69,77,49,2,0,1,4,196,18,Industry Ready
S2881,9.26,84,58,54,53,51,52,93,56,73,25,63,43,84,95,14,96,75,40,44,85,58,68,84,68,91,3,5,0,2,316,4,Industry Ready
S2882,8.24,58,98,56,46,85,89,58,98,52,33,29,80,37,78,81,71,23,41,47,55,47,45,63,40,98,0,2,0,7,499,7,Industry Ready
S2883,8.77,67,99,36,75,47,90,62,92,56,48,49,84,53,33,34,29,14,37,92,99,95,54,57,83,61,0,2,0,7,401,11,Industry Ready
S2884,6.19,47,60,73,93,54,83,71,71,45,45,94,72,68,68,62,13,22,25,50,88,62,47,40,94,70,1,7,4,7,326,5,Industry Ready
S2885,7.48,94,60,58,57,77,94,55,62,98,37,68,40,99,49,58,24,96,98,65,96,83,84,42,85,75,0,3,0,4,421,1,Industry Ready
S2886,5.54,30,75,73,79,60,87,67,83,91,23,54,86,74,28,81,65,86,84,58,86,41,45,46,43,51,3,7,2,7,63,14,Industry Ready
S2887,6.56,33,81,65,93,59,40,36,75,69,76,84,20,81,98,30,29,92,74,58,67,42,77,72,39,48,3,7,4,7,437,15,Industry Ready
S2888,8.62,33,39,48,57,95,42,62,80,71,72,36,78,89,43,60,33,33,59,69,67,92,25,60,98,67,1,4,2,2,361,3,Industry Ready
S2889,9.76,56,70,35,85,39,49,49,89,84,44,50,66,43,60,55,18,44,71,75,50,52,69,53,50,73,3,3,0,6,334,14,Industry Ready
S2890,5.93,72,32,54,88,88,60,35,45,64,66,89,37,67,79,18,30,87,63,81,83,44,68,86,93,44,1,2,3,7,176,6,Industry Ready
S2891,7.23,88,88,60,34,80,73,62,60,51,71,96,52,99,51,73,50,77,81,95,69,57,77,87,90,69,0,0,4,3,300,14,Industry Ready
S2892,8.94,61,81,38,83,38,37,84,47,67,53,71,34,58,66,86,22,35,93,48,50,40,65,76,99,55,1,7,2,0,189,15,Industry Ready
S2893,6.38,62,63,66,73,83,91,69,70,50,35,45,43,67,40,32,14,83,48,46,68,76,40,42,69,58,3,7,4,6,480,16,Industry Ready
S2894,7.89,57,78,56,71,91,44,62,98,49,55,24,55,89,61,69,73,47,38,57,89,60,44,98,44,95,3,5,2,1,51,4,Industry Ready
S2895,8.65,84,57,42,86,38,37,43,85,47,47,33,79,99,89,68,55,43,47,48,95,83,82,88,81,53,2,4,5,1,30,5,Industry Ready
S2896,8.15,89,42,70,76,38,80,58,56,37,84,70,53,28,21,17,87,43,38,45,96,58,85,76,69,86,1,6,4,0,183,3,Industry Ready
S2897,6.31,99,98,95,54,53,56,97,94,58,91,34,70,48,50,73,80,28,50,45,51,95,54,95,96,90,3,3,1,5,116,9,Industry Ready
S2898,7.03,91,96,53,73,68,99,38,36,57,72,31,59,87,75,63,79,12,73,84,47,77,99,64,67,63,2,0,2,6,72,0,Industry Ready
S2899,8.87,63,90,73,44,37,53,90,90,93,61,65,41,79,49,24,68,45,81,61,96,73,99,99,49,95,0,2,2,5,146,7,Industry Ready
S2900,7.88,85,89,89,80,54,96,75,74,89,98,83,35,45,82,61,85,13,33,56,92,41,52,93,69,89,0,7,4,7,123,5,Industry Ready
S2901,5.52,42,53,38,82,95,91,82,62,99,38,91,61,57,34,60,60,35,69,54,49,59,69,72,44,50,0,7,3,1,325,9,Industry Ready
S2902,8.77,85,92,31,63,39,47,92,37,66,63,78,35,81,37,13,25,84,78,48,99,70,43,52,54,52,0,1,1,4,181,3,Moderately Ready
S2903,5.65,47,90,85,37,53,50,73,97,94,49,45,24,45,51,43,60,12,89,45,94,52,42,92,42,49,0,1,2,6,99,20,Moderately Ready
S2904,8.71,83,52,59,99,88,50,59,57,64,93,48,25,33,33,33,51,58,77,62,98,53,56,89,42,68,1,4,0,1,479,12,Industry Ready
S2905,6.37,72,59,51,50,60,86,94,89,52,63,23,61,68,81,30,20,18,28,56,74,77,82,72,47,78,0,5,0,6,411,17,Industry Ready
S2906,9.62,68,89,42,36,40,75,81,66,93,46,69,49,62,71,11,77,55,76,71,91,51,75,68,93,66,3,5,5,0,442,19,Industry Ready
S2907,7.08,90,47,45,85,35,82,95,62,87,92,44,51,27,41,16,61,75,60,71,75,96,82,58,81,93,3,0,4,5,317,1,Industry Ready
S2908,6.91,71,85,74,78,99,73,61,42,98,53,59,72,59,33,65,82,23,46,76,52,52,38,98,94,98,0,3,3,3,177,5,Industry Ready
S2909,6.14,47,82,94,71,61,47,76,37,64,43,51,38,44,97,84,19,12,77,42,97,63,40,65,75,40,0,6,1,6,165,10,Industry Ready
S2910,6.81,52,36,40,52,68,38,86,87,52,75,94,70,82,53,85,81,11,87,96,91,79,58,92,86,71,2,0,2,5,9,11,Industry Ready
S2911,9.27,83,98,99,81,77,77,82,63,39,26,56,47,23,99,77,72,95,77,55,66,70,91,96,88,57,1,4,0,7,162,8,Industry Ready
S2912,9.78,59,81,49,82,42,80,66,93,42,87,29,66,34,75,44,45,42,43,41,79,53,45,94,70,43,3,2,2,0,45,10,Moderately Ready
S2913,7.08,87,33,92,45,88,81,58,58,43,70,57,91,35,72,35,54,19,99,91,41,89,70,77,47,55,3,5,0,7,279,14,Industry Ready
S2914,7.43,97,63,41,66,96,87,37,72,66,27,80,20,73,68,27,15,62,81,42,67,69,79,48,45,57,3,0,4,0,97,12,Moderately Ready
S2915,8.6,96,98,91,47,85,59,61,62,48,75,46,87,30,82,73,15,53,86,80,73,66,97,85,42,60,3,7,4,2,114,1,Industry Ready
S2916,9.31,47,62,71,49,70,75,74,96,47,96,26,76,47,35,65,75,47,22,90,60,75,25,69,65,90,0,4,2,1,328,19,Industry Ready
S2917,8.05,36,98,98,75,85,37,57,85,52,77,92,41,26,99,89,82,30,70,53,45,45,26,61,96,86,0,6,4,1,474,13,Industry Ready
S2918,7.18,69,67,87,31,64,47,41,41,56,88,28,77,57,59,64,73,44,86,53,91,93,79,82,46,93,1,7,1,2,353,9,Industry Ready
S2919,7.27,99,55,34,92,67,52,71,57,54,27,78,32,43,57,21,47,76,99,69,99,99,80,43,45,64,2,4,5,4,206,14,Industry Ready
S2920,8.49,94,30,56,32,96,71,41,80,49,85,55,58,87,37,46,78,92,76,88,78,97,24,46,51,49,0,3,4,4,90,20,Industry Ready
S2921,5.51,97,33,57,75,63,77,56,62,41,43,49,46,56,42,61,70,31,39,79,65,45,27,57,61,46,3,2,1,5,346,9,Moderately Ready
S2922,8.16,78,68,55,78,99,68,51,58,64,61,38,58,54,67,28,87,29,64,88,75,54,52,89,47,92,2,0,4,2,126,20,Industry Ready
S2923,7.03,81,83,78,30,40,89,53,41,39,73,60,91,25,65,24,83,92,25,66,79,95,76,45,78,40,3,4,2,1,415,20,Industry Ready
S2924,8.92,58,62,50,51,56,86,73,83,35,35,74,31,52,41,95,72,77,52,56,57,63,31,68,92,72,1,2,1,4,236,8,Industry Ready
S2925,5.9,50,62,30,43,77,70,70,37,94,23,25,43,73,73,93,80,17,62,78,81,52,56,44,64,72,0,7,5,4,26,5,Industry Ready
S2926,8.03,38,49,87,74,53,88,49,36,65,78,41,37,33,59,61,29,60,69,48,91,46,34,45,47,58,1,3,5,3,25,20,Moderately Ready
S2927,7.57,76,45,84,35,47,93,97,41,54,65,89,34,38,49,86,84,35,46,75,82,84,36,73,42,46,3,6,5,4,171,2,Industry Ready
S2928,8.26,71,50,55,94,56,86,63,55,98,32,43,79,30,74,96,86,60,49,49,78,60,56,73,98,86,0,7,3,1,144,11,Industry Ready
S2929,5.78,80,74,54,50,83,53,94,43,98,56,81,35,90,75,35,73,74,37,68,44,77,70,40,86,84,0,7,5,3,399,16,Industry Ready
S2930,7.99,85,91,62,33,84,46,90,46,63,73,61,93,64,61,54,90,35,49,43,65,77,48,57,40,80,0,4,2,3,482,11,Industry Ready
S2931,7.91,80,60,98,32,50,45,74,58,44,68,41,66,79,61,30,46,56,34,60,50,53,22,66,88,53,0,3,1,6,153,3,Moderately Ready
S2932,7.91,99,71,35,59,88,82,50,67,63,94,35,43,77,81,90,45,52,95,76,89,42,94,49,56,77,1,2,0,7,357,13,Industry Ready
S2933,8.09,49,41,52,60,63,50,67,77,65,77,32,64,97,72,62,19,18,81,41,55,82,45,78,97,46,0,3,5,7,311,7,Industry Ready
S2934,8.41,56,94,59,63,87,81,50,39,64,38,56,38,43,72,38,43,44,40,54,58,84,64,41,71,85,2,0,0,7,221,17,Industry Ready
S2935,8.96,67,32,83,49,77,65,64,48,59,37,71,60,30,83,57,54,91,31,67,91,74,25,58,90,82,0,3,3,5,489,1,Industry Ready
S2936,6.66,94,38,40,83,83,42,78,70,92,79,43,50,91,20,95,72,28,68,64,44,51,73,66,75,42,3,6,0,6,420,13,Industry Ready
S2937,9.05,83,80,60,54,47,95,72,69,91,36,36,35,63,98,28,22,57,20,65,46,94,38,93,94,50,1,1,2,1,461,3,Industry Ready
S2938,7.64,53,45,35,44,32,78,85,84,97,30,35,42,98,88,63,34,89,94,96,42,93,32,61,54,47,2,1,5,2,81,1,Industry Ready
S2939,5.83,76,32,40,67,53,84,94,45,71,34,20,97,85,46,87,53,37,74,48,64,60,76,49,79,65,3,1,1,6,219,5,Industry Ready
S2940,5.75,92,53,41,52,30,69,52,58,92,91,20,42,64,36,96,83,12,44,69,49,98,92,98,92,77,0,1,5,7,231,7,Industry Ready
S2941,6.94,86,42,95,81,35,95,39,78,62,36,49,60,93,82,11,33,27,66,48,90,93,76,96,71,42,3,0,2,0,143,2,Industry Ready
S2942,8.88,84,31,82,95,48,89,74,85,61,24,43,37,51,60,41,78,22,92,40,44,93,65,83,73,68,1,7,4,4,257,14,Industry Ready
S2943,8.54,89,50,65,86,72,48,40,51,71,80,65,55,36,77,71,83,36,58,95,71,59,31,66,37,51,1,4,4,5,467,18,Industry Ready
S2944,8.89,91,48,46,86,37,38,46,42,40,23,21,31,73,76,16,56,49,46,95,71,99,48,51,72,57,0,1,0,7,413,19,Moderately Ready
S2945,7.72,59,76,57,81,98,51,46,62,96,75,34,94,29,57,77,59,48,69,51,44,66,84,54,80,96,2,7,3,2,328,4,Industry Ready
S2946,7.39,51,51,51,64,81,58,56,46,67,94,48,88,25,85,96,45,67,74,84,94,44,68,89,83,82,1,5,3,0,438,18,Industry Ready
S2947,6.13,58,62,36,43,76,83,83,77,74,67,81,70,39,64,93,42,66,47,91,93,84,23,94,68,46,1,1,5,1,190,5,Industry Ready
S2948,6.91,70,61,44,43,57,89,84,71,75,67,32,51,20,42,31,12,33,76,52,82,94,96,40,60,69,2,6,4,4,370,20,Industry Ready
S2949,7.37,71,93,40,62,75,57,38,97,76,54,84,90,83,39,38,40,31,98,53,58,98,47,77,36,81,0,4,3,2,319,9,Industry Ready
S2950,5.88,94,68,53,81,33,46,84,97,43,52,64,55,20,55,12,69,60,35,49,51,50,69,80,90,87,3,1,3,0,64,3,Moderately Ready
S2951,6.45,60,71,96,30,37,45,37,44,52,40,66,59,80,61,31,38,99,75,56,70,88,31,63,41,97,0,5,0,5,154,8,Moderately Ready
S2952,8.07,59,38,59,63,90,63,50,71,49,24,35,89,98,41,93,53,93,54,56,56,99,37,45,70,55,0,4,5,1,245,9,Industry Ready
S2953,8.66,47,54,99,48,46,96,48,45,38,83,22,57,20,79,98,54,97,47,70,61,81,25,68,74,86,3,1,2,5,136,4,Industry Ready
S2954,9.79,46,31,95,53,63,87,98,53,68,88,89,73,65,30,62,51,85,65,85,98,83,87,45,60,84,3,5,2,3,467,15,Industry Ready
S2955,9.51,67,48,90,33,49,82,75,86,96,40,24,23,79,47,66,30,91,86,88,93,45,95,77,50,64,0,7,1,3,346,10,Industry Ready
S2956,8.26,43,49,70,65,63,82,93,52,72,93,45,65,62,64,19,41,85,35,90,91,44,42,87,43,43,2,4,2,3,166,3,Industry Ready
S2957,7.31,85,99,80,87,72,93,36,66,57,51,34,82,63,41,49,37,47,98,65,86,61,47,54,56,43,3,4,2,1,162,11,Industry Ready
S2958,8.24,51,46,73,61,39,91,44,57,54,37,92,93,57,82,29,94,70,93,74,89,40,94,47,39,77,1,2,0,0,160,9,Industry Ready
S2959,8.88,96,97,42,38,59,37,60,46,90,77,74,69,21,50,96,56,58,68,75,80,59,59,68,77,89,0,3,5,1,396,1,Industry Ready
S2960,6.01,85,32,41,96,54,66,38,92,87,98,41,49,31,30,20,56,32,87,50,61,63,67,41,64,97,1,4,0,3,333,20,Industry Ready
S2961,7.26,48,80,38,49,86,42,62,55,36,43,56,92,42,55,17,26,13,41,55,88,59,53,50,66,40,1,1,5,1,436,18,Moderately Ready
S2962,9.11,86,55,77,91,92,64,36,55,55,24,48,35,28,97,45,38,85,37,68,95,86,81,48,51,81,3,0,2,4,0,19,Industry Ready
S2963,7.15,73,85,78,87,76,49,50,63,76,72,45,71,27,54,34,57,90,41,84,65,87,77,55,60,42,2,4,1,0,177,9,Industry Ready
S2964,7.96,64,93,82,51,32,89,91,81,91,92,89,23,69,42,48,11,94,35,57,70,68,53,97,46,67,1,1,2,6,326,11,Industry Ready
S2965,8.03,30,37,85,96,75,72,57,46,83,74,30,45,99,48,71,42,46,75,50,94,81,76,63,71,85,0,7,5,5,430,1,Industry Ready
S2966,6.29,81,66,69,77,65,49,57,92,44,24,39,48,81,42,96,72,15,22,50,98,63,48,73,76,50,3,4,2,4,480,6,Industry Ready
S2967,7.06,99,56,53,37,55,64,55,75,95,88,89,30,42,35,30,77,37,72,48,82,98,96,82,91,76,1,2,4,5,358,0,Industry Ready
S2968,6.94,66,74,62,44,39,80,59,53,55,60,52,43,78,38,28,48,17,54,97,45,47,71,63,46,41,0,0,5,3,243,10,Moderately Ready
S2969,5.61,94,33,52,61,63,98,92,46,94,26,49,70,29,82,34,98,29,99,64,51,73,27,88,80,48,0,0,1,0,179,18,Moderately Ready
S2970,5.6,80,66,83,82,37,60,71,57,47,20,69,61,31,69,96,14,25,40,97,82,61,35,77,61,56,0,1,5,4,289,12,Moderately Ready
S2971,9.08,30,62,82,96,84,70,83,39,82,71,53,58,81,92,92,77,22,84,94,66,78,49,77,41,71,1,3,2,7,237,17,Industry Ready
S2972,6.67,50,60,78,33,39,65,49,60,74,45,24,26,95,62,14,61,88,76,71,56,94,45,64,72,90,2,6,0,1,116,12,Industry Ready
S2973,7.73,82,84,78,59,86,74,62,97,97,82,99,37,49,38,92,61,71,66,73,49,72,76,80,82,70,1,2,5,2,347,16,Industry Ready
S2974,6.78,45,41,89,42,74,80,38,86,43,31,31,22,93,37,21,38,86,53,42,84,91,58,92,76,60,2,3,2,5,6,13,Moderately Ready
S2975,9.54,90,40,94,50,79,76,81,44,91,89,95,82,97,25,34,46,75,67,53,44,69,52,72,61,56,2,0,3,6,173,15,Industry Ready
S2976,6.61,83,61,61,70,93,52,84,73,85,38,94,39,87,54,14,17,62,58,87,43,94,97,83,44,91,3,6,4,6,115,18,Industry Ready
S2977,7.35,69,86,50,48,31,70,94,57,74,99,71,92,66,33,85,29,93,49,79,78,45,50,82,76,81,3,5,4,1,254,11,Industry Ready
S2978,9.25,55,67,47,77,74,84,96,45,98,23,70,93,60,83,36,50,37,69,64,54,52,99,56,92,56,2,0,4,3,471,17,Industry Ready
S2979,9.12,94,89,89,92,91,95,77,82,98,24,40,89,26,28,13,79,27,35,55,41,83,40,46,75,82,1,6,1,2,78,11,Industry Ready
S2980,6.3,93,48,42,49,43,74,92,50,59,73,90,36,93,54,92,45,16,22,75,88,58,69,98,43,66,2,5,5,5,23,11,Industry Ready
S2981,8.95,72,85,53,93,44,37,86,80,62,89,77,98,71,21,54,41,30,80,48,94,97,25,66,80,67,2,7,4,0,90,17,Industry Ready
S2982,7.47,46,43,59,66,43,41,80,81,44,76,83,78,64,25,56,14,50,21,43,95,65,79,75,88,98,2,7,2,6,38,9,Industry Ready
S2983,7.58,88,62,31,60,60,65,59,82,62,97,25,73,57,44,97,29,48,45,84,92,56,92,80,93,78,0,7,1,5,445,1,Industry Ready
S2984,6.07,52,39,54,47,58,99,59,59,70,71,68,32,55,92,37,77,82,37,41,47,76,32,58,47,40,2,3,3,2,194,19,Industry Ready
S2985,5.85,36,93,79,49,56,98,69,71,45,37,91,61,77,69,44,31,19,85,94,55,66,77,54,50,55,0,5,0,5,329,5,Industry Ready
S2986,8.63,73,93,43,40,38,37,95,97,55,83,56,63,65,26,25,40,40,59,64,59,63,63,45,79,42,2,5,4,5,203,0,Industry Ready
S2987,7.63,82,91,35,73,49,69,49,63,60,29,29,99,86,82,21,50,51,22,89,63,86,98,96,66,54,1,4,2,6,168,6,Industry Ready
S2988,7.38,63,97,59,93,87,49,69,92,52,42,99,86,84,47,89,14,86,36,95,98,53,51,75,74,43,3,7,1,0,156,0,Industry Ready
S2989,8.64,75,72,59,63,78,55,63,65,75,87,85,91,37,21,84,19,78,43,61,74,42,78,44,78,75,3,7,5,4,199,9,Industry Ready
S2990,8.79,97,88,67,94,86,96,72,75,49,71,75,39,21,84,52,84,68,21,96,94,44,64,92,81,69,0,3,5,6,457,12,Industry Ready
S2991,6.18,45,81,87,84,45,62,58,84,57,66,90,66,23,78,37,46,47,89,44,93,96,74,84,94,68,2,5,2,5,272,8,Industry Ready
S2992,8.12,48,48,70,30,37,38,53,78,75,89,85,43,61,43,96,65,52,59,88,56,53,68,44,69,62,1,3,5,4,392,14,Industry Ready
S2993,6.08,31,50,86,67,96,47,80,43,40,45,64,70,68,81,90,95,11,45,60,44,47,80,41,94,44,0,5,4,5,374,17,Industry Ready
S2994,8.73,39,51,65,38,48,85,83,93,94,89,87,37,68,90,28,33,15,76,49,53,82,59,82,71,86,1,4,0,6,489,6,Industry Ready
S2995,8.32,79,38,93,46,96,82,78,61,86,62,83,42,26,57,84,94,86,68,62,53,64,53,57,56,50,2,7,1,5,270,1,Industry Ready
S2996,9.61,41,38,45,81,65,73,60,93,43,88,35,20,28,81,77,25,38,76,66,85,54,31,71,47,95,3,4,2,4,3,13,Industry Ready
S2997,5.8,99,56,43,47,89,92,59,37,64,82,29,85,90,84,83,11,87,75,69,82,84,34,86,50,58,2,5,1,4,148,19,Industry Ready
S2998,5.75,51,46,60,92,65,36,69,41,78,97,40,24,46,70,64,24,39,89,94,99,76,28,88,94,47,2,4,4,6,70,4,Industry Ready
S2999,6.71,61,73,95,62,40,59,70,50,96,85,31,37,40,71,92,50,98,95,43,70,84,39,68,76,82,2,2,5,6,431,9,Industry Ready
S3000,6.63,30,74,97,33,80,45,48,83,77,82,32,99,54,93,45,72,49,40,97,59,42,68,88,47,50,3,0,4,6,391,18,Industry Ready
S3001,6.56,83,37,94,81,84,35,90,66,62,32,29,93,95,82,71,58,46,35,45,52,84,33,59,97,48,3,5,3,5,45,6,Industry Ready
S3002,9.4,87,47,84,38,83,82,40,78,42,70,32,54,55,30,48,35,16,25,93,93,50,24,58,66,85,0,0,3,4,211,5,Moderately Ready
S3003,6.57,99,62,69,93,46,82,66,53,85,24,53,44,86,67,50,75,59,53,98,48,48,67,91,57,64,0,4,4,2,134,2,Industry Ready
S3004,6.67,47,30,54,59,91,44,60,37,64,66,78,43,62,73,69,38,27,78,65,91,43,76,55,77,64,0,5,1,0,109,12,Moderately Ready
S3005,8.77,35,35,54,37,71,64,49,94,45,55,68,32,27,69,95,79,17,86,49,73,88,79,50,66,53,3,5,2,4,197,6,Industry Ready
S3006,7.43,74,70,32,34,53,69,83,69,54,55,25,40,97,93,75,69,80,60,88,51,54,91,99,62,70,3,7,2,7,392,1,Industry Ready
S3007,8.84,52,84,98,92,46,53,90,63,65,69,31,58,55,57,68,74,64,38,44,79,66,62,67,67,52,2,4,1,4,461,18,Industry Ready
S3008,5.78,52,34,55,30,77,87,71,79,68,75,48,53,67,27,49,49,57,48,78,55,70,83,61,60,40,2,7,0,0,431,3,Industry Ready
S3009,7.6,55,88,69,44,99,68,87,61,46,38,96,38,65,25,28,20,83,51,76,40,89,21,66,76,69,1,2,1,6,99,0,Moderately Ready
S3010,5.64,36,47,67,67,36,66,92,69,82,39,45,47,51,87,64,61,67,29,79,55,55,20,56,63,48,1,2,4,2,51,10,Moderately Ready
S3011,5.77,73,78,67,71,43,40,70,53,62,41,87,30,26,88,55,96,25,83,40,45,95,83,47,36,79,0,1,4,5,412,1,Industry Ready
S3012,9.4,56,94,97,75,40,47,45,51,97,50,98,68,93,25,13,99,34,96,96,59,71,91,47,68,68,2,3,3,6,2,1,Industry Ready
S3013,6.1,55,83,36,82,41,98,61,69,82,81,35,54,31,51,92,88,38,39,73,45,73,43,62,72,70,2,6,2,4,108,13,Industry Ready
S3014,7.79,65,90,59,55,34,41,36,64,76,63,72,95,74,57,71,82,17,47,87,74,45,21,71,46,57,1,0,3,5,158,17,Industry Ready
S3015,7.27,84,37,48,90,34,79,56,82,86,87,38,76,42,76,34,73,93,46,47,80,83,78,83,86,42,0,5,2,5,343,10,Industry Ready
S3016,6.99,93,32,64,96,49,79,51,91,39,86,66,47,94,83,72,90,64,96,60,90,44,53,54,55,94,2,0,1,6,62,1,Industry Ready
S3017,9.37,86,54,62,83,83,99,38,51,46,68,51,85,71,73,79,12,61,44,70,42,96,75,66,74,74,1,7,0,7,151,5,Industry Ready
S3018,5.59,98,98,62,51,84,53,48,49,93,78,89,84,32,33,22,20,86,48,97,60,63,95,98,83,41,0,7,5,7,175,6,Industry Ready
S3019,8.35,90,84,67,55,87,81,41,48,99,23,89,92,95,83,95,37,35,34,86,46,88,24,43,60,43,0,2,2,2,99,9,Industry Ready
S3020,9.64,31,69,39,89,59,80,50,48,86,58,80,41,90,69,13,71,34,64,62,53,58,74,79,86,80,0,3,0,7,290,0,Industry Ready
S3021,7.91,84,79,86,68,53,63,53,79,77,26,24,70,72,66,11,57,82,64,50,69,69,55,71,96,54,1,2,0,4,373,5,Industry Ready
S3022,9.53,67,62,57,65,32,95,35,72,97,90,78,28,82,73,76,37,35,49,55,61,51,91,96,95,89,2,6,0,2,24,19,Industry Ready
S3023,5.72,58,47,67,50,77,99,65,97,84,68,21,90,93,38,39,55,85,57,66,53,44,74,86,80,56,1,5,1,5,183,13,Industry Ready
S3024,7.3,55,86,45,70,51,57,38,45,73,34,21,55,90,94,13,73,99,79,46,94,67,29,76,63,65,2,6,0,3,358,5,Industry Ready
S3025,6.62,64,45,50,77,43,85,92,82,76,26,22,73,70,58,57,64,56,51,88,64,95,65,93,84,70,2,7,0,4,246,8,Industry Ready
S3026,8.64,96,67,35,55,77,97,90,60,51,66,89,57,77,84,52,92,95,69,63,42,78,71,49,36,69,2,7,4,4,20,4,Industry Ready
S3027,9.72,58,70,70,92,58,56,87,59,77,87,62,85,46,79,54,11,10,90,71,44,73,81,95,98,62,3,1,4,7,142,9,Industry Ready
S3028,6.6,63,36,44,65,79,67,77,95,83,64,24,62,26,52,22,84,73,54,74,44,51,23,92,77,69,3,7,2,5,225,6,Industry Ready
S3029,8.31,70,82,32,53,39,78,83,60,39,38,69,24,69,51,56,25,21,95,70,90,62,75,67,44,50,3,5,4,5,456,7,Industry Ready
S3030,6.35,70,92,72,50,56,41,94,68,35,66,29,56,43,55,37,20,33,24,86,98,44,30,91,87,72,0,1,2,5,130,20,Moderately Ready
S3031,7.93,52,61,76,47,57,36,50,43,58,72,46,77,44,43,46,12,39,50,68,81,93,69,71,62,77,2,1,0,1,376,11,Moderately Ready
S3032,7.49,32,67,43,44,38,51,94,74,63,46,43,82,63,62,37,64,23,99,43,48,79,80,71,36,85,0,5,4,6,9,7,Industry Ready
S3033,9.68,87,51,95,35,55,99,81,41,49,24,41,70,55,90,36,51,32,72,74,87,76,42,95,63,44,1,5,3,1,177,9,Industry Ready
S3034,8.12,61,45,58,72,37,92,49,64,38,79,22,91,76,90,98,38,11,20,50,80,55,49,90,86,98,2,2,5,6,206,8,Industry Ready
S3035,7.0,60,81,33,60,31,64,97,64,78,96,35,62,56,65,39,78,12,88,73,77,48,44,54,48,95,3,3,5,5,125,20,Industry Ready
S3036,5.99,72,58,55,57,86,60,62,92,99,81,49,86,71,66,15,40,15,87,78,76,72,49,45,62,74,1,5,1,5,335,15,Industry Ready
S3037,6.15,36,45,41,37,81,69,54,89,65,78,62,86,82,88,18,86,92,84,97,43,76,58,48,35,90,3,4,4,5,12,14,Industry Ready
S3038,6.47,30,46,31,58,87,97,97,48,54,80,23,84,26,33,15,34,30,34,54,59,72,99,77,93,40,1,0,1,2,43,8,Moderately Ready
S3039,6.58,90,93,46,50,32,62,67,71,44,75,59,81,79,64,38,15,29,71,53,60,88,93,69,78,43,2,4,5,1,235,13,Industry Ready
S3040,9.16,43,42,64,87,37,59,70,78,45,97,35,82,56,71,96,69,30,57,60,89,40,30,80,77,97,2,7,4,2,384,0,Industry Ready
S3041,7.91,81,85,39,89,88,95,47,40,62,66,91,49,40,69,79,76,49,43,46,87,86,92,79,51,87,0,3,5,4,174,15,Industry Ready
S3042,7.75,35,34,72,79,31,65,96,60,72,67,35,57,65,84,95,31,77,42,56,63,76,55,55,88,97,3,6,4,4,249,6,Industry Ready
S3043,5.99,39,41,50,60,91,88,57,48,58,29,85,70,40,96,75,50,34,66,81,99,48,71,99,49,77,3,5,3,5,54,10,Industry Ready
S3044,9.2,59,70,44,76,78,85,47,42,73,51,74,57,91,83,62,62,80,26,57,46,57,24,64,82,76,2,2,0,7,160,1,Industry Ready
S3045,8.61,50,32,64,63,49,92,74,58,85,84,39,86,71,42,79,69,80,50,53,85,77,95,49,80,46,0,2,2,3,455,17,Industry Ready
S3046,5.79,89,62,89,31,58,68,64,73,84,43,70,96,48,90,14,48,42,26,77,94,60,93,69,83,99,0,5,4,3,271,6,Industry Ready
S3047,8.54,92,79,73,96,46,93,59,83,41,48,76,67,88,89,29,64,60,96,68,88,83,33,48,70,98,3,2,4,1,47,2,Industry Ready
S3048,7.84,71,85,34,81,51,55,60,97,87,26,70,31,95,78,21,39,99,23,93,47,53,39,79,48,49,2,1,1,5,290,15,Industry Ready
S3049,5.85,80,38,47,36,35,90,58,60,71,36,37,39,58,92,17,80,90,73,90,50,78,39,96,37,72,3,1,0,5,50,3,Moderately Ready
S3050,7.47,93,79,50,48,91,71,73,44,88,44,96,91,46,93,67,98,81,99,49,88,78,63,85,40,90,2,1,4,4,443,2,Industry Ready
S3051,7.58,85,58,80,44,60,98,95,92,89,55,78,21,96,73,58,11,99,71,56,85,90,44,94,56,98,3,4,4,2,333,3,Industry Ready
S3052,6.21,70,68,70,77,91,53,83,48,65,80,47,94,29,90,73,17,88,99,71,48,45,60,46,56,53,2,7,2,1,104,12,Industry Ready
S3053,9.57,61,74,53,43,41,87,75,73,99,90,88,74,55,45,59,72,29,67,90,45,42,88,82,70,75,0,5,5,3,346,20,Industry Ready
S3054,9.15,44,46,53,32,41,97,54,65,93,54,47,25,35,63,48,68,28,85,59,79,87,21,91,84,86,0,5,0,0,427,13,Industry Ready
S3055,8.38,91,85,67,79,92,96,78,84,81,97,32,81,55,95,49,37,80,73,56,56,87,31,87,69,77,3,6,0,2,431,9,Industry Ready
S3056,7.49,56,75,73,83,45,53,50,50,83,69,25,68,53,32,40,83,65,99,85,93,57,47,88,43,91,0,0,5,5,384,13,Industry Ready
S3057,7.27,57,96,86,35,54,36,55,85,52,75,48,73,56,73,12,47,65,73,46,52,76,63,94,63,94,3,2,4,7,486,16,Industry Ready
S3058,8.3,93,98,88,78,51,40,49,49,37,84,28,29,91,59,92,27,10,64,90,84,59,32,79,61,69,0,2,0,0,241,13,Moderately Ready
S3059,7.85,88,43,63,52,47,63,73,72,52,60,48,43,87,23,81,71,48,59,95,56,68,62,51,91,65,3,4,0,1,362,4,Industry Ready
S3060,5.77,87,96,52,49,74,75,76,55,92,44,57,48,78,72,39,86,46,54,78,90,75,74,96,93,70,0,6,2,7,349,20,Industry Ready
S3061,7.7,31,52,72,89,97,85,95,50,59,53,84,25,48,20,38,94,27,43,83,41,55,27,56,76,81,2,6,3,1,290,2,Industry Ready
S3062,8.97,65,90,69,74,41,39,38,99,52,27,75,77,50,25,79,32,81,54,69,69,43,83,64,87,86,0,5,5,0,393,18,Industry Ready
S3063,7.47,42,52,76,90,78,75,58,47,86,75,49,97,85,74,65,74,88,56,77,71,95,31,86,72,58,2,0,5,1,350,14,Industry Ready
S3064,5.72,44,56,70,85,62,96,37,98,77,49,78,76,22,85,75,49,15,94,79,89,84,60,46,38,79,0,0,2,1,11,8,Moderately Ready
S3065,8.88,89,83,76,31,92,64,35,95,41,87,77,22,88,37,96,69,31,53,80,75,53,63,94,86,52,0,4,3,4,103,8,Industry Ready
S3066,6.37,51,39,49,74,47,96,47,66,78,40,29,43,41,48,72,94,20,43,89,46,56,30,58,78,62,2,2,2,5,34,9,Moderately Ready
S3067,6.61,92,45,94,69,83,61,88,46,78,29,40,38,99,72,39,14,99,23,49,99,74,38,56,57,58,1,3,5,2,225,15,Industry Ready
S3068,6.21,54,70,97,53,56,84,74,75,85,52,75,28,92,52,62,27,81,69,71,55,96,79,71,94,55,3,6,5,3,166,7,Industry Ready
S3069,6.92,77,84,53,58,54,86,45,42,55,94,45,49,72,22,55,47,18,97,96,58,74,91,62,38,64,1,3,4,5,127,6,Industry Ready
S3070,8.75,72,90,65,96,63,83,76,93,71,94,34,96,67,39,18,38,22,43,65,54,88,46,84,37,65,0,0,2,4,351,13,Industry Ready
S3071,7.73,67,78,74,97,89,96,38,59,62,23,54,63,92,23,16,35,12,55,92,94,84,90,71,57,60,3,6,0,1,203,17,Industry Ready
S3072,6.38,70,81,31,95,83,94,59,39,66,42,34,72,95,27,72,69,76,98,87,96,71,46,65,71,57,3,7,0,3,428,14,Industry Ready
S3073,9.27,74,31,57,83,34,88,70,79,91,88,94,87,66,47,56,45,16,54,56,53,92,33,47,52,48,3,0,1,1,283,11,Industry Ready
S3074,9.28,69,79,55,82,65,39,98,36,75,72,25,79,61,85,53,91,76,48,40,84,91,43,61,39,63,3,2,4,5,210,20,Industry Ready
S3075,9.24,46,72,52,78,83,43,78,76,88,24,47,42,23,92,58,38,84,55,78,91,49,83,85,75,86,2,0,0,7,407,9,Industry Ready
S3076,6.53,86,37,65,61,65,68,74,72,61,37,82,80,61,45,88,40,55,87,93,46,68,43,94,72,79,1,7,4,7,403,4,Industry Ready
S3077,7.44,31,88,35,90,98,70,79,37,74,36,48,26,62,53,88,72,67,98,65,86,95,21,96,81,56,1,4,2,2,469,16,Industry Ready
S3078,9.74,91,94,64,71,68,54,42,80,75,77,67,63,61,90,94,22,37,30,69,72,98,71,47,46,69,2,3,0,1,10,5,Industry Ready
S3079,8.82,38,41,67,30,99,97,69,56,58,86,82,74,22,68,71,80,40,74,48,73,51,31,85,64,43,1,6,4,0,283,18,Industry Ready
S3080,5.62,97,33,64,92,33,64,78,67,52,91,77,94,78,68,68,49,61,68,83,63,98,84,44,40,94,0,3,2,0,492,16,Industry Ready
S3081,5.78,46,70,82,64,94,37,52,66,90,75,40,58,95,92,87,79,18,98,72,74,48,79,51,95,93,3,0,5,0,231,13,Industry Ready
S3082,7.49,79,36,67,80,69,83,81,51,49,59,95,78,30,46,84,11,85,76,65,60,65,77,66,98,67,0,4,3,0,19,15,Industry Ready
S3083,9.41,69,98,88,74,66,76,59,90,69,21,41,24,54,84,84,17,17,74,81,63,60,61,59,45,80,0,7,1,3,452,6,Industry Ready
S3084,7.82,87,98,72,94,96,58,75,37,61,40,46,61,69,52,93,83,95,75,49,76,40,20,50,96,79,1,5,2,5,242,14,Industry Ready
S3085,7.64,50,59,33,43,60,78,39,83,37,71,98,33,82,91,22,52,27,93,81,55,75,41,75,51,48,2,0,5,6,446,13,Industry Ready
S3086,5.95,47,35,34,32,76,35,98,89,55,43,76,46,89,68,39,58,58,23,71,99,58,91,91,54,75,2,0,3,0,371,20,Industry Ready
S3087,8.32,84,48,97,53,56,88,96,65,73,72,29,35,25,82,93,31,20,44,78,56,45,32,41,60,47,0,5,4,7,313,18,Industry Ready
S3088,9.04,58,95,74,94,80,86,37,55,66,57,41,21,51,51,52,83,11,21,95,68,86,97,49,93,99,3,7,3,1,295,12,Industry Ready
S3089,7.14,53,39,54,77,49,70,71,50,84,39,63,38,30,38,60,44,38,38,86,57,57,84,81,59,61,0,4,0,7,262,9,Moderately Ready
S3090,8.84,46,45,40,39,42,72,75,51,43,69,47,42,62,69,17,28,64,27,81,97,76,57,46,52,64,3,4,5,6,341,13,Industry Ready
S3091,9.65,47,66,58,42,92,78,54,35,84,58,69,60,58,41,46,13,62,83,87,87,47,83,95,63,97,3,1,5,6,420,13,Industry Ready
S3092,6.38,71,61,63,43,73,81,74,99,35,79,70,33,32,86,99,28,35,25,87,50,50,95,51,69,88,0,6,4,4,255,11,Industry Ready
S3093,7.75,74,76,43,39,53,63,42,71,38,58,20,66,32,28,73,29,60,33,91,42,44,71,94,49,45,0,3,1,1,488,7,Moderately Ready
S3094,6.73,46,72,53,69,32,85,39,58,38,90,53,82,58,54,48,13,87,89,72,81,60,99,55,85,65,1,0,1,1,412,7,Industry Ready
S3095,8.91,43,65,88,52,39,75,59,96,68,52,54,27,65,90,17,58,15,95,66,57,79,51,70,37,81,3,2,4,7,75,16,Industry Ready
S3096,7.98,78,55,68,84,94,98,73,55,61,48,80,46,53,98,71,35,21,90,82,55,82,46,66,55,41,0,0,0,7,348,16,Industry Ready
S3097,8.23,58,39,55,92,78,82,71,71,49,93,49,59,86,23,91,12,43,76,68,80,60,80,71,95,70,1,0,4,7,419,6,Industry Ready
S3098,8.93,33,60,72,71,87,56,39,69,66,29,95,47,51,56,48,61,79,49,58,92,59,81,81,37,51,3,2,4,1,34,17,Industry Ready
S3099,7.2,49,58,65,95,31,51,42,72,75,95,97,87,87,47,23,45,73,99,57,40,81,22,79,87,58,0,5,5,1,106,18,Industry Ready
S3100,9.43,76,34,68,76,95,39,38,87,95,86,87,80,84,28,61,50,46,27,74,82,48,97,66,69,96,3,3,4,4,149,9,Industry Ready
S3101,7.79,38,30,90,81,60,95,75,49,97,22,95,57,92,54,91,79,46,33,86,82,41,50,98,84,76,3,1,2,6,273,17,Industry Ready
S3102,6.18,56,32,45,47,97,40,94,76,95,96,59,94,26,44,66,60,17,67,67,66,88,83,64,42,87,2,4,1,6,440,0,Industry Ready
S3103,8.49,44,96,88,47,66,87,88,38,48,50,84,43,22,28,30,25,46,47,77,70,43,61,79,82,76,1,1,1,0,85,15,Moderately Ready
S3104,8.91,48,64,35,53,53,51,56,73,57,46,56,47,99,80,32,56,55,25,49,84,65,77,44,37,40,2,0,0,2,82,4,Moderately Ready
S3105,6.86,81,44,85,52,73,93,53,57,99,89,83,60,91,71,13,89,40,49,42,67,51,62,43,88,49,2,0,1,6,33,7,Industry Ready
S3106,9.19,55,96,37,41,70,73,67,49,66,46,20,37,88,36,83,55,20,23,81,79,58,51,92,36,99,2,6,0,3,456,11,Industry Ready
S3107,9.4,55,59,56,52,80,88,56,46,75,28,34,68,68,95,52,64,45,86,68,90,96,49,83,67,99,0,2,5,4,329,19,Industry Ready
S3108,6.69,55,72,56,50,71,82,99,88,60,25,32,45,77,28,20,97,77,29,55,66,58,80,82,46,73,2,5,0,4,82,12,Industry Ready
S3109,9.73,75,89,75,93,69,71,45,72,82,25,48,22,47,73,93,48,26,46,75,48,58,47,54,53,55,2,2,1,6,101,16,Industry Ready
S3110,6.11,78,69,70,63,77,82,50,62,50,45,74,96,46,24,28,15,25,64,40,96,97,64,52,52,80,3,0,4,4,8,9,Industry Ready
S3111,6.37,82,94,54,31,33,61,78,53,65,62,64,57,41,82,74,93,39,94,93,99,68,29,72,84,46,2,1,4,3,306,1,Industry Ready
S3112,6.29,32,58,47,98,89,61,43,98,66,38,23,33,90,66,11,70,48,54,57,77,78,35,44,56,52,3,6,2,7,27,17,Industry Ready
S3113,9.34,95,48,41,60,68,97,96,38,44,35,83,20,32,38,58,18,53,32,43,75,84,50,45,64,43,1,1,0,1,221,2,Moderately Ready
S3114,8.31,71,32,80,97,34,86,49,44,59,42,34,30,41,85,78,94,78,74,44,99,99,29,84,40,78,3,3,3,5,280,17,Industry Ready
S3115,6.15,48,65,68,99,35,81,40,46,79,94,67,59,94,64,43,20,46,62,60,99,73,93,64,35,70,0,5,3,7,209,19,Industry Ready
S3116,7.39,46,72,39,48,43,55,35,41,58,99,95,23,24,90,13,74,35,92,43,80,98,31,64,43,49,2,7,5,3,435,19,Industry Ready
S3117,8.15,62,44,83,42,99,91,54,78,37,48,75,53,41,92,48,68,92,87,90,66,47,47,49,86,51,0,0,1,6,25,20,Industry Ready
S3118,5.86,78,70,58,94,41,76,70,57,96,57,89,84,98,52,58,79,30,62,59,96,45,37,51,63,73,1,5,1,4,146,2,Industry Ready
S3119,9.29,85,65,70,35,91,82,36,36,89,78,34,75,72,99,12,16,28,59,58,86,71,71,42,96,67,0,4,3,1,218,9,Industry Ready
S3120,8.96,92,62,38,56,56,61,36,71,44,67,58,29,58,62,35,70,20,50,74,89,67,47,68,63,44,3,4,2,7,355,10,Industry Ready
S3121,7.67,32,34,92,81,83,67,37,54,89,39,88,90,56,91,50,66,28,22,91,65,50,47,68,39,67,2,1,5,4,67,3,Industry Ready
S3122,9.66,78,43,66,77,41,69,41,78,56,40,98,83,50,45,74,95,78,36,84,93,67,83,82,56,96,3,2,0,7,304,3,Industry Ready
S3123,7.3,84,97,43,97,37,50,98,85,48,47,79,32,81,64,25,43,11,99,96,66,71,33,63,83,86,0,2,0,7,25,14,Industry Ready
S3124,9.73,55,76,68,73,45,70,75,65,42,69,63,41,25,54,67,93,34,58,96,43,80,27,63,42,50,3,1,5,7,300,15,Industry Ready
S3125,8.37,81,83,69,46,81,90,88,75,49,52,62,75,53,72,44,54,99,85,63,90,47,22,64,74,73,0,3,1,6,322,6,Industry Ready
S3126,8.23,36,33,83,67,55,51,75,92,49,59,23,84,71,29,92,54,39,88,59,97,59,93,86,58,54,0,0,5,2,500,0,Industry Ready
S3127,6.21,75,38,32,39,37,54,39,39,86,73,96,32,49,60,25,24,26,96,89,87,63,28,88,47,90,0,7,1,0,116,12,Moderately Ready
S3128,9.29,75,82,84,83,74,42,97,67,88,29,69,20,32,36,42,18,94,95,67,77,91,66,76,84,44,0,4,5,0,99,16,Industry Ready
S3129,7.34,45,89,62,35,48,52,35,77,76,53,58,57,77,90,40,91,93,38,96,98,66,82,44,79,87,1,1,4,4,134,20,Industry Ready
S3130,6.2,53,75,48,35,46,52,59,53,53,92,73,77,72,85,31,55,27,41,77,51,86,59,94,38,60,2,5,2,1,265,7,Industry Ready
S3131,5.55,90,83,63,81,94,52,80,66,74,55,42,44,39,30,70,55,89,27,63,86,92,96,50,97,70,3,2,0,2,492,5,Industry Ready
S3132,7.91,83,66,79,44,58,36,49,37,61,94,79,61,25,82,93,45,85,87,59,54,98,43,79,99,79,3,0,4,2,195,5,Industry Ready
S3133,7.77,91,52,76,97,43,85,51,35,77,93,99,52,74,86,73,55,49,90,63,86,97,90,82,61,46,3,4,3,5,390,17,Industry Ready
S3134,8.59,30,56,75,86,46,44,55,75,86,26,54,76,50,65,79,51,15,37,45,87,50,32,94,97,74,0,3,4,1,149,3,Moderately Ready
S3135,9.33,78,99,85,85,42,48,87,82,80,35,73,56,78,39,44,39,97,25,77,69,86,25,61,45,60,0,1,5,1,253,14,Industry Ready
S3136,5.84,54,95,86,36,92,60,89,73,48,70,77,76,38,32,48,20,52,23,93,53,62,93,91,76,79,2,0,3,2,477,7,Industry Ready
S3137,8.65,39,90,80,80,62,81,44,39,98,80,81,81,89,36,12,42,79,60,64,47,61,70,54,72,44,2,5,3,0,469,1,Industry Ready
S3138,6.31,45,80,83,87,58,64,91,45,95,50,99,22,47,51,22,49,26,70,71,96,44,79,48,96,53,2,4,0,0,308,18,Industry Ready
S3139,9.19,87,79,57,93,66,90,99,56,92,51,67,49,32,35,23,79,51,31,56,67,87,94,89,38,73,3,3,4,2,28,8,Industry Ready
S3140,9.02,58,48,48,55,75,76,71,98,83,64,26,86,71,42,50,52,28,56,56,96,73,48,45,68,49,2,2,0,3,394,11,Industry Ready
S3141,7.83,35,30,56,87,53,38,41,46,63,95,64,82,93,30,17,48,64,21,44,70,70,35,65,60,57,0,0,2,2,126,7,Moderately Ready
S3142,8.55,45,69,77,60,43,45,74,87,60,46,32,42,80,33,28,95,38,22,56,41,86,83,45,88,56,2,5,2,4,190,17,Industry Ready
S3143,6.85,49,61,48,95,34,58,84,89,61,41,72,91,60,86,23,48,63,64,97,54,76,74,71,61,77,1,7,2,5,463,5,Industry Ready
S3144,7.53,72,51,80,42,82,71,35,87,69,34,58,92,64,90,84,62,80,58,48,79,86,48,82,73,88,0,1,2,3,188,12,Industry Ready
S3145,9.03,55,95,36,47,59,36,54,55,94,27,37,85,26,64,59,92,92,96,59,82,65,97,59,55,95,1,4,3,1,311,1,Industry Ready
S3146,7.47,62,69,58,42,89,46,65,53,95,87,41,80,33,94,70,95,17,73,41,87,62,74,74,88,71,2,6,5,2,120,17,Industry Ready
S3147,7.04,55,67,72,53,57,55,46,93,37,27,55,21,55,52,45,40,17,97,58,47,82,79,82,90,56,1,7,2,6,235,8,Industry Ready
S3148,7.63,74,77,98,86,55,98,56,83,67,35,72,46,27,64,76,72,78,37,48,44,77,60,42,97,95,0,6,0,2,312,0,Industry Ready
S3149,9.06,92,84,87,58,47,77,35,93,76,67,91,67,31,73,98,34,52,32,98,91,77,99,57,76,61,3,2,5,3,389,5,Industry Ready
S3150,6.94,96,84,37,85,65,88,35,57,47,53,22,82,59,70,86,50,59,33,79,96,71,28,74,60,64,0,5,4,2,36,13,Industry Ready
S3151,6.25,81,80,71,83,37,96,37,37,63,76,81,24,81,42,89,59,94,60,58,43,44,25,91,54,90,0,5,4,4,268,5,Industry Ready
S3152,8.56,97,89,71,34,47,46,55,90,43,24,48,20,33,48,54,68,13,59,84,51,64,48,49,87,55,0,7,0,7,224,17,Industry Ready
S3153,9.05,55,37,42,64,87,35,47,92,66,63,92,41,68,25,83,58,45,90,95,49,72,37,75,39,69,1,2,1,0,46,10,Moderately Ready
S3154,5.93,31,97,55,48,61,67,95,96,56,90,27,93,70,58,91,39,14,67,43,43,91,43,69,50,94,0,4,1,2,498,6,Industry Ready
S3155,6.53,43,38,47,84,78,98,47,52,92,56,95,43,81,24,81,54,96,29,45,90,46,70,65,43,73,0,4,1,0,455,3,Industry Ready
S3156,6.11,59,31,71,98,77,48,67,95,91,47,65,78,24,59,16,77,28,73,75,49,55,36,69,59,44,0,4,1,1,330,3,Moderately Ready
S3157,7.0,78,99,80,73,94,48,40,71,44,87,75,98,86,97,31,62,51,54,50,68,88,40,70,91,83,2,0,3,1,480,10,Industry Ready
S3158,7.44,41,88,45,67,62,43,59,88,59,57,68,69,20,40,18,35,24,43,60,67,68,81,94,72,72,1,1,3,2,191,17,Moderately Ready
S3159,8.72,73,48,32,91,79,60,57,99,96,65,62,42,68,78,69,80,67,68,81,68,99,94,43,42,44,2,2,4,1,352,14,Industry Ready
S3160,8.3,62,57,74,51,33,83,60,48,97,92,29,97,36,39,51,49,23,61,87,58,98,73,96,99,79,0,6,4,2,427,8,Industry Ready
S3161,8.17,42,43,51,69,65,51,38,39,37,45,32,37,92,43,68,21,57,94,64,90,54,30,63,65,81,2,3,3,0,431,15,Moderately Ready
S3162,7.02,55,53,52,55,57,94,69,96,81,94,76,41,54,22,49,10,81,93,69,82,59,62,40,67,42,3,4,3,3,487,11,Industry Ready
S3163,9.12,50,73,88,34,32,37,59,35,89,72,21,63,86,91,38,79,82,69,57,94,61,27,65,89,77,0,6,4,2,90,13,Industry Ready
S3164,7.53,57,85,91,83,35,59,54,97,60,82,84,63,32,76,64,10,84,40,64,52,49,42,88,70,52,2,1,0,5,493,14,Industry Ready
S3165,9.71,77,80,97,78,74,55,35,54,47,82,99,56,56,90,73,17,91,47,90,92,47,72,68,58,91,0,3,3,7,358,12,Industry Ready
S3166,8.23,69,61,83,32,52,46,57,77,41,57,61,26,57,89,51,42,72,74,60,96,94,59,77,95,47,3,0,0,6,145,6,Industry Ready
S3167,6.04,95,79,86,67,36,88,56,76,68,34,77,43,97,89,38,77,64,46,62,73,71,28,75,62,69,0,7,2,3,117,3,Industry Ready
S3168,8.41,52,70,52,43,90,35,96,73,56,28,29,96,25,95,30,59,41,87,69,85,67,43,97,94,89,0,2,0,0,172,13,Industry Ready
S3169,6.9,77,95,89,76,94,35,35,96,57,94,82,60,82,82,72,15,45,25,83,59,48,95,93,73,44,2,1,0,0,415,15,Industry Ready
S3170,8.45,31,54,84,43,35,79,93,82,82,41,90,89,68,66,72,69,94,77,85,57,70,95,48,65,77,0,6,3,7,236,0,Industry Ready
S3171,5.8,49,90,92,67,53,80,53,40,48,89,80,90,28,38,99,72,94,25,99,98,62,21,81,35,98,3,7,2,6,232,8,Industry Ready
S3172,6.25,88,95,85,93,66,82,64,76,86,75,20,37,55,32,47,61,84,79,57,87,58,89,71,47,70,3,1,1,3,23,12,Industry Ready
S3173,9.18,75,71,84,73,74,41,35,92,73,56,45,98,42,64,88,12,66,38,91,95,71,23,76,76,95,2,2,0,5,85,16,Industry Ready
S3174,6.48,32,94,54,99,80,44,82,77,75,76,24,91,98,51,75,88,53,80,72,75,49,80,79,71,41,0,2,2,2,433,19,Industry Ready
S3175,9.1,84,65,55,94,74,49,53,44,70,79,54,79,76,49,21,79,43,36,84,40,59,96,57,91,96,1,5,2,3,58,18,Industry Ready
S3176,6.7,41,38,78,54,92,74,86,73,40,31,32,71,69,61,42,15,60,68,98,65,74,83,63,69,46,0,6,3,2,254,20,Industry Ready
S3177,8.26,69,65,92,45,58,45,56,47,57,26,46,99,78,91,88,46,78,22,74,42,96,55,79,71,55,1,4,2,5,258,4,Industry Ready
S3178,8.48,95,67,74,44,54,90,84,73,44,85,31,68,26,61,10,60,19,53,85,83,70,60,57,54,49,0,6,5,2,66,8,Industry Ready
S3179,7.7,45,62,68,32,39,80,40,45,94,60,69,86,66,26,77,36,21,81,61,94,50,57,78,57,68,3,7,1,7,13,0,Industry Ready
S3180,6.81,63,71,94,96,64,79,98,50,64,43,78,64,94,22,37,55,50,79,89,99,82,34,47,89,69,3,2,3,7,95,1,Industry Ready
S3181,6.41,73,90,98,66,84,47,55,67,39,44,50,28,75,56,71,78,12,87,63,42,79,67,78,91,59,0,1,5,3,456,13,Industry Ready
S3182,5.64,35,75,85,84,54,61,53,94,91,81,88,45,27,22,87,26,74,53,62,60,49,49,93,84,81,0,4,0,0,271,4,Industry Ready
S3183,6.81,93,90,38,67,74,84,71,93,77,63,56,45,55,37,68,96,49,48,90,57,48,82,90,72,73,3,6,3,4,216,0,Industry Ready
S3184,8.31,51,47,99,92,41,95,97,85,86,21,21,49,61,61,58,26,74,79,40,70,81,44,50,81,47,0,2,0,1,196,15,Moderately Ready
S3185,9.53,47,99,57,30,33,47,63,49,40,61,90,46,58,28,54,32,86,63,54,95,49,23,82,64,73,0,7,3,4,189,5,Industry Ready
S3186,9.25,41,44,74,48,96,46,94,77,36,52,84,99,84,76,85,48,88,34,87,75,89,37,74,77,73,2,3,2,0,460,5,Industry Ready
S3187,8.79,81,77,55,81,46,63,68,61,51,36,22,23,63,43,15,42,80,64,67,88,76,64,63,61,84,2,6,1,1,186,2,Industry Ready
S3188,8.89,80,42,57,59,94,54,35,90,46,82,39,70,96,26,29,75,39,94,99,83,76,84,91,98,96,2,3,3,6,350,19,Industry Ready
S3189,8.36,77,72,69,84,82,65,82,94,78,41,21,89,99,61,94,19,97,28,81,91,46,92,52,40,75,1,2,5,6,148,18,Industry Ready
S3190,6.62,48,89,44,43,86,42,55,81,88,20,61,98,65,77,25,92,81,54,59,70,59,84,70,65,46,3,5,4,5,423,4,Industry Ready
S3191,9.4,35,86,35,42,57,58,68,42,41,89,62,29,32,75,21,49,76,29,75,47,59,46,97,63,97,0,6,2,5,316,13,Industry Ready
S3192,8.38,56,46,56,56,45,73,60,97,66,73,40,55,56,77,61,82,88,57,82,64,47,98,95,37,53,3,1,3,3,50,18,Industry Ready
S3193,7.91,82,79,67,38,50,67,70,41,63,33,64,65,33,37,29,24,52,48,55,88,56,79,69,54,59,0,4,2,6,200,1,Moderately Ready
S3194,5.98,77,61,97,70,71,76,57,36,80,72,39,25,32,58,67,52,62,65,44,85,77,78,68,92,76,0,5,4,4,84,14,Industry Ready
S3195,7.42,36,51,93,77,83,49,81,51,87,25,62,89,31,69,54,97,87,89,90,93,64,44,81,91,72,3,4,5,7,200,12,Industry Ready
S3196,7.48,88,84,59,41,61,99,78,38,59,83,69,98,74,52,11,21,39,92,82,59,52,53,45,38,70,1,4,2,2,9,5,Industry Ready
S3197,9.22,98,86,32,39,67,66,54,60,87,52,62,97,47,47,43,31,50,64,89,50,84,69,42,76,97,1,0,2,0,424,0,Industry Ready
S3198,7.85,40,42,91,35,99,45,61,39,63,91,43,22,41,75,35,27,53,96,54,79,52,74,67,68,72,1,7,3,0,491,8,Industry Ready
S3199,7.14,44,76,41,63,67,71,95,39,40,63,79,69,38,44,42,75,46,72,41,40,87,29,49,52,65,1,2,2,5,267,10,Moderately Ready
S3200,9.7,93,91,59,81,83,53,71,37,72,53,51,61,94,33,51,71,15,21,63,60,41,77,73,99,65,2,5,5,0,458,15,Industry Ready
S3201,5.98,32,83,67,70,89,85,86,72,37,53,24,97,49,74,74,70,92,23,52,56,76,22,40,59,90,3,0,3,5,211,13,Industry Ready
S3202,7.32,98,58,89,35,76,68,96,35,69,43,21,73,73,26,17,69,46,90,62,91,81,75,51,79,77,1,5,1,4,497,9,Industry Ready
S3203,5.68,52,51,67,31,41,94,58,42,89,21,45,58,34,23,74,88,10,38,51,67,81,46,75,48,55,1,0,4,2,447,18,Moderately Ready
S3204,8.68,82,94,44,44,82,87,46,47,81,27,44,74,49,49,19,48,98,30,85,57,96,35,95,45,51,1,3,5,4,383,18,Industry Ready
S3205,9.45,66,58,47,46,62,46,50,84,67,44,69,30,48,81,41,82,19,51,72,68,50,57,91,86,40,1,4,5,2,254,7,Industry Ready
S3206,6.7,38,77,81,45,57,96,70,42,37,51,58,93,51,76,60,31,35,33,83,49,99,72,95,42,99,2,0,0,1,422,15,Industry Ready
S3207,9.19,44,34,58,57,32,82,36,64,93,75,94,98,49,56,66,90,96,68,84,48,59,87,71,94,83,0,6,4,3,352,11,Industry Ready
S3208,6.76,32,64,89,39,55,74,96,74,52,26,30,49,35,74,49,23,26,88,64,73,96,42,95,76,59,1,1,2,5,191,5,Moderately Ready
S3209,9.42,99,75,50,39,83,58,98,67,59,67,82,75,55,84,75,16,73,44,74,59,95,75,50,50,96,2,2,5,7,198,2,Industry Ready
S3210,8.74,46,64,46,39,69,84,63,86,54,73,87,48,67,71,40,44,36,33,74,70,48,98,40,73,89,2,7,3,0,256,5,Industry Ready
S3211,8.96,55,74,47,57,95,77,65,67,63,82,37,36,47,22,72,43,84,58,40,42,84,94,87,76,41,2,1,0,2,13,5,Moderately Ready
S3212,5.58,50,42,86,53,97,51,49,71,52,92,47,52,81,96,77,76,77,31,82,40,84,72,45,52,70,0,7,0,4,428,2,Industry Ready
S3213,9.64,50,39,66,48,76,89,89,38,61,99,61,40,75,26,65,72,27,68,43,99,68,93,66,41,57,3,4,5,5,404,11,Industry Ready
S3214,8.62,40,95,89,97,31,68,67,94,76,21,79,97,75,89,21,11,92,37,97,72,73,91,54,38,81,1,3,2,6,172,10,Industry Ready
S3215,6.81,67,99,67,85,71,94,86,65,60,54,41,29,94,89,40,54,59,20,70,89,97,86,49,64,49,0,1,5,5,368,5,Industry Ready
S3216,9.07,64,54,41,96,63,85,54,48,57,41,59,58,36,53,32,72,99,23,67,47,44,38,63,84,94,2,1,0,7,199,7,Industry Ready
S3217,6.71,43,73,30,71,50,69,72,94,39,83,81,97,81,35,42,11,74,31,50,57,70,23,47,79,94,0,5,3,5,336,18,Industry Ready
S3218,9.25,43,89,87,41,73,68,37,60,45,78,22,66,40,27,17,63,29,45,71,69,65,48,56,65,45,3,6,2,4,61,15,Industry Ready
S3219,5.98,39,76,32,47,31,50,88,58,53,68,90,71,56,40,71,60,71,51,41,72,96,64,63,80,41,2,0,5,0,44,17,Moderately Ready
S3220,8.53,41,69,92,52,88,52,52,90,46,71,82,60,53,30,89,50,84,98,99,61,76,40,52,88,55,3,1,4,0,437,11,Industry Ready
S3221,7.83,67,36,50,35,45,72,41,43,36,40,39,66,48,69,24,14,68,71,90,56,83,73,48,80,44,3,3,2,7,382,14,Industry Ready
S3222,5.92,63,75,52,82,49,77,69,69,77,31,90,92,87,25,50,94,34,34,83,81,59,92,98,39,77,2,7,2,0,368,6,Industry Ready
S3223,6.54,70,52,38,71,55,66,94,58,56,30,90,90,79,34,61,80,92,27,98,48,47,71,45,44,61,1,7,0,1,334,11,Industry Ready
S3224,5.55,39,75,84,95,45,41,58,65,60,73,45,62,30,30,35,34,74,49,52,61,45,37,68,57,97,3,1,5,3,385,12,Industry Ready
S3225,7.52,46,42,48,59,99,80,73,75,67,89,60,56,79,46,87,10,74,73,56,49,57,36,62,41,61,2,1,1,5,396,16,Industry Ready
S3226,6.8,46,50,91,38,52,95,46,70,58,33,22,92,99,98,21,18,76,86,90,93,47,63,61,92,61,0,7,0,2,243,12,Industry Ready
S3227,8.07,96,30,68,71,71,52,87,68,55,52,62,83,93,64,36,75,67,89,43,72,99,43,60,81,40,0,7,5,0,412,16,Industry Ready
S3228,6.78,91,48,56,63,66,74,98,73,80,96,36,90,53,57,77,76,49,27,70,87,92,25,56,55,99,3,4,5,2,155,10,Industry Ready
S3229,6.79,30,89,75,69,35,84,38,57,52,45,72,79,52,23,39,13,56,82,77,78,94,46,73,65,75,2,5,1,4,263,0,Industry Ready
S3230,8.7,41,62,63,46,66,39,39,78,39,33,71,44,29,97,13,30,52,36,42,42,91,66,65,61,88,3,3,2,3,418,10,Moderately Ready
S3231,5.71,33,33,62,58,51,88,50,92,42,67,52,41,79,64,63,70,17,35,82,56,64,65,89,63,52,1,1,2,3,279,19,Moderately Ready
S3232,9.38,71,32,79,79,35,92,61,93,91,84,99,62,45,29,43,35,71,64,93,48,41,54,98,44,51,0,4,5,2,6,11,Industry Ready
S3233,9.16,42,81,49,78,61,56,38,60,39,65,79,90,44,73,77,53,43,87,51,86,67,76,64,43,52,1,2,4,6,27,2,Industry Ready
S3234,8.37,33,57,69,90,46,72,82,56,47,74,87,89,21,48,93,46,17,29,83,79,81,31,87,45,90,3,1,0,4,469,6,Industry Ready
S3235,8.05,98,99,87,75,67,83,42,74,71,93,75,55,22,31,65,87,34,99,57,75,64,48,77,56,99,1,1,4,7,89,5,Industry Ready
S3236,9.34,48,99,60,75,46,35,80,45,63,93,83,65,51,75,27,19,35,38,69,58,59,76,42,84,98,1,4,3,4,208,2,Industry Ready
S3237,6.3,31,84,67,46,66,70,78,43,66,87,27,41,20,59,56,99,63,58,85,73,45,89,42,74,87,3,5,2,1,190,18,Industry Ready
S3238,5.84,41,86,74,95,52,62,86,46,82,97,88,54,43,56,81,83,92,69,50,41,76,74,53,97,98,3,7,5,5,229,20,Industry Ready
S3239,6.53,35,45,70,34,78,69,68,60,36,31,52,66,69,85,69,91,96,96,63,84,55,56,81,53,98,3,4,5,0,5,19,Industry Ready
S3240,8.92,37,53,38,83,90,94,96,72,85,73,44,52,62,39,68,90,50,79,60,66,74,90,49,50,50,1,6,4,4,377,8,Industry Ready
S3241,5.65,80,98,38,45,78,96,55,37,69,83,90,94,63,31,11,83,89,87,88,58,94,89,41,38,89,2,4,3,0,375,11,Industry Ready
S3242,8.01,40,70,92,36,90,80,58,49,49,66,26,32,52,57,82,84,81,51,93,72,75,72,46,83,57,2,7,1,0,266,0,Industry Ready
S3243,9.78,92,76,51,37,61,95,78,81,99,56,78,75,57,49,25,56,72,99,87,99,40,33,53,72,61,2,1,0,6,37,15,Industry Ready
S3244,9.18,86,98,45,67,92,99,75,39,72,93,52,86,71,66,95,97,81,83,74,65,53,40,88,41,40,1,0,3,6,449,16,Industry Ready
S3245,7.74,41,60,61,83,36,60,63,88,51,60,60,32,54,93,67,92,84,99,43,94,53,97,56,89,43,0,7,0,6,446,12,Industry Ready
S3246,5.77,31,59,95,44,51,69,40,58,79,46,52,69,36,90,21,89,16,43,65,86,63,33,49,48,48,0,7,2,2,31,11,Moderately Ready
S3247,9.07,37,47,43,79,35,91,90,45,35,61,48,76,77,61,14,32,94,47,47,73,58,72,74,68,42,3,7,5,5,281,20,Industry Ready
S3248,8.08,40,73,67,85,90,97,48,67,37,95,58,47,67,24,48,85,94,42,63,67,77,86,88,55,47,2,0,1,0,222,14,Industry Ready
S3249,5.99,82,56,37,38,43,38,84,91,86,87,76,84,62,67,24,63,78,82,82,55,83,98,84,70,48,0,4,2,2,287,7,Industry Ready
S3250,5.9,39,55,50,37,45,76,86,86,87,48,83,43,67,70,81,68,59,75,84,61,57,67,66,97,57,2,0,3,6,162,3,Industry Ready
S3251,9.41,37,89,85,48,32,79,35,98,37,55,85,86,63,31,97,28,52,92,95,67,48,97,87,76,44,1,2,1,7,129,13,Industry Ready
S3252,8.38,65,47,75,80,38,73,46,77,81,76,28,26,52,29,28,34,26,85,51,53,91,75,42,83,61,3,7,3,3,386,2,Industry Ready
S3253,9.07,43,85,72,86,76,99,58,78,40,97,48,93,94,56,91,76,30,57,44,45,94,58,86,44,76,3,0,0,4,160,5,Industry Ready
S3254,9.28,83,60,75,97,71,56,71,70,80,31,93,43,95,85,94,22,15,47,55,50,96,60,99,55,93,3,0,2,6,6,5,Industry Ready
S3255,7.96,50,88,77,60,71,45,37,46,95,64,47,28,21,86,58,30,80,45,71,85,52,67,64,97,44,3,1,0,2,212,20,Industry Ready
S3256,7.73,79,31,99,32,52,71,61,90,77,39,72,34,29,33,48,31,84,79,68,59,98,47,46,84,62,3,5,1,1,431,15,Industry Ready
S3257,7.35,68,68,60,72,32,85,87,37,90,64,65,75,47,66,87,56,91,79,72,75,90,21,52,61,55,3,0,4,2,88,7,Industry Ready
S3258,6.86,49,90,62,58,30,92,51,84,54,42,58,36,66,39,24,72,47,74,80,88,84,41,96,42,44,3,4,0,0,79,0,Moderately Ready
S3259,7.37,36,92,73,39,96,41,49,63,81,81,95,38,27,71,64,38,72,44,53,55,90,90,78,64,76,2,6,1,7,406,10,Industry Ready
S3260,8.83,38,47,37,41,32,42,73,50,88,53,77,28,42,87,76,58,21,40,98,98,58,80,82,64,83,0,1,1,7,336,11,Industry Ready
S3261,8.09,30,46,31,75,78,85,38,74,75,40,73,83,67,45,65,34,31,44,64,45,92,99,85,52,78,2,6,3,6,352,10,Industry Ready
S3262,9.34,55,68,46,59,96,57,51,61,65,70,25,76,82,66,54,32,12,77,47,47,49,55,64,57,42,2,0,0,1,465,12,Moderately Ready
S3263,7.41,67,83,81,61,84,43,45,76,98,28,64,57,96,98,84,85,28,57,66,84,77,85,82,72,65,0,6,2,5,358,9,Industry Ready
S3264,8.11,67,64,74,76,33,80,46,91,92,93,59,27,56,92,66,58,52,65,74,97,42,68,68,64,94,2,7,0,0,470,19,Industry Ready
S3265,8.21,90,40,66,92,60,72,66,44,89,29,42,25,31,22,76,32,96,94,61,75,97,22,58,64,47,3,2,3,1,264,13,Industry Ready
S3266,8.04,73,90,71,55,95,47,61,72,80,71,61,68,93,21,15,14,76,23,46,87,87,42,78,73,60,2,1,1,2,322,6,Industry Ready
S3267,8.52,73,73,73,32,93,41,78,42,58,64,57,64,84,60,79,38,96,38,75,88,80,78,61,51,91,3,5,2,0,175,13,Industry Ready
S3268,6.52,91,97,67,52,60,45,77,52,71,71,35,40,34,49,40,14,14,81,86,43,56,47,41,86,57,0,1,4,2,162,18,Moderately Ready
S3269,7.7,35,54,35,79,92,84,83,51,75,49,93,53,99,56,31,48,38,43,51,87,62,91,61,47,44,2,1,5,4,317,18,Industry Ready
S3270,5.95,46,77,97,65,95,75,77,92,59,83,66,31,29,22,94,44,14,74,97,73,66,52,74,41,45,1,0,2,5,407,0,Industry Ready
S3271,7.15,80,61,80,42,60,63,37,78,63,21,40,58,61,28,47,90,54,44,94,59,48,87,73,94,66,2,5,5,1,325,6,Industry Ready
S3272,7.6,67,33,64,58,76,71,63,43,65,68,93,25,45,27,67,39,63,91,48,63,44,90,92,80,96,0,4,0,6,210,3,Industry Ready
S3273,8.3,53,67,87,67,51,90,69,82,36,64,94,51,68,28,79,65,33,84,93,84,58,30,44,69,61,1,3,2,3,247,20,Industry Ready
S3274,9.59,80,92,86,34,75,50,82,73,46,36,40,79,42,36,38,11,30,87,89,42,68,27,66,63,61,3,5,0,5,77,4,Industry Ready
S3275,8.08,39,76,35,49,87,78,73,40,39,47,44,27,83,43,65,24,41,31,93,67,54,39,57,68,77,1,3,2,3,258,11,Moderately Ready
S3276,8.7,50,30,42,43,90,84,58,64,95,64,80,57,36,91,20,60,14,44,84,69,81,81,87,42,95,3,3,0,2,5,16,Industry Ready
S3277,7.68,99,32,88,37,75,40,54,52,90,36,73,38,53,33,57,32,71,40,74,68,75,62,42,38,77,0,0,5,1,464,5,Moderately Ready
S3278,8.23,86,91,59,77,30,52,49,77,71,78,79,74,76,73,95,35,27,38,78,60,95,94,95,91,82,3,2,1,1,419,15,Industry Ready
S3279,5.81,68,93,31,42,54,53,52,67,70,33,61,28,23,99,69,20,44,89,58,81,51,89,86,38,66,0,1,1,7,85,0,Moderately Ready
S3280,6.59,62,46,87,53,90,85,94,87,63,29,80,71,90,37,60,33,89,71,67,66,53,26,60,54,84,2,1,0,2,308,11,Industry Ready
S3281,7.06,88,91,65,94,43,37,75,90,72,97,51,47,88,58,48,18,97,73,68,89,54,29,63,89,85,1,6,0,3,131,13,Industry Ready
S3282,7.53,47,64,74,63,74,88,45,53,75,37,72,81,87,66,15,87,14,54,47,64,90,59,65,40,88,1,5,4,5,9,5,Industry Ready
S3283,5.7,85,42,38,80,68,83,90,60,67,54,63,67,69,46,39,97,18,22,82,42,70,23,59,63,72,1,4,0,4,223,8,Moderately Ready
S3284,6.1,86,64,94,32,95,62,52,63,47,67,30,58,86,90,98,80,13,52,66,40,44,92,91,39,81,3,6,3,5,494,18,Industry Ready
S3285,6.69,77,72,79,87,61,72,46,58,40,77,66,72,87,53,10,19,42,92,44,62,83,38,52,71,70,0,5,5,3,368,19,Industry Ready
S3286,9.68,71,31,61,84,87,62,50,40,42,37,79,82,78,38,95,81,31,26,87,82,42,57,45,43,67,2,1,0,0,499,2,Moderately Ready
S3287,6.92,56,85,72,71,85,66,61,88,98,71,55,38,97,25,18,87,68,46,68,44,86,41,65,71,69,0,4,1,3,48,20,Industry Ready
S3288,7.57,81,80,83,50,35,75,51,73,43,49,79,52,82,49,54,80,20,20,74,70,69,20,87,73,73,1,5,2,0,426,10,Industry Ready
S3289,6.34,71,83,76,39,96,70,65,38,57,56,52,83,86,31,17,91,78,59,72,64,86,72,82,97,84,3,0,1,0,451,11,Industry Ready
S3290,8.13,61,45,43,86,79,70,69,92,55,59,61,45,45,34,43,66,19,37,71,74,51,40,69,91,56,2,3,3,7,12,0,Moderately Ready
S3291,6.71,55,47,77,54,67,44,61,82,35,25,32,64,20,58,89,99,12,54,60,82,54,26,53,74,90,2,5,2,7,338,16,Industry Ready
S3292,6.39,54,36,84,85,32,97,66,94,80,98,33,20,87,83,92,24,24,58,49,40,77,26,86,98,74,3,6,1,4,365,17,Industry Ready
S3293,7.72,52,74,58,67,34,56,51,60,96,54,77,94,97,83,17,42,46,30,81,54,67,96,92,37,75,0,4,0,4,374,12,Industry Ready
S3294,5.52,86,65,76,90,53,54,45,74,36,45,59,85,37,34,21,20,49,64,55,78,88,42,76,77,45,3,4,5,5,170,0,Industry Ready
S3295,5.53,81,70,92,76,83,67,35,90,78,49,84,54,31,77,52,28,26,94,50,63,62,79,96,59,84,1,1,0,3,245,18,Industry Ready
S3296,6.44,60,71,48,83,63,49,83,73,39,94,24,96,57,86,65,51,29,22,58,98,86,37,77,89,68,1,0,2,5,357,1,Industry Ready
S3297,5.66,93,36,38,75,68,41,75,73,73,43,49,64,61,20,40,91,13,96,91,73,54,90,69,70,97,1,3,5,6,175,12,Industry Ready
S3298,5.96,62,44,66,97,77,84,54,82,79,74,64,95,55,26,51,95,43,71,52,86,50,85,54,92,62,2,0,4,7,217,7,Industry Ready
S3299,6.96,31,89,81,33,78,44,71,59,47,97,77,52,35,28,42,67,43,79,54,57,69,72,58,53,53,1,3,3,6,157,1,Moderately Ready
S3300,8.95,47,69,86,95,63,71,50,68,66,28,58,88,84,20,28,27,76,77,81,64,93,38,50,93,48,0,2,1,2,298,3,Moderately Ready
S3301,7.96,76,66,57,72,36,93,73,55,77,81,31,50,86,24,97,27,37,73,75,75,51,83,59,50,95,2,0,1,3,158,7,Industry Ready
S3302,7.7,62,95,65,91,47,97,79,59,42,37,53,83,58,66,64,31,88,53,71,40,93,33,64,36,54,0,2,3,6,306,0,Industry Ready
S3303,6.76,64,84,93,33,99,55,98,56,93,70,33,34,78,29,13,98,45,47,58,48,58,44,77,99,77,2,3,1,4,293,10,Industry Ready
S3304,9.51,80,85,47,94,63,71,81,57,45,38,57,65,98,21,21,61,44,80,54,80,71,52,82,93,64,0,4,2,5,459,7,Industry Ready
S3305,7.21,47,73,64,91,80,79,57,59,62,88,35,67,57,42,96,53,50,85,77,70,40,67,69,82,59,1,7,4,0,146,12,Industry Ready
S3306,5.87,59,86,97,31,97,48,66,60,73,52,80,87,35,75,93,40,68,85,61,61,55,58,79,37,82,2,7,2,6,150,15,Industry Ready
S3307,8.15,73,35,68,38,43,77,83,64,60,57,78,59,93,38,37,18,83,56,88,77,50,24,98,60,61,0,2,4,0,433,7,Industry Ready
S3308,5.99,82,61,37,86,98,67,53,72,60,32,94,20,30,57,67,59,26,35,52,85,70,40,62,48,46,2,6,5,7,173,17,Industry Ready
S3309,6.98,39,47,44,74,37,37,73,68,66,68,98,39,47,66,57,70,39,91,59,80,72,78,83,58,57,2,6,0,2,296,2,Industry Ready
S3310,7.68,81,97,36,47,44,78,94,49,80,92,93,41,96,95,10,28,63,94,88,41,94,96,56,69,99,1,3,4,3,201,8,Industry Ready
S3311,9.26,78,36,46,77,88,69,45,78,62,72,86,73,99,94,84,61,61,64,54,80,75,33,40,40,56,2,3,4,2,78,9,Industry Ready
S3312,7.62,40,37,93,71,40,59,83,44,41,20,30,96,21,71,53,64,81,34,46,84,69,82,81,96,53,3,6,4,2,369,20,Industry Ready
S3313,8.52,95,93,41,70,49,42,49,71,69,31,30,84,39,68,72,34,32,23,94,91,77,73,53,70,65,0,7,1,3,400,20,Industry Ready
S3314,9.77,87,36,85,87,84,96,95,41,56,43,35,34,95,90,47,88,28,42,61,59,43,99,78,63,79,3,2,4,6,435,9,Industry Ready
S3315,6.07,65,70,75,71,65,52,77,66,56,20,57,80,91,42,18,78,46,91,82,96,95,64,57,47,71,2,5,3,1,268,17,Industry Ready
S3316,6.68,62,69,76,64,43,62,49,45,37,87,49,98,57,69,15,84,68,99,89,62,99,69,80,42,68,0,0,0,3,407,17,Industry Ready
S3317,7.2,76,32,45,67,87,46,39,82,80,26,60,33,75,36,79,22,45,35,59,51,64,60,99,49,79,3,5,0,2,335,16,Industry Ready
S3318,7.31,42,46,98,96,67,98,63,82,84,88,20,88,58,67,61,43,77,72,99,49,73,20,55,67,98,3,7,1,5,486,20,Industry Ready
S3319,7.27,69,95,31,70,30,36,96,79,42,58,57,68,50,21,76,81,35,29,58,99,56,21,49,50,46,1,4,2,1,101,2,Moderately Ready
S3320,9.4,97,81,83,79,94,93,94,67,38,51,79,25,99,88,25,34,36,53,66,71,72,91,83,86,96,3,7,3,6,413,9,Industry Ready
S3321,8.57,71,51,56,74,30,71,56,38,49,68,38,60,42,81,11,84,86,37,47,44,69,32,48,68,48,2,3,2,5,108,14,Moderately Ready
S3322,8.11,48,33,60,48,89,38,47,81,78,50,78,50,53,32,45,73,71,72,57,95,52,38,53,68,51,0,0,4,2,377,8,Moderately Ready
S3323,6.83,48,35,70,46,54,75,84,87,73,98,87,83,36,80,80,91,71,35,49,83,51,70,99,77,42,2,3,2,2,43,11,Industry Ready
S3324,9.04,87,67,65,94,39,79,81,65,63,22,29,70,43,30,44,19,61,81,89,68,99,21,41,95,71,3,3,3,6,374,15,Industry Ready
S3325,9.61,52,55,76,85,79,68,63,65,96,66,36,78,54,46,39,26,53,71,88,72,71,29,96,56,72,2,7,1,2,14,14,Industry Ready
S3326,9.03,83,40,72,70,41,47,51,61,68,34,99,74,42,54,54,14,42,76,80,62,62,88,96,85,54,3,6,1,5,3,1,Industry Ready
S3327,5.51,94,46,94,71,61,41,54,82,60,70,91,68,27,37,55,96,99,91,74,75,68,49,81,38,48,1,3,4,0,247,18,Industry Ready
S3328,8.24,41,60,79,35,62,66,40,70,52,93,48,59,73,87,74,76,93,83,54,52,73,84,93,83,88,2,0,3,3,235,6,Industry Ready
S3329,5.72,53,64,30,98,55,57,56,83,97,40,25,34,40,80,10,19,72,42,95,89,58,63,60,73,83,2,1,1,4,51,8,Moderately Ready
S3330,6.61,63,45,86,69,71,83,43,65,86,60,85,89,38,60,66,36,81,59,62,41,51,61,81,35,56,1,4,4,6,201,13,Industry Ready
S3331,5.76,82,47,45,70,79,81,66,78,88,22,82,84,50,62,80,65,89,33,51,50,43,22,41,75,67,2,4,2,6,359,1,Industry Ready
S3332,8.1,37,91,57,38,90,71,67,93,76,20,50,26,69,68,76,16,78,99,88,67,64,49,45,84,84,3,1,3,6,45,9,Industry Ready
S3333,8.45,47,56,51,37,70,82,83,57,88,40,44,81,90,30,40,38,43,37,66,64,65,56,50,51,52,1,3,1,0,58,6,Moderately Ready
S3334,5.99,86,64,70,73,86,63,64,76,86,94,40,73,43,86,34,58,36,55,45,93,57,47,80,42,86,2,1,3,3,173,7,Industry Ready
S3335,7.15,34,74,48,87,31,71,50,76,47,99,35,71,65,70,56,48,45,58,63,98,69,70,42,36,60,3,5,1,0,31,5,Moderately Ready
S3336,7.46,55,64,79,96,99,57,99,47,66,40,23,70,27,71,65,79,13,60,61,75,97,32,90,51,89,3,2,5,3,148,5,Industry Ready
S3337,7.09,59,57,88,42,60,72,48,35,92,94,65,23,96,62,97,18,62,20,48,57,73,59,50,67,86,0,2,1,6,284,18,Industry Ready
S3338,6.02,83,38,98,48,52,78,90,87,73,68,27,20,22,77,10,81,80,90,49,78,72,45,43,88,89,0,0,3,1,413,14,Industry Ready
S3339,7.3,42,44,63,78,83,39,71,74,61,84,25,85,53,97,46,70,46,61,42,48,70,49,54,40,44,0,0,1,5,120,12,Moderately Ready
S3340,8.73,58,50,68,59,57,86,83,80,88,60,72,54,96,89,84,87,97,43,45,41,95,43,65,86,46,1,2,2,4,262,9,Industry Ready
S3341,5.81,32,81,36,95,48,74,84,56,77,86,83,96,76,48,76,63,88,84,65,75,70,57,98,79,77,3,5,4,1,41,12,Industry Ready
S3342,5.84,87,64,81,88,77,45,70,86,86,61,70,29,77,50,21,18,59,37,84,85,52,88,83,35,76,1,5,5,1,476,0,Industry Ready
S3343,7.03,31,80,89,82,31,36,86,62,48,88,82,86,54,47,29,69,79,33,53,56,63,35,75,85,58,1,1,0,3,254,17,Industry Ready
S3344,9.55,57,84,81,81,40,69,57,87,42,76,25,87,40,69,39,61,35,38,75,72,44,74,54,45,80,1,7,3,2,329,15,Industry Ready
S3345,8.37,31,73,53,60,73,79,79,97,69,62,81,84,84,55,83,84,99,26,81,74,90,68,88,56,71,1,6,3,5,177,5,Industry Ready
S3346,8.42,36,94,55,44,88,83,62,51,52,31,52,70,85,38,73,20,34,83,99,72,40,99,89,68,95,1,7,4,6,85,1,Industry Ready
S3347,7.06,55,54,39,49,88,69,54,98,89,97,21,49,76,86,88,44,42,21,58,71,73,71,61,35,82,2,5,2,2,16,9,Industry Ready
S3348,8.05,45,76,46,34,67,66,83,40,86,83,60,58,61,31,94,84,76,26,87,59,85,68,76,83,42,0,7,0,2,401,1,Industry Ready
S3349,5.54,52,85,31,36,54,73,91,48,83,70,35,29,62,95,73,45,82,47,95,69,48,83,49,83,78,1,0,2,2,237,2,Moderately Ready
S3350,8.24,69,67,56,47,50,82,93,51,42,92,78,63,45,43,27,64,46,49,78,61,47,67,59,76,74,2,6,3,5,132,18,Industry Ready
S3351,9.43,89,40,77,85,71,71,60,72,71,79,28,51,86,84,41,12,47,92,62,92,97,93,71,83,66,2,1,0,4,444,3,Industry Ready
S3352,8.13,61,96,38,74,65,94,53,47,75,90,88,63,45,99,28,92,36,55,44,64,82,57,97,47,77,3,0,1,1,422,8,Industry Ready
S3353,9.26,44,44,52,57,38,38,47,87,61,99,29,82,27,40,42,81,22,41,83,84,75,36,48,48,90,1,7,5,0,208,10,Industry Ready
S3354,8.61,42,30,56,79,41,57,96,43,54,47,26,80,66,45,71,62,32,98,54,85,68,60,89,70,87,0,4,3,4,353,17,Industry Ready
S3355,6.02,34,36,72,31,39,48,48,78,72,90,85,84,56,54,31,37,76,97,69,83,74,73,70,90,47,3,1,2,6,195,17,Industry Ready
S3356,9.38,81,30,36,97,88,39,45,60,46,33,39,60,91,99,38,62,96,46,72,50,44,59,83,80,90,1,2,4,5,424,14,Industry Ready
S3357,5.79,70,78,92,53,34,58,46,53,76,51,82,31,37,77,97,63,97,29,93,89,95,50,79,49,92,3,2,1,3,71,13,Industry Ready
S3358,7.8,82,58,73,77,62,52,69,82,84,27,23,21,95,61,13,62,64,41,77,73,85,45,70,42,58,0,5,0,4,25,12,Moderately Ready
S3359,6.11,79,55,68,74,98,61,73,64,65,46,47,92,55,48,59,74,46,42,58,67,49,95,67,90,69,0,6,3,4,88,13,Industry Ready
S3360,5.55,44,74,69,87,92,58,66,66,99,69,91,95,21,48,85,62,21,71,44,74,77,37,50,45,87,1,0,4,5,483,20,Industry Ready
S3361,7.31,36,41,36,65,58,63,48,45,87,78,54,79,22,28,13,49,63,61,48,43,49,54,75,57,79,0,1,4,3,234,20,Moderately Ready
S3362,6.77,69,61,99,31,47,45,99,60,74,76,21,44,53,97,14,50,29,60,46,48,50,94,80,79,49,0,3,2,7,38,6,Moderately Ready
S3363,7.59,57,49,54,47,35,52,61,60,73,22,60,80,65,91,92,47,27,67,63,82,91,75,43,61,69,0,6,5,0,458,8,Industry Ready
S3364,7.98,61,80,88,78,82,38,94,51,44,46,47,41,81,21,48,84,16,88,80,61,47,49,89,65,48,1,7,4,1,322,16,Industry Ready
S3365,5.69,44,65,42,37,61,67,77,78,63,53,94,75,89,94,66,38,99,70,93,64,43,64,53,81,87,3,2,2,7,43,4,Industry Ready
S3366,6.03,99,96,91,87,71,76,99,57,74,45,92,40,76,21,40,40,85,20,55,60,92,94,85,95,61,3,2,0,6,359,4,Industry Ready
S3367,7.9,94,30,37,44,76,66,89,59,64,59,20,74,29,37,16,70,11,75,76,64,57,71,93,42,70,3,1,3,7,63,20,Industry Ready
S3368,6.98,33,56,74,46,60,85,69,71,36,51,46,59,37,88,21,83,63,90,49,80,97,87,68,99,85,3,1,0,4,475,8,Industry Ready
S3369,8.64,40,69,47,52,91,38,66,99,62,60,86,70,52,76,19,49,17,43,60,56,59,74,67,59,49,3,0,5,6,422,10,Industry Ready
S3370,8.3,55,43,89,95,85,54,53,36,81,21,58,41,26,90,38,11,42,34,60,54,97,29,64,51,75,3,7,2,7,183,5,Industry Ready
S3371,9.14,90,98,89,99,40,96,73,66,66,91,92,47,64,42,94,57,55,94,86,80,85,73,62,64,49,3,7,0,3,472,15,Industry Ready
S3372,8.48,66,35,31,56,55,92,54,89,66,26,59,23,48,38,22,10,51,63,54,46,97,53,72,58,91,0,5,3,3,85,7,Moderately Ready
S3373,7.35,52,62,95,66,56,81,62,84,61,38,47,45,57,38,96,68,72,68,52,98,42,82,69,86,92,3,5,3,0,396,13,Industry Ready
S3374,8.39,69,84,43,78,86,93,37,99,88,52,43,79,58,77,79,41,86,68,91,71,83,50,48,97,99,0,3,4,6,387,5,Industry Ready
S3375,6.68,52,48,77,93,56,40,66,66,90,21,70,42,44,68,40,97,97,87,89,47,54,83,77,95,66,2,7,5,4,283,5,Industry Ready
S3376,6.82,45,58,85,63,88,74,92,71,65,86,75,60,36,64,18,11,42,93,94,42,99,69,64,92,54,1,6,2,3,82,13,Industry Ready
S3377,8.89,90,90,41,47,91,57,88,47,58,97,92,77,80,47,60,68,78,56,46,72,95,47,57,66,58,0,2,0,5,258,7,Industry Ready
S3378,7.42,97,99,84,93,49,86,76,88,69,34,45,27,70,94,97,12,79,93,79,75,47,56,82,69,50,1,1,4,6,253,0,Industry Ready
S3379,8.93,60,53,57,73,32,38,49,37,64,40,71,70,56,69,25,82,13,61,47,56,85,51,46,50,71,1,7,4,5,282,12,Industry Ready
S3380,9.04,82,52,33,46,45,71,96,76,89,97,25,80,86,30,68,58,67,78,82,40,94,54,63,43,59,2,2,0,0,188,3,Industry Ready
S3381,9.19,54,39,65,88,73,76,65,74,98,78,78,20,43,74,67,97,38,94,95,75,45,76,79,53,85,3,6,2,6,330,14,Industry Ready
S3382,9.44,73,83,79,42,59,78,95,94,67,58,31,49,68,28,20,85,30,29,80,79,96,80,60,74,99,2,7,2,6,133,16,Industry Ready
S3383,7.35,41,70,32,81,69,76,60,45,80,39,82,36,40,33,45,43,35,72,77,99,85,51,94,74,54,0,3,5,7,303,17,Industry Ready
S3384,6.87,38,78,30,89,94,63,91,35,67,20,55,42,94,40,10,71,95,61,91,56,75,27,94,80,43,0,5,3,0,222,16,Industry Ready
S3385,8.0,41,46,46,71,58,53,54,60,98,92,28,43,76,67,30,43,50,27,41,97,59,99,74,37,56,0,7,2,3,55,10,Moderately Ready
S3386,7.1,98,85,91,93,59,66,55,76,64,28,93,88,60,77,53,32,87,94,76,97,71,54,82,60,40,1,5,4,3,28,11,Industry Ready
S3387,8.08,83,74,77,95,61,78,94,96,63,70,86,71,36,88,46,28,43,43,61,83,45,42,50,39,96,3,6,3,4,199,2,Industry Ready
S3388,8.53,83,59,91,63,39,89,97,95,96,57,48,90,40,28,15,61,53,70,94,96,55,57,41,61,58,3,4,1,7,330,14,Industry Ready
S3389,8.46,57,73,98,93,80,39,85,96,64,34,90,77,87,86,23,69,10,90,93,93,88,38,54,78,44,3,4,3,4,119,5,Industry Ready
S3390,7.11,85,84,48,62,37,80,73,46,46,60,27,41,83,97,10,37,41,79,43,87,41,73,54,72,57,2,3,4,1,456,4,Industry Ready
S3391,6.22,98,48,63,41,80,79,45,61,49,66,62,78,63,37,17,99,41,40,91,76,57,64,44,75,56,2,1,5,3,286,7,Industry Ready
S3392,7.35,87,58,78,48,65,55,91,62,44,45,96,63,47,31,53,58,60,72,86,64,84,55,91,92,94,0,4,0,6,320,9,Industry Ready
S3393,6.11,71,31,76,38,84,56,37,62,95,73,54,56,55,97,92,54,33,25,46,64,65,68,79,63,81,3,6,0,2,70,2,Industry Ready
S3394,9.33,67,65,79,46,64,64,71,55,57,89,41,53,56,35,96,85,53,50,40,96,59,79,55,85,80,3,6,5,5,329,11,Industry Ready
S3395,6.99,97,48,55,79,65,57,59,41,45,58,99,76,63,56,84,69,94,31,58,52,55,75,83,97,43,2,1,5,2,136,11,Industry Ready
S3396,6.16,82,36,85,68,85,39,55,48,50,36,98,76,69,39,36,84,85,32,97,52,60,92,85,53,91,1,0,0,5,62,9,Industry Ready
S3397,5.61,62,55,43,70,65,97,76,73,83,89,85,59,74,39,45,65,93,68,69,51,84,83,60,61,58,3,2,4,1,76,18,Industry Ready
S3398,8.28,85,67,54,39,90,93,35,96,48,28,40,39,29,34,51,13,46,50,89,71,53,81,84,87,70,0,6,5,3,282,20,Industry Ready
S3399,8.24,80,32,33,41,91,86,57,46,40,65,90,36,57,44,29,27,93,28,41,74,57,78,48,79,42,3,7,3,0,17,16,Industry Ready
S3400,6.96,72,95,61,44,54,99,58,72,76,25,60,71,68,36,17,38,75,46,94,67,47,20,46,45,89,2,0,0,5,399,13,Industry Ready
S3401,5.81,44,72,94,57,93,73,81,92,51,87,60,23,91,31,55,48,23,72,92,83,44,96,66,44,42,3,7,2,6,387,6,Industry Ready
S3402,7.26,67,91,90,33,89,37,41,90,76,35,68,82,21,61,61,64,26,70,52,95,63,24,56,54,68,0,6,1,2,477,18,Industry Ready
S3403,6.84,44,53,49,65,86,76,72,73,44,48,23,69,63,58,35,67,97,91,67,97,80,38,41,53,92,1,6,0,4,165,10,Industry Ready
S3404,8.41,34,68,39,94,99,61,81,38,80,60,84,69,54,75,44,56,24,46,53,91,86,77,79,36,47,1,4,5,7,147,17,Industry Ready
S3405,8.1,83,97,63,76,81,62,69,82,83,87,29,35,40,72,69,40,70,59,42,59,68,76,65,74,95,0,4,0,2,424,6,Industry Ready
S3406,7.07,80,73,90,68,85,88,96,41,43,81,86,91,76,90,12,37,58,81,55,67,98,61,84,52,44,0,1,1,3,185,16,Industry Ready
S3407,6.44,39,34,56,67,92,49,37,94,73,59,29,80,42,91,13,36,17,77,64,94,48,92,47,36,70,3,4,2,5,75,0,Moderately Ready
S3408,9.75,41,84,69,73,97,87,54,74,36,81,92,63,51,66,71,39,12,34,85,70,91,25,89,81,66,3,1,1,2,27,8,Industry Ready
S3409,7.45,33,59,94,80,49,38,78,42,86,43,36,37,90,44,73,58,84,58,86,63,81,41,84,83,72,2,3,0,1,43,6,Industry Ready
S3410,8.46,47,58,62,55,83,51,66,92,45,25,86,69,52,69,59,51,36,89,96,91,57,72,94,57,97,1,4,0,6,320,13,Industry Ready
S3411,6.1,65,55,97,65,30,68,60,91,71,59,72,99,36,52,28,84,18,27,42,50,85,76,79,81,57,1,3,3,6,136,15,Industry Ready
S3412,7.59,54,55,38,98,39,40,82,69,56,89,54,49,91,93,52,87,24,54,73,81,98,70,55,79,63,0,3,5,4,361,2,Industry Ready
S3413,5.62,65,66,45,30,52,70,39,47,86,77,23,68,61,48,91,77,41,82,42,55,57,24,59,55,65,2,5,4,1,112,15,Industry Ready
S3414,7.67,96,82,34,82,80,73,93,73,39,33,87,40,36,22,23,10,20,50,80,77,87,41,71,81,70,3,2,3,0,160,20,Industry Ready
S3415,9.65,38,59,52,35,53,42,95,55,36,97,30,41,67,58,23,53,12,61,68,56,67,26,71,66,53,0,5,3,0,244,12,Moderately Ready
S3416,7.15,90,32,72,66,42,49,83,81,39,64,63,66,67,23,63,46,35,85,79,84,76,83,74,53,64,0,1,3,0,448,17,Industry Ready
S3417,5.67,82,72,86,31,58,97,64,36,66,25,79,44,76,56,38,42,16,60,58,89,49,76,54,52,71,0,3,3,0,105,20,Moderately Ready
S3418,5.63,47,36,80,98,87,99,51,78,53,42,89,75,80,25,12,30,64,20,59,83,59,45,81,58,98,1,2,3,3,8,8,Moderately Ready
S3419,7.17,72,78,42,70,72,93,92,64,38,81,81,83,63,29,82,97,48,93,60,44,77,44,96,81,78,3,4,2,3,213,4,Industry Ready
S3420,6.19,64,70,53,80,39,44,97,89,80,36,51,47,42,31,14,49,13,52,59,59,80,88,89,64,80,3,4,5,3,317,12,Industry Ready
S3421,5.6,92,83,40,76,60,41,95,74,60,89,65,52,95,85,14,70,39,56,67,87,62,51,71,55,99,0,3,4,1,456,16,Industry Ready
S3422,8.75,33,98,81,42,43,46,97,58,84,47,42,85,72,22,54,22,47,76,86,74,87,27,69,82,96,0,5,4,7,324,14,Industry Ready
S3423,7.47,70,56,46,98,63,80,49,76,60,32,56,23,52,84,73,47,60,30,66,87,99,28,58,79,53,2,4,5,1,117,14,Industry Ready
S3424,6.74,74,37,66,95,46,66,35,62,66,48,94,99,75,83,73,38,87,66,83,82,82,73,63,35,87,3,1,4,6,385,5,Industry Ready
S3425,9.37,79,61,42,88,50,66,47,85,78,64,77,31,47,54,52,62,45,85,85,53,59,39,41,56,87,0,6,2,7,205,17,Industry Ready
S3426,6.0,57,93,91,97,96,95,82,56,60,39,62,36,42,43,52,73,92,23,89,93,62,87,60,90,66,2,4,2,2,203,15,Industry Ready
S3427,9.61,71,39,37,88,87,95,68,42,95,77,34,55,82,66,60,45,69,96,98,65,89,86,81,74,61,0,0,5,7,28,8,Industry Ready
S3428,6.85,98,42,85,39,37,80,64,48,85,73,86,35,26,71,22,14,60,96,64,93,44,63,99,72,77,1,4,2,4,207,2,Industry Ready
S3429,9.32,30,92,99,42,67,89,53,79,93,83,21,42,21,53,99,29,85,74,41,84,99,60,55,53,46,0,3,0,7,303,4,Industry Ready
S3430,8.09,68,64,73,31,55,35,98,72,72,71,90,91,84,99,82,20,58,31,92,82,66,61,79,53,72,1,2,4,1,72,6,Industry Ready
S3431,9.05,46,90,89,44,93,83,91,66,60,62,24,28,23,44,77,81,24,85,82,85,48,30,78,81,82,3,1,1,2,306,12,Industry Ready
S3432,9.73,64,83,70,75,59,59,78,96,79,37,72,97,27,88,78,37,82,56,96,81,82,62,75,92,80,0,1,3,0,287,1,Industry Ready
S3433,6.74,75,37,50,86,38,50,46,95,65,73,64,74,68,48,16,58,93,42,63,63,80,27,97,91,72,3,2,0,7,372,10,Industry Ready
S3434,9.63,71,58,71,39,61,47,74,47,79,79,60,92,48,83,87,50,37,74,72,70,75,65,80,82,63,3,1,0,0,407,0,Industry Ready
S3435,7.17,68,70,58,51,40,86,58,81,65,90,82,83,74,72,97,27,34,38,58,57,79,53,41,79,65,3,7,3,6,372,4,Industry Ready
S3436,7.16,78,59,94,37,63,70,45,88,95,20,91,66,56,77,51,39,89,86,65,78,76,87,55,62,89,1,5,0,1,441,3,Industry Ready
S3437,6.96,91,50,46,50,47,78,35,86,82,56,51,86,25,60,14,23,91,42,85,94,42,34,68,94,81,3,3,2,3,403,14,Industry Ready
S3438,7.83,67,40,59,51,48,81,92,59,79,68,21,29,43,70,56,65,45,23,80,89,93,37,46,39,70,3,3,0,6,339,9,Industry Ready
S3439,6.16,52,31,55,74,83,54,62,57,94,54,29,23,98,37,57,82,13,37,42,61,75,30,94,52,66,1,2,4,2,116,3,Moderately Ready
S3440,7.88,51,79,82,69,66,52,93,64,95,86,62,49,59,60,56,83,30,31,66,60,87,38,54,71,52,0,3,4,5,242,6,Industry Ready
S3441,7.83,33,70,48,51,41,88,56,45,86,54,62,30,31,80,17,98,74,54,53,73,84,92,62,59,70,3,0,5,6,233,4,Industry Ready
S3442,8.78,78,95,82,59,33,46,63,69,86,28,86,70,83,43,30,61,78,46,59,64,74,44,94,72,71,2,3,5,4,426,14,Industry Ready
S3443,9.08,88,32,46,91,72,59,79,61,96,56,42,38,65,66,97,75,19,62,74,79,75,41,44,35,62,1,1,1,7,371,4,Industry Ready
S3444,7.39,97,80,75,74,56,94,51,81,60,79,79,32,33,47,33,76,59,97,62,94,68,81,40,74,76,1,2,4,2,388,12,Industry Ready
S3445,6.8,31,97,82,64,80,68,73,84,83,75,25,76,46,55,22,38,94,86,64,86,72,56,91,89,79,0,5,3,3,467,5,Industry Ready
S3446,6.62,78,54,93,71,34,47,74,42,78,31,32,22,56,40,24,36,19,88,43,69,65,29,44,73,84,2,0,3,7,207,19,Moderately Ready
S3447,6.34,60,59,74,34,35,72,62,89,70,90,40,97,96,75,98,77,99,83,96,45,47,71,52,59,98,1,3,4,5,146,15,Industry Ready
S3448,5.75,69,40,78,56,85,46,36,76,87,90,77,93,81,88,62,44,25,71,41,92,48,96,65,57,97,0,0,2,3,331,8,Industry Ready
S3449,6.97,77,46,48,99,97,70,61,54,78,23,47,57,86,45,81,92,47,36,41,84,61,87,91,77,55,3,7,4,1,80,5,Industry Ready
S3450,6.66,80,55,94,91,73,62,55,79,56,80,89,46,99,73,40,19,76,52,64,64,44,47,52,82,78,3,4,2,6,97,7,Industry Ready
S3451,9.66,72,52,66,61,44,73,41,69,36,64,27,99,95,63,80,35,29,91,86,44,83,49,71,72,47,1,4,5,6,410,3,Industry Ready
S3452,7.9,84,85,99,37,71,77,95,54,41,69,96,29,33,52,60,80,78,71,62,68,80,65,94,58,57,0,0,3,6,296,8,Industry Ready
S3453,6.99,78,81,55,47,40,65,86,58,50,69,77,72,58,45,56,85,79,54,60,61,75,59,68,39,97,3,4,4,3,379,10,Industry Ready
S3454,8.0,86,77,31,44,40,36,82,91,78,93,59,46,24,41,48,70,34,39,92,42,71,40,57,94,66,3,4,5,3,473,10,Industry Ready
S3455,6.1,44,49,88,55,95,76,53,89,99,67,20,26,95,39,90,78,98,64,84,96,69,34,41,51,48,0,4,1,4,241,15,Industry Ready
S3456,7.41,56,31,34,82,56,65,46,43,95,42,96,32,45,21,66,65,63,96,64,86,88,22,66,71,67,3,7,3,3,289,8,Industry Ready
S3457,8.19,97,60,66,73,87,95,36,50,64,27,84,91,72,60,59,86,21,87,66,98,83,98,89,49,61,3,5,1,5,20,0,Industry Ready
S3458,7.6,93,56,60,61,50,90,51,89,76,48,29,79,82,73,66,73,74,69,91,69,84,88,81,54,50,2,6,3,0,169,0,Industry Ready
S3459,7.23,59,31,77,57,50,48,37,92,59,62,79,33,30,76,44,50,63,77,50,63,82,27,42,64,93,0,6,0,3,104,6,Moderately Ready
S3460,9.77,65,33,35,68,30,48,55,98,91,72,88,63,52,37,95,13,76,49,53,80,94,28,92,50,61,3,5,5,0,66,2,Industry Ready
S3461,9.29,96,42,44,61,87,63,85,83,66,25,39,89,60,24,16,75,30,89,56,56,56,21,69,78,88,2,7,0,7,488,6,Industry Ready
S3462,8.18,78,64,44,47,42,84,44,63,84,43,81,47,59,65,62,46,14,21,93,88,69,56,49,93,53,3,7,0,7,99,0,Industry Ready
S3463,7.95,84,95,90,99,35,84,89,41,44,93,32,42,65,94,19,43,67,98,54,84,86,31,48,38,62,0,2,1,4,476,0,Industry Ready
S3464,8.17,85,35,45,40,87,97,70,36,56,33,77,31,23,40,48,59,88,53,85,89,99,38,42,65,41,0,2,2,5,236,6,Moderately Ready
S3465,6.37,97,60,49,61,46,99,85,67,75,71,56,43,30,41,67,79,13,71,90,59,48,46,61,60,54,3,4,3,1,251,3,Industry Ready
S3466,7.2,73,39,73,49,41,45,51,82,81,89,29,70,46,22,44,99,28,35,70,65,43,43,77,75,89,1,1,0,7,82,17,Moderately Ready
S3467,5.67,60,50,71,69,81,48,95,71,48,23,22,41,27,28,68,84,90,62,73,44,51,85,50,36,44,2,4,1,0,20,20,Moderately Ready
S3468,7.54,87,52,75,37,99,37,47,64,37,77,53,81,40,21,31,51,64,83,75,52,74,35,45,42,68,3,4,3,1,203,4,Moderately Ready
S3469,7.84,82,32,63,64,81,42,99,75,87,98,53,45,24,47,18,10,70,46,96,78,59,21,44,58,93,1,4,0,5,491,13,Industry Ready
S3470,6.48,52,61,93,98,66,77,82,38,50,56,49,77,81,53,17,43,81,84,79,43,56,40,69,74,72,2,1,0,5,470,19,Industry Ready
S3471,9.65,57,49,58,50,32,43,81,73,95,67,56,90,51,72,67,94,33,32,83,84,61,29,53,59,87,2,1,0,6,174,14,Industry Ready
S3472,9.41,45,58,32,53,37,53,44,58,62,58,87,34,77,78,31,19,77,59,52,56,46,77,41,96,83,1,5,1,5,155,17,Industry Ready
S3473,8.61,66,81,38,46,39,46,91,84,69,85,53,87,91,29,49,14,97,51,94,79,78,36,72,92,69,2,4,2,7,190,3,Industry Ready
S3474,7.79,50,75,54,47,76,61,47,71,36,32,51,25,46,21,37,99,28,86,57,98,92,95,76,66,85,2,3,5,7,447,1,Industry Ready
S3475,9.24,46,63,71,41,70,92,95,87,95,85,77,21,45,67,55,53,33,33,56,74,97,26,47,80,56,3,5,5,5,310,10,Industry Ready
S3476,6.06,66,90,75,45,93,59,92,59,90,79,43,50,59,25,78,28,63,77,84,96,83,92,49,60,40,1,0,0,1,11,19,Industry Ready
S3477,8.9,48,99,88,33,71,79,63,65,89,60,28,43,48,63,90,30,30,65,83,70,97,65,60,76,53,3,7,0,0,385,14,Industry Ready
S3478,6.04,59,40,50,63,72,82,50,72,52,51,60,54,92,73,61,43,90,94,78,55,92,69,58,41,86,3,2,2,2,442,5,Industry Ready
S3479,8.92,74,92,51,75,38,84,97,92,83,71,43,66,26,90,20,38,81,78,67,73,93,29,74,90,94,2,0,5,3,285,4,Industry Ready
S3480,6.69,47,50,58,60,43,78,81,87,76,24,44,50,40,55,31,88,28,84,65,98,81,35,57,81,83,1,2,2,6,267,10,Industry Ready
S3481,9.27,91,32,92,54,33,93,77,84,41,86,55,91,99,27,56,49,84,52,87,71,99,20,46,84,56,0,6,4,4,230,9,Industry Ready
S3482,9.56,65,39,90,53,31,67,57,38,38,85,27,95,86,29,98,89,62,65,53,72,47,28,52,79,48,1,5,0,5,166,12,Industry Ready
S3483,6.14,81,56,93,94,30,62,64,86,77,97,78,21,29,52,22,27,59,73,76,97,48,32,85,78,74,2,0,5,1,273,15,Industry Ready
S3484,7.49,48,41,98,54,94,52,91,65,93,71,54,98,81,38,54,58,32,85,50,47,85,80,89,59,70,0,5,3,2,377,9,Industry Ready
S3485,9.72,73,36,69,57,75,89,64,48,83,68,57,78,27,37,84,70,46,23,71,69,45,67,93,86,51,3,7,4,7,248,5,Industry Ready
S3486,7.58,36,46,30,65,88,67,90,35,94,48,51,82,23,70,78,74,37,73,63,42,58,35,51,52,97,0,1,3,1,381,1,Moderately Ready
S3487,9.21,73,94,94,35,36,49,58,77,40,57,70,94,48,42,87,84,96,23,92,56,61,60,79,41,84,0,6,2,2,279,0,Industry Ready
S3488,8.03,97,93,91,95,95,95,42,93,54,89,47,36,31,20,31,45,85,36,97,98,86,49,63,56,41,1,6,5,4,139,4,Industry Ready
S3489,7.11,63,55,83,96,44,45,78,95,65,27,75,73,70,78,76,79,89,99,92,90,59,96,57,38,93,3,4,4,6,337,10,Industry Ready
S3490,6.73,95,44,89,77,76,70,68,75,56,78,27,40,38,22,44,16,89,92,70,63,59,91,77,63,54,1,7,1,2,133,2,Industry Ready
S3491,6.37,98,62,75,99,69,49,69,52,66,74,60,41,50,29,41,70,87,93,79,55,66,74,51,74,73,0,2,4,7,263,2,Industry Ready
S3492,8.78,84,91,34,96,71,87,84,94,81,21,42,74,45,90,47,73,80,90,80,98,66,30,42,86,76,2,4,4,6,56,9,Industry Ready
S3493,7.16,39,76,51,77,80,96,51,93,68,45,73,48,25,68,67,97,30,92,89,59,46,71,64,94,92,2,4,2,6,304,4,Industry Ready
S3494,7.7,71,64,82,94,64,82,36,76,61,82,42,98,48,75,49,83,30,74,47,49,93,94,74,75,80,0,5,0,6,142,2,Industry Ready
S3495,7.62,70,94,99,73,70,49,88,70,78,36,51,40,36,35,97,39,50,67,78,98,63,67,55,49,99,2,6,2,7,235,5,Industry Ready
S3496,7.98,98,54,61,92,86,97,78,74,64,78,29,21,39,58,30,26,44,68,47,94,98,26,88,91,69,2,1,2,4,6,9,Industry Ready
S3497,9.22,39,86,40,75,67,77,83,64,67,35,54,61,61,95,58,53,97,42,86,63,47,73,87,69,53,1,2,2,3,220,7,Industry Ready
S3498,9.72,39,61,39,48,37,84,36,45,61,77,82,71,66,63,48,81,10,46,70,86,42,20,84,53,84,3,6,3,5,57,3,Industry Ready
S3499,7.25,89,92,68,93,92,94,43,59,90,83,86,57,93,27,70,85,87,44,58,46,50,51,96,55,43,2,3,5,5,308,5,Industry Ready
S3500,9.06,80,41,60,79,33,93,35,79,57,69,55,22,89,27,19,35,93,43,75,87,75,81,52,47,47,3,1,1,6,408,12,Industry Ready
S3501,8.79,50,92,41,92,77,49,43,85,77,45,68,44,21,64,49,26,91,99,78,88,41,34,63,55,62,3,4,3,5,204,18,Industry Ready
S3502,7.97,37,30,67,70,81,63,48,77,88,36,65,96,93,30,67,44,76,99,71,59,40,80,51,60,46,1,5,4,7,444,9,Industry Ready
S3503,9.61,94,80,96,36,67,74,61,81,87,65,46,81,56,44,98,55,79,39,60,52,46,97,41,90,56,0,7,2,2,223,11,Industry Ready
S3504,6.36,59,99,95,38,34,65,43,58,74,87,50,34,38,36,54,14,13,72,62,68,63,96,65,65,61,2,2,5,7,139,11,Industry Ready
S3505,5.97,78,37,81,33,99,45,70,71,94,69,53,89,60,74,26,54,10,93,93,49,51,75,85,64,77,2,1,0,5,111,5,Industry Ready
S3506,9.17,38,97,34,78,53,96,37,90,43,62,95,29,35,98,77,84,30,45,75,48,47,53,49,58,65,1,1,2,1,24,11,Moderately Ready
S3507,7.39,46,34,40,35,46,42,57,80,44,67,78,92,79,75,19,25,91,79,54,46,52,39,58,64,47,1,3,3,7,146,5,Moderately Ready
S3508,9.14,98,68,54,50,55,85,64,62,44,87,73,88,76,63,71,67,61,21,41,83,45,43,94,60,61,0,6,5,3,297,2,Industry Ready
S3509,9.34,87,52,64,44,32,91,53,86,64,38,85,63,83,72,98,51,62,22,51,72,78,47,61,88,79,3,6,1,1,246,15,Industry Ready
S3510,5.77,86,97,64,96,31,38,84,49,44,44,49,60,24,54,41,69,94,75,77,63,63,30,63,55,84,0,0,3,1,79,15,Moderately Ready
S3511,9.3,91,81,51,95,31,70,82,79,92,91,92,39,37,58,81,65,89,85,45,55,91,49,65,57,61,2,2,2,3,11,0,Industry Ready
S3512,7.43,81,33,66,85,51,53,37,92,70,37,42,56,91,21,51,15,65,44,85,71,63,57,44,62,79,1,2,5,3,187,1,Moderately Ready
S3513,7.69,90,76,84,97,33,58,61,75,78,70,28,58,32,44,54,29,99,87,77,43,77,20,55,57,44,1,2,1,4,482,10,Industry Ready
S3514,8.19,69,50,93,61,67,75,74,99,91,37,74,96,93,57,85,93,82,34,40,53,83,88,76,93,48,3,2,0,7,35,2,Industry Ready
S3515,9.48,67,85,49,95,99,83,52,74,77,77,20,89,55,87,30,33,96,26,77,99,46,52,73,87,99,2,6,3,6,151,10,Industry Ready
S3516,5.58,72,95,33,58,81,80,61,39,57,83,75,27,38,99,36,76,75,90,89,94,49,84,77,87,59,1,0,5,7,288,16,Industry Ready
S3517,7.55,92,88,47,95,60,70,45,62,38,90,58,62,50,51,39,97,76,60,65,68,69,63,67,68,61,1,6,3,2,419,10,Industry Ready
S3518,8.46,48,36,80,63,55,44,73,72,46,76,37,29,42,98,83,61,42,79,92,61,78,83,51,46,98,1,1,5,4,131,13,Industry Ready
S3519,8.61,79,78,97,56,65,41,53,52,83,36,61,60,51,97,94,19,97,63,87,62,63,28,98,36,73,1,1,4,0,482,15,Industry Ready
S3520,8.48,62,45,49,89,55,46,41,71,58,78,92,23,30,60,10,34,32,52,62,65,66,51,84,59,74,2,6,5,0,433,6,Industry Ready
S3521,6.08,42,46,38,68,57,82,91,61,47,86,94,97,85,98,18,91,15,85,97,65,69,73,84,78,75,3,5,1,7,55,2,Industry Ready
S3522,6.79,91,63,55,73,34,71,36,59,68,34,84,23,24,90,12,54,94,42,40,88,54,45,98,68,58,0,0,3,4,117,8,Moderately Ready
S3523,7.04,72,62,54,65,47,70,72,61,43,45,94,43,32,26,62,87,56,83,60,83,92,81,60,40,67,0,1,4,4,369,20,Industry Ready
S3524,8.96,78,55,97,48,44,94,39,88,44,67,52,40,83,91,51,10,67,25,96,86,41,61,71,73,46,3,0,0,2,263,6,Industry Ready
S3525,6.7,65,95,70,74,86,42,70,41,99,33,49,29,54,37,28,93,14,82,58,61,47,67,64,84,80,3,0,5,3,188,12,Industry Ready
S3526,6.41,39,92,88,50,34,41,91,61,88,28,24,65,48,36,15,34,86,62,68,83,56,25,53,58,77,2,7,3,0,7,0,Moderately Ready
S3527,9.62,35,70,74,52,66,77,54,93,77,26,69,89,42,96,16,85,86,44,89,42,87,49,90,39,42,0,1,3,6,134,9,Industry Ready
S3528,5.54,86,87,70,56,51,92,39,65,93,74,84,99,99,78,52,82,92,27,65,81,52,42,86,88,71,3,5,2,6,359,0,Industry Ready
S3529,9.79,30,39,67,48,81,80,58,38,93,31,29,63,35,30,89,18,18,56,73,91,57,44,92,88,85,1,6,3,3,408,13,Industry Ready
S3530,8.41,87,44,48,70,44,68,64,52,95,36,79,52,45,70,45,51,12,78,90,56,60,32,74,44,84,2,6,0,1,431,5,Industry Ready
S3531,9.06,50,71,43,55,46,56,62,97,72,92,96,55,22,26,77,72,70,47,56,53,75,44,48,40,70,3,7,5,1,34,10,Industry Ready
S3532,6.77,85,86,50,57,80,55,87,86,42,27,46,44,42,46,91,34,73,72,57,84,51,36,96,50,84,0,6,4,3,78,14,Industry Ready
S3533,5.56,49,46,44,93,74,49,85,97,99,61,91,32,76,78,91,57,55,90,93,69,82,46,69,94,64,1,1,5,1,145,11,Industry Ready
S3534,8.67,83,89,32,97,92,39,41,79,39,95,47,58,28,56,48,64,65,74,71,52,41,30,81,48,72,3,0,1,0,266,18,Industry Ready
S3535,9.09,54,38,66,80,57,51,76,46,77,56,64,98,70,24,52,75,48,55,95,65,59,25,68,67,86,0,3,0,0,221,6,Moderately Ready
S3536,8.68,57,65,75,77,88,53,69,42,94,39,71,57,52,81,46,98,22,81,43,79,62,98,78,74,44,2,4,1,7,412,17,Industry Ready
S3537,6.11,34,65,45,39,50,39,68,56,60,20,85,49,97,91,37,91,50,34,69,71,60,56,70,74,68,0,2,0,1,86,10,Moderately Ready
S3538,8.74,50,77,43,68,71,57,88,75,45,28,81,33,43,93,59,33,20,73,70,85,70,94,53,43,98,0,0,5,0,254,1,Moderately Ready
S3539,8.81,47,80,38,48,98,48,63,75,68,43,95,69,69,98,48,91,50,80,57,73,55,91,56,82,98,0,7,5,1,97,16,Industry Ready
S3540,8.33,76,99,36,93,46,44,44,91,36,53,96,87,71,74,11,53,84,73,44,90,52,56,64,99,70,2,1,4,2,466,13,Industry Ready
S3541,8.79,99,97,43,48,97,65,61,66,55,55,79,20,90,35,46,65,56,88,71,62,43,93,85,44,65,3,5,2,2,271,17,Industry Ready
S3542,9.14,86,51,35,91,36,47,47,89,60,23,59,80,57,93,75,44,58,48,68,73,41,78,96,40,97,3,7,4,3,5,14,Industry Ready
S3543,8.14,48,35,44,42,69,56,76,40,39,48,34,22,63,75,28,43,74,46,51,83,89,29,81,96,60,1,0,5,6,232,17,Moderately Ready
S3544,5.88,94,55,81,54,69,71,71,73,43,35,26,69,75,70,78,15,44,87,54,91,40,20,76,65,73,3,7,1,6,14,8,Industry Ready
S3545,7.6,32,32,63,71,72,73,95,43,84,27,58,80,85,87,53,58,44,31,54,51,65,71,66,40,76,2,1,1,1,328,18,Industry Ready
S3546,5.83,71,81,30,68,80,44,55,66,44,58,70,55,64,65,22,25,76,42,74,62,69,37,57,68,88,0,0,5,2,28,14,Moderately Ready
S3547,7.25,50,89,98,59,52,65,37,70,92,77,26,23,71,80,31,96,13,69,92,67,93,24,68,96,40,2,6,3,7,191,0,Industry Ready
S3548,7.25,69,92,49,34,61,77,42,50,44,31,31,62,20,97,16,22,33,94,74,58,77,67,88,46,98,0,1,5,2,233,11,Moderately Ready
S3549,5.78,96,94,36,47,60,70,51,46,70,63,33,33,83,52,11,21,93,95,82,87,59,52,57,72,43,3,3,2,0,65,17,Industry Ready
S3550,7.0,54,81,36,50,46,69,44,75,90,23,53,86,27,74,71,20,45,92,91,73,64,76,43,41,86,1,5,4,3,366,9,Industry Ready
S3551,5.98,84,43,79,79,87,89,47,92,96,44,58,26,62,37,87,56,86,46,92,47,91,44,59,98,86,1,6,5,3,96,1,Industry Ready
S3552,8.98,81,97,31,35,64,81,46,43,71,89,92,27,27,31,98,69,65,78,53,73,58,63,40,38,61,3,4,4,7,229,10,Industry Ready
S3553,9.58,73,57,76,79,59,40,57,51,75,86,83,63,48,93,99,58,13,28,78,81,66,85,84,55,55,0,7,1,2,214,19,Industry Ready
S3554,5.81,85,39,43,95,93,62,99,39,82,58,31,83,32,40,14,61,49,52,57,55,49,87,63,70,84,3,1,2,2,119,8,Industry Ready
S3555,9.61,84,86,60,30,82,64,86,60,56,43,53,26,20,97,29,70,52,89,77,46,80,44,81,41,85,2,5,4,3,140,16,Industry Ready
S3556,7.75,99,95,79,86,80,61,95,35,95,25,46,67,48,92,63,95,67,70,61,66,56,64,99,69,98,3,3,2,5,467,10,Industry Ready
S3557,6.79,95,79,90,59,66,73,60,35,82,91,41,81,69,45,85,49,71,59,77,90,86,42,86,83,71,3,4,2,7,70,20,Industry Ready
S3558,5.83,48,43,70,87,35,69,49,69,98,52,37,44,56,98,72,99,16,25,94,59,41,60,63,45,73,0,6,4,0,312,20,Industry Ready
S3559,7.65,36,45,43,81,63,78,56,43,71,67,65,87,20,40,45,80,18,23,50,93,56,52,95,58,60,3,7,5,4,464,17,Industry Ready
S3560,8.92,92,83,34,66,85,49,99,72,75,86,63,83,88,41,90,84,31,22,42,98,46,47,44,56,66,2,1,2,0,178,12,Industry Ready
S3561,8.54,71,72,34,77,54,66,60,38,39,21,37,37,67,74,25,62,13,32,92,74,99,27,65,77,81,3,2,5,4,212,16,Industry Ready
S3562,5.72,71,71,93,30,42,63,55,86,86,57,56,23,74,65,66,70,45,45,53,56,55,48,57,85,76,2,0,0,3,27,0,Moderately Ready
S3563,5.81,88,51,58,48,92,97,58,53,51,59,26,36,85,60,73,31,79,53,83,67,88,75,75,83,42,3,7,1,3,349,9,Industry Ready
S3564,7.23,49,97,34,75,95,40,50,39,96,75,87,66,82,24,19,92,76,96,64,47,66,34,40,56,91,0,0,2,7,150,0,Industry Ready
S3565,6.77,46,48,65,96,34,61,66,82,86,40,99,64,41,63,60,47,44,72,53,43,98,34,49,52,82,1,6,2,7,124,10,Industry Ready
S3566,6.5,56,95,48,31,40,62,50,97,54,54,79,77,30,35,36,93,42,66,86,72,40,56,56,78,84,1,0,0,3,340,13,Moderately Ready
S3567,6.71,76,68,93,85,73,39,76,72,50,94,67,22,48,54,16,70,16,27,70,89,61,38,99,66,73,2,6,3,1,368,19,Industry Ready
S3568,8.95,31,48,51,46,98,75,66,86,41,94,70,31,22,24,50,92,64,95,64,61,61,78,97,92,46,3,1,2,1,256,3,Industry Ready
S3569,9.5,92,45,63,51,31,90,84,80,46,86,71,36,64,81,85,92,56,27,94,70,66,70,74,90,68,0,2,4,1,464,8,Industry Ready
S3570,7.24,91,83,85,56,69,88,75,43,77,79,96,41,96,45,22,56,71,38,80,40,55,54,43,43,42,3,7,5,3,351,19,Industry Ready
S3571,9.4,48,54,46,84,66,52,58,84,74,42,71,58,22,80,75,36,76,93,58,80,99,55,83,97,84,0,2,5,2,343,7,Industry Ready
S3572,6.88,46,47,85,61,78,77,47,72,35,84,73,58,93,70,12,90,73,51,51,53,92,72,66,38,77,0,2,3,3,198,14,Industry Ready
S3573,7.55,98,52,46,89,65,63,44,61,92,82,60,35,87,88,20,27,52,40,46,46,75,99,99,72,80,3,5,5,4,162,0,Industry Ready
S3574,6.47,68,40,47,57,99,44,76,54,37,42,61,70,33,75,14,29,27,83,88,47,55,31,50,76,94,3,4,5,7,291,18,Industry Ready
S3575,8.25,68,68,74,57,63,40,75,96,42,61,41,48,84,69,69,51,12,42,53,47,63,47,42,41,91,1,5,5,0,13,15,Moderately Ready
S3576,9.71,65,97,85,54,87,38,37,50,95,83,58,97,76,55,11,50,68,90,68,93,74,90,67,76,41,3,7,3,5,183,11,Industry Ready
S3577,8.1,69,54,79,55,66,68,89,47,39,85,42,90,34,43,86,81,71,61,86,63,72,52,50,94,51,1,6,0,4,61,16,Industry Ready
S3578,7.04,74,92,87,46,89,67,50,54,60,60,67,60,79,98,73,67,48,54,53,94,56,94,42,54,54,2,1,4,7,395,0,Industry Ready
S3579,8.29,33,59,47,36,41,38,78,58,51,39,52,76,73,49,22,49,73,21,62,40,44,98,95,97,94,1,3,5,6,102,18,Industry Ready
S3580,6.03,54,74,36,85,61,78,64,84,85,28,60,47,21,88,63,84,82,90,90,74,74,74,75,55,95,1,4,3,0,342,19,Industry Ready
S3581,9.32,98,90,39,93,33,65,71,41,81,76,49,96,83,67,21,39,90,95,90,80,58,98,42,39,55,0,1,2,6,141,13,Industry Ready
S3582,7.66,59,80,98,49,62,92,94,63,74,94,97,99,47,41,27,21,69,71,53,47,82,92,64,64,42,0,2,0,7,189,5,Industry Ready
S3583,7.43,97,38,32,67,72,94,58,39,61,36,66,40,96,52,27,71,51,36,62,44,86,96,51,97,66,1,5,0,7,117,18,Industry Ready
S3584,8.02,58,31,73,87,38,36,60,69,74,97,76,23,86,88,26,71,14,28,47,71,73,69,51,93,85,2,1,0,4,216,18,Industry Ready
S3585,8.19,97,34,99,45,80,70,92,99,35,37,91,34,22,69,48,96,55,71,52,40,71,48,88,72,62,0,2,5,0,21,18,Industry Ready
S3586,5.81,80,91,43,80,49,94,43,41,80,82,76,72,72,42,95,79,13,22,75,41,64,77,95,70,72,2,3,1,5,492,11,Industry Ready
S3587,8.44,53,98,33,56,68,57,95,78,45,91,81,65,45,29,22,24,23,41,83,81,98,45,92,72,87,1,2,3,2,112,12,Industry Ready
S3588,6.54,43,81,47,80,52,81,53,47,73,91,76,26,23,55,54,16,20,73,40,85,61,42,71,57,66,3,4,5,0,100,5,Moderately Ready
S3589,8.57,98,34,81,45,70,80,62,72,52,45,87,37,35,36,28,15,69,55,76,54,78,36,79,57,63,1,1,4,3,28,16,Moderately Ready
S3590,9.04,47,88,67,89,73,78,41,47,81,91,91,40,91,72,97,36,31,58,65,81,89,24,49,92,94,3,7,4,4,455,0,Industry Ready
S3591,8.96,71,97,49,69,64,53,79,88,55,91,44,27,73,27,28,11,14,37,43,48,66,78,87,82,77,0,0,1,7,74,10,Moderately Ready
S3592,7.88,86,38,73,96,52,83,97,78,62,97,59,78,35,63,30,15,62,46,55,51,72,35,58,40,66,0,2,5,1,349,4,Industry Ready
S3593,7.74,41,51,80,31,87,92,71,47,35,32,36,39,50,80,33,70,21,86,64,49,47,40,86,80,86,0,7,2,6,186,6,Industry Ready
S3594,6.11,46,56,48,77,77,41,50,59,48,36,99,86,21,25,39,41,30,32,58,63,69,24,93,49,70,0,7,3,2,341,0,Moderately Ready
S3595,8.83,59,39,97,81,87,75,39,58,54,45,67,74,92,90,57,38,88,36,59,80,87,77,82,35,54,1,2,0,5,14,14,Industry Ready
S3596,6.67,52,90,95,53,86,49,63,63,79,25,58,81,64,56,44,74,33,80,65,89,65,45,46,67,74,1,7,1,4,148,17,Industry Ready
S3597,7.64,30,80,42,31,68,87,86,52,95,23,34,37,73,73,68,24,22,37,90,58,54,62,63,58,75,0,0,1,2,110,10,Moderately Ready
S3598,6.72,61,39,91,94,57,57,57,39,61,26,36,98,78,42,26,19,35,36,71,90,75,78,78,48,63,2,7,3,1,88,0,Moderately Ready
S3599,6.08,38,35,90,49,93,99,40,52,90,36,54,75,78,76,57,19,49,75,42,56,84,77,71,72,56,3,4,4,1,246,18,Industry Ready
S3600,8.21,44,91,59,63,91,94,70,97,86,69,52,41,41,70,64,19,35,67,87,41,96,21,62,45,84,0,3,5,1,332,1,Industry Ready
S3601,5.73,57,34,59,70,91,44,91,71,71,25,37,27,53,77,18,46,54,35,46,49,51,63,89,97,73,0,5,3,1,70,9,Moderately Ready
S3602,8.72,53,99,80,70,55,92,67,89,65,49,49,30,92,38,86,41,39,44,71,44,80,95,58,66,40,0,3,4,1,112,11,Industry Ready
S3603,6.87,89,92,77,52,80,81,83,46,83,93,56,31,75,46,23,45,73,84,44,78,84,45,87,63,59,2,4,3,3,465,6,Industry Ready
S3604,5.5,64,85,62,67,79,49,75,86,87,75,26,67,53,44,35,73,82,46,60,45,82,63,93,64,45,0,1,4,0,395,12,Industry Ready
S3605,7.7,56,88,48,73,65,43,89,91,73,58,93,82,45,40,61,98,97,33,69,41,51,38,42,63,44,3,6,5,6,316,1,Industry Ready
S3606,5.7,49,92,86,96,55,47,60,80,44,33,99,46,90,44,94,24,47,69,59,47,43,68,64,45,68,3,6,1,1,46,18,Industry Ready
S3607,6.69,94,88,48,91,62,57,71,78,43,73,47,54,64,70,53,82,27,48,97,43,97,76,64,83,45,1,3,4,7,281,19,Industry Ready
S3608,8.54,78,80,70,41,97,67,51,58,47,41,37,21,95,90,93,25,18,47,68,98,42,25,45,98,89,2,5,3,4,68,5,Industry Ready
S3609,5.77,30,79,71,59,37,43,66,43,52,76,66,27,40,54,20,92,95,40,63,89,76,42,72,72,92,1,7,2,4,242,6,Industry Ready
S3610,9.11,39,33,81,94,95,37,62,46,46,60,42,39,62,89,60,55,65,43,40,70,77,62,72,94,72,2,7,3,7,455,1,Industry Ready
S3611,5.52,76,77,33,70,52,59,59,43,39,29,39,27,58,69,51,53,47,65,82,75,71,63,54,41,84,2,5,1,1,419,16,Industry Ready
S3612,6.56,88,61,33,49,99,70,81,56,41,21,50,82,32,34,71,85,30,79,64,47,65,85,59,41,77,3,6,4,2,182,1,Industry Ready
S3613,8.69,91,80,34,35,84,54,56,51,49,86,33,87,61,43,44,44,80,39,66,70,43,64,82,39,91,0,5,4,1,324,17,Industry Ready
S3614,6.86,47,81,70,33,72,88,95,67,52,67,42,50,64,68,73,60,21,71,64,56,40,38,81,81,68,3,4,4,7,341,8,Industry Ready
S3615,5.94,75,63,90,39,50,53,78,81,72,61,21,51,70,87,27,67,45,41,98,98,94,23,71,70,83,1,5,1,5,470,10,Industry Ready
S3616,7.05,61,65,84,80,51,94,54,49,60,30,48,32,36,26,23,14,20,87,60,96,44,76,63,49,49,2,2,5,6,71,13,Moderately Ready
S3617,6.66,56,99,42,67,38,71,84,67,72,93,69,45,82,73,58,47,76,35,56,85,41,28,42,73,71,1,5,3,3,498,4,Industry Ready
S3618,9.12,47,72,43,30,63,37,81,49,93,31,92,48,26,57,78,15,36,40,67,79,85,67,43,72,64,3,0,4,5,402,0,Moderately Ready
S3619,6.85,68,45,89,37,88,53,81,61,86,33,78,37,74,64,26,60,72,63,71,53,50,55,83,70,67,2,1,2,0,161,19,Industry Ready
S3620,8.89,78,88,54,92,55,87,85,95,67,49,52,88,23,28,30,23,80,81,83,47,48,86,98,36,68,0,7,5,7,453,1,Industry Ready
S3621,9.34,73,82,73,62,30,80,89,82,55,79,67,31,50,74,23,57,75,40,89,97,47,37,45,49,90,2,1,2,4,250,10,Industry Ready
S3622,7.37,83,48,39,44,34,90,73,42,51,96,63,21,75,71,12,21,83,30,73,64,97,59,98,89,74,1,5,0,6,190,13,Industry Ready
S3623,9.41,63,70,79,60,70,65,48,40,96,49,31,61,23,96,40,95,76,79,61,53,78,85,96,94,86,1,2,2,6,125,4,Industry Ready
S3624,7.12,65,76,73,50,92,87,81,97,93,57,61,26,59,68,98,61,90,56,81,62,54,84,91,59,96,1,7,0,1,177,0,Industry Ready
S3625,9.65,47,83,43,32,51,68,55,36,36,94,54,66,66,74,56,77,74,63,96,82,48,43,58,48,71,1,7,4,0,240,9,Industry Ready
S3626,5.88,67,84,44,95,97,65,49,56,98,84,60,73,69,89,53,68,43,41,58,80,81,72,97,43,85,2,3,1,0,272,17,Industry Ready
S3627,8.45,88,48,45,64,77,94,35,55,59,66,74,34,42,95,26,27,86,85,87,56,89,61,65,83,75,2,1,1,1,120,18,Industry Ready
S3628,7.62,38,91,31,70,95,45,44,40,75,58,32,77,70,98,99,62,87,62,47,88,69,72,87,69,46,3,0,1,6,80,4,Industry Ready
S3629,7.17,80,88,59,88,45,40,57,47,53,68,58,52,57,22,90,40,90,94,41,51,68,81,64,39,49,3,2,4,0,334,8,Industry Ready
S3630,8.22,64,94,59,45,82,61,52,35,72,92,85,86,28,87,65,44,43,40,44,59,90,81,94,51,85,2,1,4,4,294,12,Industry Ready
S3631,8.53,34,97,60,85,94,41,92,56,59,77,54,82,80,57,92,13,73,52,67,73,64,87,64,88,73,3,6,3,1,100,12,Industry Ready
S3632,5.52,43,57,49,74,93,83,86,58,73,36,91,67,99,89,36,18,26,36,43,95,61,54,98,81,72,2,5,5,2,158,3,Industry Ready
S3633,6.22,59,47,78,88,97,94,80,98,38,25,52,85,40,68,80,24,60,55,92,88,73,76,49,83,65,0,7,2,1,405,15,Industry Ready
S3634,8.57,33,55,64,79,92,67,47,75,37,34,55,84,28,27,99,51,65,33,75,91,61,80,77,96,87,2,2,4,4,57,3,Industry Ready
S3635,8.37,68,48,52,41,91,81,51,56,68,86,32,55,44,64,78,68,98,56,40,50,85,31,59,57,87,3,3,2,1,24,10,Industry Ready
S3636,9.65,93,84,90,41,74,78,95,95,44,47,75,36,55,48,11,94,57,50,54,66,69,68,44,50,52,0,5,1,1,274,3,Industry Ready
S3637,8.77,54,86,84,62,81,61,99,46,61,92,65,21,62,98,89,82,71,23,52,48,92,41,81,41,69,3,4,2,6,53,1,Industry Ready
S3638,9.59,57,35,96,78,94,56,87,38,35,63,92,52,97,68,71,41,65,25,70,57,49,87,83,77,71,2,2,3,1,198,16,Industry Ready
S3639,8.52,95,30,37,50,31,81,39,46,78,37,65,25,47,43,84,89,20,69,56,77,44,90,89,78,72,3,3,1,3,1,11,Industry Ready
S3640,6.78,51,37,69,89,78,82,66,67,86,51,63,62,83,40,96,54,94,96,45,75,44,42,74,43,45,2,1,2,3,334,11,Industry Ready
S3641,5.95,60,80,88,81,51,64,79,55,59,88,65,30,64,42,15,14,29,57,63,85,41,26,44,94,75,3,7,3,7,21,20,Industry Ready
S3642,8.86,52,54,61,83,58,36,90,86,99,63,93,24,75,47,74,40,77,98,94,67,69,41,74,44,41,3,1,5,4,493,7,Industry Ready
S3643,8.27,77,76,36,68,64,49,39,81,45,89,88,49,67,51,27,34,43,24,91,59,61,59,42,39,46,2,7,2,0,165,9,Moderately Ready
S3644,5.71,49,84,31,78,53,81,68,93,49,82,50,29,27,41,64,65,51,57,52,93,52,38,80,85,95,0,3,3,6,116,19,Industry Ready
S3645,7.05,67,93,35,93,59,61,95,81,91,95,43,43,33,81,76,10,50,43,60,81,78,72,71,41,69,2,1,2,1,262,18,Industry Ready
S3646,9.61,84,39,65,55,71,61,96,90,98,77,51,78,34,86,66,70,71,37,63,68,64,49,75,56,85,2,7,1,6,360,16,Industry Ready
S3647,7.65,97,85,61,36,79,47,97,47,45,66,86,86,58,92,28,76,26,51,93,43,92,45,69,58,94,2,6,1,1,342,3,Industry Ready
S3648,7.36,30,41,74,91,89,89,78,78,54,36,35,80,44,25,83,94,21,90,95,54,66,60,91,76,65,1,6,0,6,65,12,Industry Ready
S3649,7.47,36,62,71,53,59,51,62,69,64,58,76,45,82,84,93,76,77,91,61,80,86,41,88,56,64,1,1,3,5,371,12,Industry Ready
S3650,6.4,86,46,82,69,41,93,47,63,44,78,43,58,78,41,20,51,50,49,68,83,66,80,99,69,72,3,1,2,3,288,18,Industry Ready
S3651,7.09,41,90,38,76,78,44,77,90,88,26,53,22,94,70,93,68,23,49,63,67,60,92,78,89,81,1,3,5,2,337,1,Industry Ready
S3652,7.09,34,39,78,37,75,67,64,39,92,82,71,57,48,87,64,59,13,24,83,79,70,65,68,37,45,0,5,2,5,120,12,Industry Ready
S3653,5.73,79,60,31,83,72,71,60,87,63,76,67,61,22,76,46,86,91,23,51,63,54,77,65,53,47,2,3,2,3,363,15,Industry Ready
S3654,8.8,71,89,96,38,31,42,97,94,35,94,72,67,58,91,95,43,86,70,59,76,96,48,84,76,48,0,2,4,0,134,12,Industry Ready
S3655,7.29,41,99,40,32,83,67,91,40,92,53,74,32,41,74,13,77,83,28,81,55,77,72,64,80,50,2,0,3,5,314,3,Industry Ready
S3656,9.04,47,46,79,83,64,41,98,82,55,72,57,75,60,61,22,63,23,74,73,61,78,37,99,54,63,0,4,2,1,215,19,Industry Ready
S3657,9.16,95,79,64,50,81,68,83,69,49,85,21,78,39,71,79,91,18,52,54,86,75,50,95,67,45,1,5,0,1,266,8,Industry Ready
S3658,6.41,46,66,44,77,62,41,86,52,67,97,88,82,38,80,67,23,52,50,90,56,75,51,51,40,79,2,6,1,6,139,11,Industry Ready
S3659,8.33,97,91,60,76,80,75,97,45,72,67,72,99,32,38,11,41,29,73,92,40,40,28,57,49,95,1,5,4,4,145,5,Industry Ready
S3660,7.53,91,58,91,97,55,89,47,85,53,79,69,62,38,20,69,79,10,80,43,70,50,56,93,65,55,1,1,4,2,484,5,Industry Ready
S3661,9.28,70,61,57,92,91,41,79,57,38,62,48,94,99,60,98,90,90,85,92,64,44,27,97,40,56,2,6,1,4,384,5,Industry Ready
S3662,6.43,63,40,54,45,90,52,80,81,92,92,93,76,85,82,41,17,81,39,53,51,73,43,65,35,63,0,0,5,2,444,12,Industry Ready
S3663,8.41,99,35,54,34,55,77,75,93,46,23,74,40,84,67,72,44,26,95,40,59,76,87,54,53,46,3,7,5,5,120,3,Industry Ready
S3664,8.11,74,64,30,40,66,74,80,91,51,97,80,73,22,51,69,33,94,80,72,58,44,71,44,49,79,1,6,4,5,500,16,Industry Ready
S3665,6.77,87,62,88,58,59,87,35,90,35,94,69,98,43,69,35,12,98,55,99,44,59,65,95,68,79,1,5,0,2,256,2,Industry Ready
S3666,6.09,80,47,98,99,40,48,46,61,48,71,35,72,57,33,99,90,29,39,89,54,84,36,72,98,99,2,0,0,5,282,7,Industry Ready
S3667,8.3,63,66,71,77,82,55,69,69,36,51,89,64,21,36,31,45,68,64,86,80,83,40,80,83,97,2,6,1,2,246,0,Industry Ready
S3668,8.68,73,42,63,44,70,91,67,89,38,70,63,55,75,49,83,60,98,65,82,64,81,67,48,80,66,0,3,3,2,72,20,Industry Ready
S3669,6.86,44,93,95,63,34,80,92,43,80,29,35,82,99,70,96,90,94,37,89,74,52,28,71,85,49,1,3,5,4,448,17,Industry Ready
S3670,8.27,99,30,47,89,95,60,69,52,84,31,47,20,56,81,13,66,22,89,68,83,48,88,52,45,93,3,0,4,1,475,19,Industry Ready
S3671,7.2,79,92,34,91,42,58,80,78,94,58,76,86,23,43,25,68,86,93,95,94,44,24,82,38,48,1,3,2,1,331,18,Industry Ready
S3672,8.57,61,63,49,31,92,39,78,55,86,99,45,98,97,82,72,98,56,37,49,90,77,25,67,75,90,0,2,5,5,319,0,Industry Ready
S3673,6.36,96,39,95,48,54,76,60,90,82,87,30,52,63,33,51,31,59,83,75,86,71,91,62,98,49,3,2,2,6,48,4,Industry Ready
S3674,9.33,32,36,91,78,73,77,76,82,73,29,20,51,64,53,42,46,86,53,53,42,69,67,63,35,88,2,4,0,4,207,18,Industry Ready
S3675,6.74,80,85,61,57,43,66,64,35,94,92,88,77,66,78,22,84,49,98,61,91,88,65,80,43,69,2,4,3,5,368,0,Industry Ready
S3676,7.08,96,66,87,77,98,40,66,61,64,29,62,45,45,84,55,21,16,22,89,57,67,98,70,73,48,2,7,3,3,454,16,Industry Ready
S3677,5.75,77,58,79,66,88,41,70,79,61,42,65,80,95,52,22,30,64,91,72,61,76,92,44,99,85,0,5,5,6,249,0,Industry Ready
S3678,5.98,46,41,67,78,85,63,53,97,89,96,55,36,28,77,42,24,60,30,67,55,67,82,85,51,97,2,5,4,5,162,3,Industry Ready
S3679,7.72,36,46,84,77,81,68,56,92,60,32,85,92,99,37,23,21,85,65,46,54,96,22,98,35,65,3,4,5,0,440,4,Industry Ready
S3680,6.65,42,77,57,58,95,41,99,74,76,67,76,88,67,31,17,95,11,61,75,44,99,50,87,58,73,2,5,4,2,168,7,Industry Ready
S3681,9.09,95,55,51,89,97,92,91,97,86,63,25,48,50,93,99,65,23,36,75,81,82,26,41,54,74,0,1,1,6,406,14,Industry Ready
S3682,5.56,33,41,72,58,41,65,45,72,40,99,81,82,74,85,95,25,26,66,89,81,45,35,86,98,66,1,2,0,6,34,12,Industry Ready
S3683,7.13,39,50,65,87,97,79,60,63,44,83,46,25,20,21,55,42,86,49,80,52,80,34,69,54,59,1,1,1,6,79,6,Moderately Ready
S3684,6.95,46,71,81,77,72,81,82,74,72,59,45,78,78,89,10,52,10,62,73,89,83,26,88,74,63,3,2,1,7,303,13,Industry Ready
S3685,5.58,81,90,65,52,35,74,53,53,46,25,32,40,30,47,68,58,10,27,76,67,68,57,44,64,66,0,5,3,4,169,3,Moderately Ready
S3686,6.03,35,87,57,56,44,64,46,90,80,91,95,64,21,61,69,87,35,59,45,49,43,27,95,57,80,2,0,4,2,455,17,Industry Ready
S3687,7.28,98,83,87,36,71,96,90,78,83,62,37,64,65,22,58,27,55,90,74,55,57,75,49,57,58,2,6,2,2,239,17,Industry Ready
S3688,7.62,38,63,65,78,60,51,52,99,97,51,57,54,20,67,89,25,22,39,66,41,54,99,86,90,57,1,1,1,2,335,1,Moderately Ready
S3689,7.24,50,36,99,83,82,39,39,47,77,68,25,71,89,32,70,49,43,95,69,89,64,20,91,81,89,2,7,0,4,261,16,Industry Ready
S3690,7.78,53,64,38,97,35,35,58,64,94,93,47,65,90,76,32,76,71,47,71,75,43,38,75,51,82,1,7,1,1,355,15,Industry Ready
S3691,8.06,33,44,50,71,62,65,72,83,63,38,24,85,85,22,14,71,82,47,58,90,53,97,75,36,80,1,7,2,3,375,5,Industry Ready
S3692,5.54,53,94,93,88,58,69,86,97,45,71,78,76,21,82,94,99,60,78,61,64,98,38,95,67,51,2,4,2,3,350,19,Industry Ready
S3693,7.5,88,54,90,73,50,64,73,69,69,71,98,61,88,57,59,88,92,81,60,44,89,23,46,49,79,1,2,0,7,110,13,Industry Ready
S3694,9.64,32,88,69,55,83,49,93,45,57,53,92,92,32,78,45,36,96,99,44,67,56,83,68,66,57,1,5,5,5,91,18,Industry Ready
S3695,7.73,97,35,85,52,85,90,60,83,55,78,64,96,38,47,29,90,50,93,60,56,73,21,71,68,47,0,4,2,4,290,0,Industry Ready
S3696,8.41,69,81,33,37,50,94,99,74,71,24,72,35,66,45,52,23,64,73,80,41,92,95,66,94,75,2,3,2,0,272,11,Industry Ready
S3697,6.84,77,50,60,82,84,61,82,55,62,85,21,24,20,84,17,75,37,26,95,54,58,42,40,65,77,0,2,5,3,174,15,Moderately Ready
S3698,8.83,83,61,56,43,87,36,87,81,92,60,68,20,37,93,99,36,70,87,59,94,68,75,97,49,92,2,5,2,3,285,8,Industry Ready
S3699,8.82,64,82,87,36,93,98,43,37,87,53,92,41,51,93,50,63,16,43,77,95,61,70,93,54,55,2,5,1,2,243,19,Industry Ready
S3700,7.74,85,88,54,38,75,39,39,64,62,73,82,67,91,80,34,97,87,60,70,77,53,50,59,65,92,2,2,0,4,8,15,Industry Ready
S3701,9.7,69,98,98,32,51,47,95,96,76,39,89,45,30,76,16,69,11,73,76,68,75,77,73,36,52,2,4,1,5,278,12,Industry Ready
S3702,6.04,97,91,99,46,89,57,55,71,95,73,77,53,39,20,95,49,85,33,98,62,41,55,90,47,65,3,6,5,5,44,0,Industry Ready
S3703,5.57,75,33,34,73,40,84,97,56,67,85,23,77,27,51,70,54,11,63,45,57,84,31,75,50,87,3,4,0,1,64,2,Moderately Ready
S3704,8.81,42,47,37,75,76,71,54,65,89,37,49,26,57,51,42,77,37,68,70,53,46,54,65,49,65,1,7,2,4,139,14,Industry Ready
S3705,8.97,56,85,38,87,60,64,92,80,71,63,76,44,25,46,78,99,63,82,86,71,67,99,62,59,94,0,7,2,7,336,15,Industry Ready
S3706,6.02,35,53,44,57,47,57,79,79,81,67,66,76,21,32,47,77,85,64,82,83,98,23,72,62,95,0,4,4,7,173,13,Industry Ready
S3707,6.64,46,95,36,43,51,68,56,48,70,54,37,31,93,36,21,72,67,91,63,45,93,47,40,46,60,1,2,2,4,160,0,Moderately Ready
S3708,5.58,65,42,44,38,85,98,97,46,62,98,63,50,92,47,53,86,56,96,93,67,47,52,42,88,91,0,0,0,3,127,0,Industry Ready
S3709,6.76,31,91,66,55,46,89,64,97,44,58,71,46,74,71,62,49,70,26,93,93,68,93,89,92,89,3,3,3,6,277,4,Industry Ready
S3710,8.82,81,83,68,31,67,43,97,72,57,22,68,53,22,55,23,50,49,22,57,91,49,50,74,50,60,0,5,0,6,9,4,Moderately Ready
S3711,7.73,95,44,35,63,54,38,78,81,39,38,49,94,85,66,80,70,95,66,94,98,60,97,74,96,47,2,6,2,6,345,7,Industry Ready
S3712,7.0,81,98,86,48,61,67,92,88,40,37,71,53,91,85,61,74,27,80,99,91,74,24,98,44,72,2,7,2,2,397,0,Industry Ready
S3713,7.1,72,32,48,68,44,66,99,89,76,24,56,56,92,51,61,10,23,90,68,57,43,29,52,86,45,2,4,3,6,216,17,Industry Ready
S3714,5.51,51,66,92,42,42,78,70,82,81,74,82,77,45,51,55,18,34,49,99,74,92,44,72,64,89,2,7,2,4,494,0,Industry Ready
S3715,6.79,84,66,60,34,87,71,40,49,62,32,31,79,67,89,89,84,19,24,90,97,60,60,52,50,41,1,5,4,1,138,13,Industry Ready
S3716,8.28,96,32,39,79,79,94,71,50,47,53,36,45,27,74,50,89,57,91,51,77,77,36,61,44,47,1,0,3,7,402,10,Industry Ready
S3717,9.69,89,92,96,52,40,93,89,77,59,37,53,64,86,92,11,24,57,26,51,43,64,80,95,49,45,3,6,1,2,234,9,Industry Ready
S3718,9.14,87,64,91,58,42,70,93,41,41,87,47,64,94,99,58,68,70,58,68,90,59,79,44,60,45,3,5,5,2,306,17,Industry Ready
S3719,5.6,41,81,32,55,79,83,72,77,92,91,23,51,88,59,87,75,62,21,46,88,46,52,56,95,61,3,4,4,1,27,20,Industry Ready
S3720,9.36,98,57,47,86,67,85,59,62,70,62,65,88,95,47,37,19,18,62,55,99,46,28,82,49,64,1,7,0,1,282,9,Industry Ready
S3721,8.87,68,47,54,30,30,42,67,94,36,84,33,90,49,50,41,58,20,31,51,70,71,69,49,40,85,0,7,5,5,246,18,Industry Ready
S3722,8.86,42,65,49,57,68,84,47,37,72,60,32,42,46,50,85,20,36,47,60,50,71,50,98,35,70,2,2,5,1,394,12,Moderately Ready
S3723,7.47,70,62,87,91,56,75,72,35,48,57,77,84,62,45,86,39,68,38,43,85,61,24,94,69,74,0,0,4,4,149,8,Industry Ready
S3724,7.21,86,93,79,76,65,72,92,65,61,57,68,58,24,23,31,32,67,47,81,98,88,65,66,35,89,2,7,4,7,152,8,Industry Ready
S3725,6.8,82,55,39,88,61,89,54,90,49,32,69,86,39,77,51,31,22,95,99,50,64,23,54,72,44,3,6,2,5,477,7,Industry Ready
S3726,5.78,41,77,50,60,70,52,51,80,46,41,86,64,71,98,38,60,74,89,56,68,45,50,84,75,61,2,5,1,7,274,12,Industry Ready
S3727,6.48,42,69,58,99,44,99,58,66,77,48,40,86,40,42,88,51,20,38,67,58,90,23,81,46,96,0,2,3,2,447,6,Industry Ready
S3728,6.56,86,46,39,78,60,98,60,52,91,28,99,82,22,88,77,38,66,83,70,56,66,37,48,98,87,0,1,5,5,422,20,Industry Ready
S3729,7.58,69,69,42,34,35,46,74,69,82,87,70,89,60,79,42,54,76,28,86,43,57,53,99,44,64,3,4,4,2,262,1,Industry Ready
S3730,8.71,74,36,76,60,81,75,66,57,95,36,57,73,83,62,55,42,75,60,47,83,51,67,46,61,57,3,3,5,0,248,18,Industry Ready
S3731,7.54,64,86,52,66,51,76,71,47,78,56,45,46,87,45,18,48,33,69,85,43,67,82,96,73,48,0,0,2,6,389,20,Industry Ready
S3732,5.75,32,37,79,44,60,94,94,48,86,83,25,98,90,86,47,82,93,29,89,98,58,33,49,79,64,3,1,4,0,136,0,Industry Ready
S3733,9.62,34,85,33,81,75,84,91,71,96,86,37,55,43,87,89,74,58,93,65,51,82,52,80,45,68,1,4,1,6,117,10,Industry Ready
S3734,9.55,40,60,96,98,96,70,92,39,36,23,25,24,71,74,35,91,49,73,79,88,56,61,52,58,93,3,1,3,7,401,0,Industry Ready
S3735,8.88,85,88,82,40,72,82,56,56,65,59,60,86,94,66,52,59,88,29,85,86,74,51,55,91,72,0,0,2,0,414,16,Industry Ready
S3736,9.76,39,87,31,72,30,42,92,62,67,35,76,70,21,78,62,95,79,26,94,46,54,62,73,74,82,1,3,4,5,197,18,Industry Ready
S3737,7.84,63,41,97,99,73,59,83,38,39,30,69,51,63,94,36,57,93,51,87,60,44,76,47,71,47,0,0,1,4,317,7,Industry Ready
S3738,9.64,96,77,94,52,86,41,83,84,92,45,44,40,60,94,20,46,95,73,70,72,75,34,99,37,79,1,6,0,5,316,8,Industry Ready
S3739,5.83,60,60,86,69,38,42,76,63,45,91,67,36,89,35,35,87,11,89,58,76,97,69,70,35,95,3,3,0,4,173,20,Industry Ready
S3740,7.07,95,92,99,92,34,65,74,71,57,84,43,92,26,77,87,95,63,82,98,51,72,90,94,79,52,3,6,1,1,244,14,Industry Ready
S3741,6.47,99,68,36,31,38,46,80,69,79,21,49,45,57,20,66,42,24,53,46,46,60,82,67,65,47,0,6,5,4,341,7,Moderately Ready
S3742,6.34,70,49,48,76,74,91,56,54,61,64,64,41,64,64,10,15,57,62,88,93,74,89,46,71,87,1,7,3,2,8,2,Industry Ready
S3743,6.11,92,77,73,59,53,46,55,69,90,62,62,60,28,25,20,79,63,24,44,97,81,28,73,77,97,0,5,4,2,478,16,Industry Ready
S3744,8.18,61,83,92,45,71,61,85,36,93,22,91,78,72,71,39,64,55,38,52,54,66,32,72,38,92,2,6,4,6,21,17,Industry Ready
S3745,8.86,49,58,94,88,51,80,48,92,74,53,75,94,47,38,97,53,66,73,57,76,84,37,43,63,89,3,6,1,5,308,10,Industry Ready
S3746,7.99,86,77,68,76,89,41,43,52,52,99,92,29,38,62,13,59,64,33,57,95,69,54,94,45,80,0,2,4,6,276,10,Industry Ready
S3747,6.13,79,85,55,59,66,95,52,90,85,84,89,24,87,38,95,63,69,29,90,48,78,20,77,67,83,0,4,3,3,418,1,Industry Ready
S3748,8.99,54,46,73,38,68,92,47,98,95,83,52,74,23,58,81,72,39,68,94,72,85,55,65,87,66,2,1,1,3,254,15,Industry Ready
S3749,8.23,41,38,41,94,82,92,51,86,57,26,64,45,32,51,89,25,37,30,89,77,97,99,41,51,93,2,6,5,6,412,2,Industry Ready
S3750,7.17,68,63,51,88,57,47,59,56,70,54,26,23,30,84,42,56,61,50,59,55,69,86,71,46,42,1,7,0,4,84,12,Moderately Ready
S3751,8.4,46,74,43,93,44,87,88,94,72,41,37,46,21,66,42,66,50,85,91,70,98,65,78,35,72,2,2,0,6,52,12,Industry Ready
S3752,6.62,74,38,59,37,89,99,50,44,90,67,89,77,89,32,83,11,30,29,88,54,84,56,81,90,70,1,6,2,5,61,19,Industry Ready
S3753,6.98,40,36,73,81,89,83,58,40,73,51,64,22,31,93,75,46,96,40,62,41,95,91,98,57,67,0,4,5,5,185,19,Industry Ready
S3754,9.45,99,45,67,47,35,69,57,40,62,45,56,69,56,55,13,32,51,20,75,52,60,48,80,41,60,2,1,5,3,60,18,Moderately Ready
S3755,6.75,52,48,88,87,81,51,75,62,55,25,40,45,75,89,96,94,22,65,88,95,65,63,41,75,91,1,2,0,4,162,16,Industry Ready
S3756,7.52,99,35,71,78,41,44,67,76,96,65,98,37,71,46,60,22,54,94,90,44,63,87,65,87,68,0,6,4,1,342,19,Industry Ready
S3757,9.33,67,40,81,61,48,68,76,75,57,74,63,26,92,91,36,74,99,93,79,87,93,95,86,41,68,1,6,3,1,423,17,Industry Ready
S3758,8.54,31,90,92,77,31,38,82,97,55,94,49,64,23,43,42,57,63,39,91,72,61,96,66,87,91,0,4,3,3,491,13,Industry Ready
S3759,5.77,66,71,90,74,84,63,52,56,50,74,30,32,23,39,93,16,28,40,72,71,76,33,54,39,48,1,4,2,4,470,1,Moderately Ready
S3760,6.13,78,42,63,83,44,80,97,63,96,76,27,25,68,28,86,40,36,56,46,92,82,97,60,70,61,3,7,5,3,81,15,Industry Ready
S3761,5.53,81,41,68,75,93,80,45,68,99,82,24,54,71,58,84,72,49,33,79,81,65,70,87,78,47,0,2,4,2,58,7,Industry Ready
S3762,8.21,62,49,70,60,98,93,58,36,39,20,27,72,53,20,92,54,16,77,44,87,61,93,66,45,96,0,0,5,4,342,9,Industry Ready
S3763,7.42,51,79,66,66,44,95,95,60,80,40,24,87,41,30,41,65,34,76,71,84,85,28,73,98,84,1,3,1,0,256,15,Industry Ready
S3764,6.08,34,65,94,45,72,68,98,53,98,39,29,61,32,93,76,73,58,76,48,60,72,88,88,55,56,0,7,2,2,498,6,Industry Ready
S3765,9.62,47,98,61,75,46,39,70,54,75,92,34,23,82,20,86,31,45,88,69,41,63,53,50,38,62,1,5,4,4,171,5,Industry Ready
S3766,7.78,67,66,37,75,53,43,87,67,78,48,75,79,34,63,37,72,80,89,71,75,44,84,62,69,78,0,3,1,7,57,3,Industry Ready
S3767,6.54,66,41,47,90,59,54,81,38,49,62,74,64,59,70,95,89,93,43,78,93,63,46,89,69,69,2,6,0,3,211,2,Industry Ready
S3768,7.65,93,69,74,75,96,55,86,66,85,64,22,91,57,36,66,37,33,99,43,72,74,59,61,69,54,2,5,0,5,181,10,Industry Ready
S3769,8.42,39,83,62,80,80,51,91,53,88,84,60,94,74,85,28,53,70,79,64,50,97,27,62,73,53,1,5,1,3,207,9,Industry Ready
S3770,5.83,71,31,34,91,89,46,57,37,76,22,29,85,63,42,40,98,78,42,61,80,61,25,40,67,64,3,5,2,3,392,13,Industry Ready
S3771,6.68,77,79,65,64,32,39,93,95,80,39,26,41,85,60,93,23,61,66,98,62,72,72,98,78,55,2,0,1,4,280,4,Industry Ready
S3772,8.97,73,70,52,71,34,94,90,72,59,56,82,31,85,78,62,94,45,57,47,77,56,24,51,85,88,2,4,5,3,421,1,Industry Ready
S3773,7.48,45,74,69,74,57,87,76,40,69,57,82,70,62,93,97,28,60,99,41,72,91,73,64,72,87,0,1,4,7,408,12,Industry Ready
S3774,7.85,83,38,34,97,40,86,52,90,56,93,45,36,91,44,41,69,42,71,76,79,51,37,45,76,57,3,0,5,6,485,17,Industry Ready
S3775,7.36,64,91,63,76,44,82,67,74,43,64,53,55,57,36,18,86,62,32,74,47,69,90,89,79,71,3,4,5,6,6,2,Industry Ready
S3776,5.69,57,76,53,59,77,53,37,76,58,61,91,68,48,38,60,11,97,27,76,75,65,55,88,64,85,3,6,1,4,429,10,Industry Ready
S3777,6.21,31,34,46,53,75,51,62,36,57,65,58,35,94,65,92,60,83,51,95,75,52,73,88,69,77,3,7,4,6,335,5,Industry Ready
S3778,7.42,42,30,51,95,57,88,35,62,95,79,79,94,75,54,32,87,47,36,61,72,45,53,73,62,91,3,6,4,7,117,2,Industry Ready
S3779,6.4,70,73,44,72,36,69,97,51,71,32,88,63,25,93,34,43,53,24,40,68,42,51,67,75,92,3,2,0,4,34,0,Moderately Ready
S3780,5.71,88,51,44,63,35,75,81,73,79,50,45,41,28,42,55,91,14,91,78,70,50,70,64,79,54,2,2,4,3,94,5,Industry Ready
S3781,9.13,98,67,54,52,87,47,71,41,49,87,81,27,41,63,53,97,40,69,81,96,82,22,57,82,76,1,5,3,1,444,5,Industry Ready
S3782,9.72,82,48,82,90,97,67,82,66,91,81,29,37,65,28,75,60,18,31,87,69,99,84,86,89,97,1,4,5,1,0,7,Industry Ready
S3783,8.91,74,60,50,66,84,49,53,38,48,68,73,99,50,51,76,28,41,63,72,47,99,32,40,42,88,3,5,0,6,403,2,Industry Ready
S3784,9.17,49,96,95,42,96,97,48,55,86,37,50,91,40,78,37,45,50,96,88,65,92,27,71,60,72,0,2,5,7,240,12,Industry Ready
S3785,6.54,53,71,61,36,78,49,99,66,70,94,57,57,57,61,87,94,14,87,43,62,49,63,68,63,52,2,3,0,2,441,16,Industry Ready
S3786,9.63,90,55,50,71,80,65,60,48,61,72,44,48,71,81,33,92,60,78,87,89,50,49,59,89,46,0,6,1,4,218,13,Industry Ready
S3787,6.35,87,42,97,67,88,62,44,80,51,37,96,96,38,38,65,35,63,29,48,94,55,27,85,82,58,2,0,4,3,448,2,Industry Ready
S3788,9.59,56,87,73,81,35,44,77,54,75,70,84,92,29,54,59,44,37,67,47,91,59,77,52,41,60,2,3,5,5,292,3,Industry Ready
S3789,9.78,55,47,95,73,80,91,93,92,38,60,69,21,65,95,12,72,52,47,97,90,81,27,96,40,95,2,7,1,6,407,2,Industry Ready
S3790,8.56,36,96,43,93,67,67,37,82,37,86,43,78,95,27,32,13,21,24,90,82,83,80,51,71,76,0,4,4,3,112,14,Industry Ready
S3791,9.72,71,32,44,42,40,41,39,41,53,84,46,61,85,62,43,94,78,63,61,99,58,98,47,43,97,0,0,0,3,132,10,Moderately Ready
S3792,7.95,76,84,49,57,81,39,71,74,75,25,69,40,98,64,18,12,81,50,88,65,48,72,78,37,48,3,2,3,1,394,1,Industry Ready
S3793,6.62,82,87,63,30,49,91,86,93,74,93,69,21,57,25,91,14,26,35,81,91,75,90,47,87,43,2,0,5,0,375,12,Industry Ready
S3794,7.38,88,92,65,72,39,74,97,70,92,56,34,24,81,32,68,38,17,42,88,81,97,95,57,42,70,1,7,0,5,418,15,Industry Ready
S3795,8.05,67,81,38,71,55,62,41,78,73,31,36,36,91,30,75,28,96,40,93,77,54,55,60,74,46,2,0,2,4,28,5,Moderately Ready
S3796,5.81,98,53,59,79,77,70,87,65,41,21,48,43,65,89,31,26,27,21,60,78,62,93,67,51,52,1,2,1,2,373,14,Moderately Ready
S3797,8.18,82,38,92,89,43,90,40,76,70,72,24,27,54,88,44,43,19,42,87,41,60,81,70,81,79,3,5,3,2,150,3,Industry Ready
S3798,9.72,44,66,64,30,88,81,41,78,54,44,30,49,62,26,40,29,48,99,93,94,78,38,54,45,94,3,1,1,6,457,14,Industry Ready
S3799,6.32,55,82,42,80,41,74,78,77,63,47,99,69,49,74,99,37,50,30,80,65,44,37,99,44,75,3,2,4,2,477,16,Industry Ready
S3800,8.91,77,53,75,45,52,93,52,77,81,64,71,41,92,74,87,82,53,92,67,57,90,63,78,95,47,2,3,1,4,222,11,Industry Ready
S3801,9.4,48,50,85,68,68,77,88,81,57,56,53,78,82,38,57,76,78,21,76,66,61,39,72,36,65,2,5,0,4,407,1,Industry Ready
S3802,9.56,38,69,38,44,38,43,63,40,40,36,52,43,49,25,62,19,52,32,41,89,96,21,77,63,66,1,6,0,2,77,4,Moderately Ready
S3803,9.63,93,91,65,62,54,40,59,43,52,88,68,45,48,28,84,30,90,64,85,56,70,49,62,85,87,1,1,1,2,370,11,Industry Ready
S3804,7.74,83,99,32,82,46,99,97,45,87,75,50,80,85,39,41,13,56,91,56,84,54,70,55,91,65,0,3,4,3,124,8,Industry Ready
S3805,9.7,80,98,48,46,71,37,47,52,56,77,37,27,91,44,94,31,84,29,70,54,67,63,63,75,84,1,7,4,7,330,20,Industry Ready
S3806,8.76,68,43,57,35,58,71,66,59,69,23,24,31,93,69,96,80,57,40,84,82,77,66,60,98,81,3,7,3,5,320,9,Industry Ready
S3807,6.2,33,71,52,60,89,67,61,92,43,74,49,33,41,91,97,71,28,20,52,46,91,62,85,38,53,2,4,0,0,171,17,Industry Ready
S3808,7.55,32,79,36,98,96,43,85,64,65,68,64,49,54,69,21,21,30,35,98,56,54,30,47,35,59,0,3,1,1,409,4,Moderately Ready
S3809,8.59,93,90,43,69,86,87,68,35,77,57,57,74,61,57,71,20,12,62,84,58,88,61,81,41,81,2,7,3,4,183,0,Industry Ready
S3810,6.56,58,33,75,59,43,85,62,97,51,64,48,80,43,85,12,31,65,25,57,66,58,38,98,42,84,3,7,2,0,19,1,Moderately Ready
S3811,8.25,40,46,44,98,68,60,64,63,85,49,55,81,45,76,15,38,52,95,63,79,74,22,56,92,67,3,5,3,2,321,2,Industry Ready
S3812,8.37,87,86,96,36,45,50,43,87,58,56,28,50,50,41,21,70,10,30,70,56,57,23,54,44,47,3,6,5,6,32,7,Moderately Ready
S3813,6.2,56,77,44,42,47,74,47,53,49,75,42,46,21,75,62,70,97,85,72,71,49,57,53,56,95,0,6,2,5,430,11,Industry Ready
S3814,7.93,50,73,80,33,49,85,98,86,62,46,22,20,58,55,29,36,45,68,93,55,54,92,59,86,91,2,7,2,2,492,9,Industry Ready
S3815,8.82,68,74,37,79,75,73,72,65,37,51,75,60,31,70,15,56,15,39,92,99,89,91,71,83,44,1,5,3,2,300,18,Industry Ready
S3816,7.65,75,62,98,32,74,89,56,94,63,30,59,33,92,87,93,93,83,40,70,69,63,53,50,38,92,2,6,0,2,172,11,Industry Ready
S3817,5.55,95,60,91,41,33,70,65,64,86,77,75,93,63,20,23,23,55,55,97,53,86,70,77,91,92,2,5,3,3,208,3,Industry Ready
S3818,5.54,65,76,80,94,49,99,76,47,88,96,77,69,62,67,65,16,97,57,66,93,95,50,71,87,90,0,6,3,4,197,3,Industry Ready
S3819,7.04,94,35,92,56,40,79,96,49,92,54,50,61,86,52,50,24,32,75,96,99,90,56,43,89,52,1,0,5,2,267,3,Industry Ready
S3820,9.48,92,63,97,79,94,43,98,54,79,36,30,90,57,43,58,55,29,30,75,89,59,63,68,58,41,1,7,0,2,206,8,Industry Ready
S3821,6.48,64,82,45,46,47,71,43,68,84,49,61,59,85,68,74,37,62,37,60,80,76,78,44,46,87,2,5,0,4,311,19,Industry Ready
S3822,8.23,60,43,53,61,68,35,78,54,56,37,22,33,59,88,93,52,47,64,44,57,50,37,82,89,53,3,5,5,1,322,2,Industry Ready
S3823,6.45,57,45,35,80,73,97,97,84,86,49,76,30,41,77,95,19,44,45,50,61,48,44,51,81,88,2,4,0,7,405,17,Industry Ready
S3824,6.88,30,72,86,46,47,77,74,61,87,35,33,82,94,67,40,60,43,78,73,91,44,29,82,61,98,0,6,0,7,421,0,Industry Ready
S3825,9.15,54,41,60,63,76,62,75,64,65,94,65,68,82,76,37,12,59,25,98,96,50,88,89,52,42,3,1,5,3,340,6,Industry Ready
S3826,8.63,72,99,35,64,60,65,84,90,82,73,38,56,78,83,21,85,56,62,73,55,93,98,78,85,55,0,3,0,3,226,7,Industry Ready
S3827,5.91,96,48,58,53,68,42,54,99,65,23,79,29,95,72,25,86,45,71,96,88,78,44,96,94,48,3,4,5,6,363,6,Industry Ready
S3828,7.34,92,70,96,83,67,68,76,89,38,34,50,73,38,79,44,53,25,81,99,88,66,70,62,91,78,3,7,0,6,42,11,Industry Ready
S3829,5.63,80,82,32,47,76,83,67,58,69,95,55,26,39,62,53,63,96,36,87,55,41,72,72,36,41,3,6,3,0,90,2,Industry Ready
S3830,7.57,31,58,57,79,99,92,97,59,98,46,51,31,92,60,77,43,58,96,42,65,91,29,55,45,50,1,3,5,7,389,3,Industry Ready
S3831,8.35,93,99,77,75,37,81,91,87,43,23,82,74,62,45,19,74,74,65,45,90,93,68,89,47,63,3,0,1,3,394,4,Industry Ready
S3832,6.01,98,88,39,77,94,59,99,45,80,54,45,55,77,78,12,98,72,60,59,82,59,57,83,74,82,1,0,1,6,16,0,Industry Ready
S3833,6.74,38,93,62,62,42,37,86,94,90,82,84,26,73,68,40,92,61,32,43,45,60,65,50,40,68,0,1,1,7,227,9,Industry Ready
S3834,7.21,31,53,96,56,84,79,40,81,90,85,21,43,59,83,61,34,82,25,76,90,90,89,47,46,53,3,7,3,6,222,2,Industry Ready
S3835,9.45,63,45,98,30,72,86,41,59,60,58,89,53,46,24,74,72,85,52,92,46,89,30,72,77,87,3,7,0,0,106,5,Industry Ready
S3836,9.77,89,81,41,88,33,68,43,59,94,47,64,84,32,63,14,79,69,23,78,48,69,35,87,38,79,3,2,2,1,396,2,Industry Ready
S3837,5.69,90,35,86,39,89,42,95,51,82,53,97,48,66,37,14,54,26,97,46,83,87,51,73,71,94,0,5,0,4,175,4,Industry Ready
S3838,8.77,60,66,73,54,41,61,68,46,92,52,44,45,91,76,75,77,76,69,99,65,40,21,60,70,99,2,6,4,2,220,19,Industry Ready
S3839,7.1,39,33,42,86,88,97,69,86,97,69,59,93,42,59,24,35,47,67,56,41,74,77,77,66,98,2,2,0,5,421,1,Industry Ready
S3840,7.19,65,67,53,95,83,59,54,45,92,79,37,84,78,65,74,35,38,46,77,75,65,57,56,91,61,0,0,5,0,339,19,Industry Ready
S3841,8.74,78,70,73,44,73,92,92,44,37,91,31,64,96,77,30,35,40,25,75,42,71,98,88,46,86,0,4,5,6,293,19,Industry Ready
S3842,9.45,99,43,86,57,45,82,94,94,41,91,43,36,26,43,80,87,68,77,73,93,48,76,73,52,87,0,1,1,6,304,10,Industry Ready
S3843,9.59,78,80,45,42,35,35,88,88,86,61,98,55,69,47,20,71,63,82,45,60,88,96,90,95,73,2,6,0,5,98,18,Industry Ready
S3844,7.98,32,94,50,43,43,42,69,97,96,47,62,92,85,65,99,70,62,20,78,83,79,90,80,65,75,1,3,0,5,230,5,Industry Ready
S3845,7.04,34,81,80,95,87,55,81,54,36,94,51,82,22,87,51,11,35,47,41,42,60,78,42,74,72,0,3,5,3,320,0,Moderately Ready
S3846,8.89,90,59,50,63,60,63,80,39,67,46,66,42,58,91,75,50,22,48,57,48,55,76,63,80,78,2,4,4,6,363,18,Industry Ready
S3847,6.58,55,86,89,54,70,64,38,75,46,20,64,85,26,73,70,54,66,47,81,51,51,86,61,73,82,1,2,2,5,305,19,Industry Ready
S3848,7.93,34,59,80,83,64,37,44,97,82,27,54,61,87,52,69,94,28,93,66,47,75,34,49,97,57,3,0,2,2,12,9,Industry Ready
S3849,7.04,44,71,50,41,39,41,74,90,87,65,96,90,74,86,23,23,36,87,78,90,76,77,44,89,61,3,0,1,1,346,11,Industry Ready
S3850,8.32,45,40,35,38,59,45,89,66,75,43,28,94,27,54,14,46,22,60,80,97,66,22,80,74,64,0,1,5,4,130,15,Moderately Ready
S3851,6.53,30,56,94,60,73,66,74,61,92,59,29,90,51,58,40,11,61,74,90,76,46,77,70,63,76,1,6,2,7,211,4,Industry Ready
S3852,6.32,45,53,87,82,84,93,57,82,57,70,84,62,38,66,57,14,73,51,58,60,69,46,63,45,44,2,0,1,7,27,3,Moderately Ready
S3853,9.45,66,68,35,72,47,46,49,41,70,43,78,74,31,90,41,11,67,88,71,76,63,34,85,73,71,3,6,3,0,325,1,Industry Ready
S3854,5.94,32,47,94,67,68,72,39,80,55,41,76,75,76,24,66,10,28,41,63,79,89,79,50,78,91,3,2,4,3,429,4,Industry Ready
S3855,7.68,81,74,63,71,71,58,74,52,89,93,29,98,29,56,43,57,92,76,73,42,93,22,90,54,88,2,2,0,5,301,13,Industry Ready
S3856,6.45,76,41,85,77,83,99,52,72,90,87,38,50,97,20,83,31,12,41,64,90,69,47,94,61,75,3,7,4,5,136,13,Industry Ready
S3857,5.67,42,78,32,96,59,52,55,99,47,27,69,75,40,75,36,50,76,85,94,95,59,66,87,72,48,3,4,2,7,445,12,Industry Ready
S3858,5.65,84,60,71,95,49,80,37,51,56,77,87,93,39,26,91,34,35,60,63,80,85,84,53,45,53,0,6,5,2,300,17,Industry Ready
S3859,6.25,50,51,91,45,71,90,80,72,41,34,24,67,23,83,14,55,15,62,64,60,79,72,85,70,71,1,1,0,2,160,16,Moderately Ready
S3860,9.23,95,73,35,45,34,97,87,97,58,27,48,71,38,27,26,18,22,53,51,65,84,39,43,66,48,1,1,4,2,3,12,Moderately Ready
S3861,6.71,83,93,35,60,79,41,54,76,95,61,24,91,48,83,84,70,36,21,69,63,67,30,47,96,62,1,0,4,4,396,16,Industry Ready
S3862,9.59,56,54,92,87,70,74,93,42,39,58,79,20,90,76,78,56,97,78,90,85,43,44,46,50,84,1,5,5,0,51,15,Industry Ready
S3863,8.0,67,80,49,57,68,88,55,64,84,54,84,21,83,47,65,83,19,55,45,92,51,82,74,76,87,2,3,5,4,165,3,Industry Ready
S3864,7.38,87,36,50,33,86,65,85,98,96,60,47,61,91,45,47,88,25,27,69,99,42,23,94,65,91,1,1,1,5,320,15,Industry Ready
S3865,7.99,91,35,31,39,86,86,59,43,89,67,20,93,30,53,63,12,32,52,95,91,76,73,71,47,84,0,0,5,3,301,3,Moderately Ready
S3866,7.72,75,53,85,80,66,65,44,91,60,97,48,28,52,41,57,17,56,52,72,73,43,79,61,70,48,2,6,5,0,472,5,Industry Ready
S3867,8.76,40,48,39,47,36,68,43,93,44,90,70,50,44,39,94,34,21,87,54,71,54,47,61,45,60,0,3,5,1,384,15,Moderately Ready
S3868,6.71,37,38,99,76,34,41,63,39,45,63,55,21,52,33,97,45,37,37,68,66,67,29,85,82,83,3,0,3,1,159,9,Moderately Ready
S3869,7.02,93,65,52,61,80,50,71,38,74,54,51,43,45,42,89,52,86,83,93,86,76,55,82,54,71,1,4,4,5,361,6,Industry Ready
S3870,9.34,50,69,59,59,37,56,72,42,45,46,83,62,55,86,58,59,27,80,90,69,48,99,65,63,83,1,1,5,4,176,1,Industry Ready
S3871,9.57,92,53,66,65,85,87,93,76,38,84,33,89,30,38,50,72,67,29,53,43,53,52,90,53,49,2,0,0,4,18,9,Moderately Ready
S3872,9.34,93,77,84,38,40,51,91,69,36,89,51,91,49,97,31,94,11,69,95,41,98,78,75,40,68,1,6,3,5,80,15,Industry Ready
S3873,7.3,49,92,78,65,51,38,94,47,73,85,28,62,76,58,66,43,55,41,64,62,71,64,68,90,73,0,4,3,4,179,7,Industry Ready
S3874,8.86,37,98,63,58,40,95,62,39,57,90,30,70,29,56,75,82,26,58,84,94,87,70,43,52,96,2,0,5,1,422,8,Industry Ready
S3875,7.55,87,82,73,45,89,86,62,74,79,91,67,65,44,20,28,19,96,84,44,80,42,65,70,76,61,1,2,0,1,189,12,Industry Ready
S3876,7.64,75,83,51,50,44,69,80,53,76,82,70,94,87,38,11,36,73,49,41,99,86,32,61,94,44,0,0,3,0,40,19,Moderately Ready
S3877,6.38,60,71,60,93,67,78,89,38,76,99,23,20,76,34,84,98,96,24,86,43,57,23,96,90,50,3,6,2,5,331,7,Industry Ready
S3878,8.04,38,74,36,95,30,49,72,93,63,48,60,86,53,20,42,22,74,45,55,76,89,61,92,37,97,1,2,3,0,147,13,Moderately Ready
S3879,6.3,44,43,50,88,75,95,52,52,50,50,44,20,96,50,82,60,63,82,78,50,53,46,47,73,67,1,1,1,4,21,9,Moderately Ready
S3880,6.93,55,58,45,57,72,78,97,58,94,83,36,82,73,71,68,77,52,65,99,75,64,27,60,77,63,1,0,3,7,236,20,Industry Ready
S3881,9.18,39,35,49,84,51,55,39,65,38,72,66,95,70,62,98,25,87,50,93,75,78,65,54,62,73,3,7,4,5,158,8,Industry Ready
S3882,6.39,58,36,72,60,32,81,78,92,50,93,27,81,25,65,15,21,85,60,77,54,65,27,87,76,92,1,7,5,2,97,1,Industry Ready
S3883,5.81,65,66,73,62,43,83,63,62,75,87,77,80,78,69,20,34,64,31,99,76,99,45,93,43,81,3,6,3,0,86,11,Industry Ready
S3884,5.8,66,82,76,89,31,87,48,43,40,44,20,59,73,39,36,58,23,36,56,42,91,20,93,52,79,0,4,1,1,107,15,Moderately Ready
S3885,9.55,52,47,48,70,90,61,92,79,76,32,21,48,36,81,81,25,53,37,70,87,45,80,43,55,91,2,1,1,6,311,0,Industry Ready
S3886,7.68,70,67,77,75,61,65,78,83,91,59,29,54,45,62,54,11,47,85,40,69,65,58,81,60,49,0,1,5,3,274,12,Industry Ready
S3887,7.26,57,88,98,78,67,78,52,36,62,91,46,30,28,24,40,82,67,58,45,96,87,28,97,57,65,0,5,3,7,112,14,Industry Ready
S3888,8.99,77,30,40,94,75,66,41,40,57,26,32,30,21,98,72,86,58,93,70,62,93,46,44,44,82,2,2,2,6,321,9,Industry Ready
S3889,9.09,67,97,58,71,71,64,96,63,76,51,82,82,39,85,53,87,25,52,45,72,90,89,75,78,80,2,1,3,7,321,14,Industry Ready
S3890,6.93,60,73,74,52,35,52,79,60,46,43,30,88,25,31,50,85,91,94,75,40,80,39,41,47,46,1,7,0,2,293,19,Industry Ready
S3891,8.48,43,76,97,56,70,97,50,62,98,20,33,75,98,76,56,44,83,27,47,40,91,84,89,87,83,3,0,1,7,38,5,Industry Ready
S3892,8.82,58,64,65,61,54,50,98,41,92,66,99,26,74,79,78,31,92,45,68,42,40,35,47,71,46,1,0,3,7,228,16,Industry Ready
S3893,8.31,80,89,77,32,40,69,71,68,85,70,45,70,67,74,88,94,39,95,48,48,89,87,86,90,87,0,7,2,5,459,2,Industry Ready
S3894,6.15,78,81,44,89,70,96,59,90,63,55,88,58,77,90,11,57,77,54,61,71,60,86,43,93,96,3,2,2,7,27,1,Industry Ready
S3895,9.27,72,37,73,46,86,43,43,44,53,46,58,61,61,85,24,73,80,76,49,52,53,41,52,46,90,1,0,2,1,10,14,Moderately Ready
S3896,7.82,34,70,96,61,75,96,89,91,79,89,47,91,93,91,29,76,89,98,63,95,85,92,53,37,87,2,6,4,2,233,20,Industry Ready
S3897,6.71,71,32,69,36,77,73,62,81,88,61,36,72,40,92,12,31,46,40,79,84,47,75,48,48,54,2,5,4,3,368,7,Industry Ready
S3898,7.33,36,98,43,98,92,85,43,61,47,95,56,40,25,46,48,82,78,56,41,70,94,76,67,69,85,1,2,4,5,92,15,Industry Ready
S3899,5.66,71,43,92,87,68,44,46,73,99,87,46,49,49,47,83,56,64,24,59,96,64,73,77,64,84,3,3,5,4,20,11,Industry Ready
S3900,6.05,65,55,80,69,39,86,52,56,46,89,95,97,42,56,99,49,48,36,56,60,88,27,51,52,42,0,2,0,2,156,20,Moderately Ready
S3901,8.79,56,99,87,77,99,46,90,53,48,32,86,20,55,98,19,62,66,44,72,62,57,26,67,60,84,3,4,0,3,92,18,Industry Ready
S3902,5.5,87,87,44,80,94,96,92,43,76,44,87,43,22,38,49,12,58,80,53,52,54,95,52,80,65,1,4,5,6,487,11,Industry Ready
S3903,7.29,75,69,94,86,88,37,85,53,82,41,66,25,53,70,22,15,72,56,71,65,81,20,60,46,46,2,5,3,3,41,12,Industry Ready
S3904,7.75,95,80,84,66,65,45,66,36,58,40,94,25,49,32,94,23,43,85,93,64,59,73,94,92,41,2,0,4,2,139,0,Industry Ready
S3905,5.73,54,34,39,84,56,42,82,95,99,34,53,88,61,64,53,92,66,32,94,92,55,31,77,91,49,0,7,4,6,1,12,Industry Ready
S3906,9.68,56,61,71,70,84,57,42,93,51,86,37,81,40,25,41,67,71,59,76,47,46,99,91,66,69,2,3,0,5,39,3,Industry Ready
S3907,6.47,30,30,40,49,99,44,64,67,72,56,54,54,23,20,82,91,48,61,63,79,68,33,65,98,86,0,4,2,2,101,18,Moderately Ready
S3908,6.81,71,83,45,62,82,52,60,99,62,64,37,98,68,44,39,16,83,89,80,69,70,38,64,71,42,0,4,2,6,318,12,Industry Ready
S3909,6.81,81,40,48,69,89,73,58,59,67,45,89,54,67,45,10,38,76,94,59,90,68,38,61,48,77,3,4,5,7,160,15,Industry Ready
S3910,6.49,54,82,60,63,90,60,61,62,58,74,53,67,70,32,62,12,71,44,88,44,56,96,90,44,68,3,0,5,2,364,7,Industry Ready
S3911,5.51,83,37,82,91,65,45,73,52,38,69,52,91,43,38,85,22,38,61,45,63,44,93,91,99,64,1,1,5,2,429,7,Industry Ready
S3912,8.64,96,54,37,48,56,44,85,97,67,54,91,62,65,29,53,45,40,29,72,49,57,47,91,98,85,1,1,1,4,265,18,Industry Ready
S3913,9.66,35,69,53,72,70,37,84,83,44,60,62,54,46,64,44,98,69,62,89,58,53,96,47,75,43,0,5,5,6,488,7,Industry Ready
S3914,6.46,87,61,37,98,57,96,79,74,70,91,46,24,70,90,97,47,48,87,67,74,70,34,76,55,86,1,1,3,1,394,8,Industry Ready
S3915,8.35,99,57,77,92,45,95,67,38,65,30,67,50,39,34,49,84,88,47,50,61,89,82,79,43,44,2,5,3,0,15,16,Industry Ready
S3916,8.69,82,32,59,39,64,38,53,68,38,27,88,50,99,50,54,69,10,43,75,78,57,42,84,43,45,0,0,4,7,263,0,Moderately Ready
S3917,9.15,95,91,87,42,65,95,47,39,42,73,90,27,90,27,69,82,65,60,59,94,86,62,98,52,58,0,6,0,4,46,11,Industry Ready
S3918,7.32,87,56,84,34,85,42,56,56,61,20,41,25,37,49,72,31,92,80,45,77,64,29,95,96,57,1,1,3,2,372,19,Industry Ready
S3919,6.8,31,74,91,87,48,47,54,54,70,39,53,72,27,20,19,30,67,24,47,46,50,55,61,50,91,3,6,2,3,173,0,Moderately Ready
S3920,6.9,51,54,77,88,86,46,39,81,43,53,62,99,46,35,56,92,30,30,58,78,65,82,52,38,77,0,5,0,5,259,8,Industry Ready
S3921,8.56,66,90,33,88,62,69,66,68,77,76,96,63,33,30,33,42,63,27,54,59,44,68,76,55,75,0,2,4,4,427,17,Industry Ready
S3922,9.01,49,73,66,44,52,88,64,78,58,32,35,68,37,46,66,13,80,40,61,79,55,33,53,78,51,3,0,5,7,91,19,Industry Ready
S3923,6.28,53,75,37,30,92,85,60,40,71,73,33,27,84,59,27,89,52,83,90,95,47,53,57,61,63,3,0,4,0,16,19,Industry Ready
S3924,7.1,94,43,30,67,99,77,38,90,75,72,58,83,50,63,66,53,63,24,41,71,52,58,86,68,96,0,3,3,7,337,9,Industry Ready
S3925,9.38,94,37,99,82,51,49,77,63,60,71,90,23,39,89,81,10,11,53,67,41,97,51,72,38,69,1,4,3,5,244,20,Industry Ready
S3926,8.97,30,77,76,81,96,83,64,87,38,25,31,51,89,76,55,71,23,28,75,54,71,99,46,85,95,0,3,5,0,4,11,Industry Ready
S3927,9.73,32,43,34,30,88,68,50,35,35,55,74,72,64,67,52,88,12,57,75,49,93,41,49,36,53,0,6,1,6,71,4,Moderately Ready
S3928,8.74,75,94,79,40,54,73,73,93,54,44,25,86,20,59,86,31,23,62,83,60,66,54,99,66,78,0,1,5,7,125,18,Industry Ready
S3929,7.19,84,36,53,87,46,60,75,82,79,77,59,82,38,58,25,68,14,29,57,54,88,42,97,36,41,1,0,5,4,180,6,Moderately Ready
S3930,8.04,93,78,76,69,68,82,65,41,86,74,32,99,58,22,23,46,90,31,51,73,65,44,69,92,97,3,7,3,3,4,16,Industry Ready
S3931,8.34,74,84,47,89,68,85,83,66,98,22,88,79,46,74,18,32,48,37,98,74,48,88,98,56,73,0,6,3,6,34,0,Industry Ready
S3932,5.84,55,42,57,73,53,38,47,95,55,47,43,96,75,20,82,42,10,31,58,90,86,25,94,53,97,3,5,2,3,22,18,Industry Ready
S3933,7.84,94,85,34,35,67,61,75,91,59,87,93,52,35,42,78,31,52,50,96,44,46,79,73,54,92,0,0,2,5,149,16,Industry Ready
S3934,8.55,53,85,59,57,86,76,62,85,60,57,78,41,97,86,70,73,68,30,65,95,98,25,84,52,59,1,1,0,3,367,0,Industry Ready
S3935,6.22,64,44,30,60,73,90,98,53,61,53,65,50,26,81,20,71,87,46,64,58,89,38,42,84,75,0,5,3,7,116,15,Industry Ready
S3936,8.86,53,86,75,37,65,52,53,61,86,32,92,43,39,53,28,63,90,40,67,46,85,38,98,48,91,0,4,3,1,442,18,Industry Ready
S3937,8.01,57,87,98,34,99,95,59,97,97,24,63,22,50,36,73,67,24,93,54,92,47,31,79,54,62,3,3,4,7,321,8,Industry Ready
S3938,9.59,45,64,60,83,74,38,72,94,79,79,95,52,98,67,47,21,55,32,49,85,41,32,51,79,74,0,4,2,7,163,20,Industry Ready
S3939,5.68,88,45,99,46,55,35,37,95,92,36,30,45,44,72,19,27,16,64,78,83,57,69,75,81,73,0,7,4,3,66,3,Moderately Ready
S3940,6.64,83,37,85,67,40,84,36,95,72,76,80,70,20,80,25,76,51,66,73,97,75,86,92,91,60,0,7,3,0,27,6,Industry Ready
S3941,8.09,45,74,57,38,81,54,39,79,69,50,55,49,36,30,78,69,16,44,52,81,63,95,70,65,77,3,1,2,5,235,1,Moderately Ready
S3942,6.78,44,69,45,43,54,54,95,55,80,84,91,54,99,34,91,10,56,96,55,81,94,50,62,86,85,2,3,3,2,470,13,Industry Ready
S3943,8.57,40,83,83,55,60,80,54,78,37,85,29,44,46,30,51,98,97,83,92,75,73,96,47,80,47,3,3,1,2,456,0,Industry Ready
S3944,8.76,94,43,82,91,74,61,72,35,40,52,97,47,43,26,53,29,99,89,79,57,81,42,40,41,82,0,4,5,6,466,3,Industry Ready
S3945,5.94,97,88,41,54,96,60,70,78,47,23,20,45,81,66,62,26,87,47,70,45,77,96,94,83,90,2,7,4,0,406,19,Industry Ready
S3946,7.71,72,82,49,65,69,66,80,96,80,74,82,92,71,27,44,58,28,39,40,91,50,89,74,57,69,3,4,2,7,140,18,Industry Ready
S3947,7.69,98,56,63,62,75,44,71,95,67,43,31,27,70,24,45,31,62,60,88,43,98,77,86,75,86,3,0,2,3,493,12,Industry Ready
S3948,7.09,42,76,82,32,83,46,88,84,96,51,24,34,85,85,31,42,99,23,98,44,91,86,54,38,59,2,6,3,2,200,2,Industry Ready
S3949,9.51,39,35,93,40,70,58,55,75,97,92,97,68,76,82,33,35,25,88,86,53,49,90,92,65,91,2,7,3,6,68,9,Industry Ready
S3950,9.06,70,84,52,87,67,85,55,67,90,66,55,27,74,40,85,36,71,43,98,80,68,29,67,81,59,2,0,0,5,231,7,Industry Ready
S3951,8.5,79,73,56,93,65,72,94,46,73,35,36,74,72,90,21,69,75,36,93,86,88,87,51,52,62,2,4,0,0,285,17,Industry Ready
S3952,8.57,88,47,46,47,73,80,70,36,94,40,77,77,38,31,44,43,74,24,62,72,95,63,40,41,59,1,5,4,3,439,16,Industry Ready
S3953,7.49,68,45,77,76,86,42,45,55,58,86,41,22,32,30,59,96,60,76,53,92,79,89,50,72,85,1,7,2,1,59,4,Industry Ready
S3954,9.46,32,41,50,73,95,89,65,48,84,50,50,28,48,73,92,89,45,45,78,60,45,90,90,79,62,1,7,3,6,342,6,Industry Ready
S3955,8.49,36,49,79,88,59,65,71,68,67,33,45,33,25,29,87,87,44,91,69,52,87,27,76,62,43,2,1,4,2,96,19,Industry Ready
S3956,8.63,78,74,69,79,39,50,94,98,41,25,32,39,92,35,96,61,33,92,90,41,49,47,88,93,49,0,4,2,5,404,16,Industry Ready
S3957,9.21,55,93,32,98,90,54,95,57,80,88,82,23,20,34,49,64,78,36,81,54,69,74,41,52,79,0,5,3,3,367,20,Industry Ready
S3958,6.68,62,88,46,58,92,72,63,84,96,48,86,43,43,77,31,70,38,75,59,86,94,86,84,43,44,0,6,0,7,332,1,Industry Ready
S3959,8.97,77,51,90,96,65,49,50,48,35,74,82,95,93,98,56,59,10,27,64,55,67,96,74,50,71,3,0,2,5,41,10,Industry Ready
S3960,6.34,31,76,79,31,83,68,79,80,99,56,30,47,25,23,84,72,66,83,50,74,68,58,84,96,57,0,3,3,3,104,2,Industry Ready
S3961,6.98,61,58,35,54,94,53,68,39,79,78,88,50,67,41,75,73,18,88,65,84,90,52,47,74,96,1,5,4,5,303,14,Industry Ready
S3962,6.94,33,74,57,48,33,97,78,56,89,55,83,86,39,54,19,23,89,29,91,59,64,99,70,92,64,2,1,4,2,360,10,Industry Ready
S3963,9.71,49,38,84,69,84,66,76,36,88,95,87,83,95,33,52,99,24,69,60,40,75,94,60,53,56,3,0,1,3,203,1,Industry Ready
S3964,9.18,65,53,87,31,83,71,69,63,97,78,51,36,86,50,78,60,83,74,93,97,66,48,92,61,44,1,1,2,5,149,7,Industry Ready
S3965,8.52,61,44,74,94,93,41,64,95,88,97,93,25,74,93,94,36,25,33,94,85,73,36,84,64,74,0,1,4,7,247,14,Industry Ready
S3966,8.63,57,65,48,91,51,82,87,50,86,83,29,79,37,89,34,49,57,46,44,42,91,56,42,79,81,2,3,2,4,451,3,Industry Ready
S3967,7.92,30,42,58,83,54,45,92,98,88,62,73,30,40,30,56,77,45,24,46,56,73,25,64,65,98,0,5,4,7,328,4,Industry Ready
S3968,9.57,89,73,52,74,88,65,62,48,71,61,74,57,83,55,16,18,62,98,51,56,71,65,80,70,60,1,0,2,4,94,6,Industry Ready
S3969,7.63,85,65,61,78,86,78,49,77,46,93,81,53,56,93,37,65,88,47,41,80,83,33,67,73,75,1,4,2,1,49,1,Industry Ready
S3970,7.14,64,90,39,98,83,79,72,77,93,79,74,66,38,99,89,48,12,24,78,59,43,56,67,84,58,1,1,2,0,190,10,Industry Ready
S3971,6.2,59,69,78,67,73,90,84,89,54,81,54,51,75,43,54,24,28,31,60,59,87,95,41,72,62,0,1,1,4,175,11,Industry Ready
S3972,8.88,83,56,94,33,81,66,47,65,66,83,86,76,81,59,76,98,50,27,97,43,73,48,47,45,44,2,3,0,4,321,7,Industry Ready
S3973,8.66,65,30,58,46,45,55,69,74,78,77,84,65,37,61,92,27,46,78,71,50,55,68,40,50,72,2,5,5,1,365,13,Industry Ready
S3974,7.15,84,63,88,82,45,65,58,61,89,21,36,54,49,40,21,61,68,84,44,54,99,21,60,85,43,3,0,2,7,438,7,Industry Ready
S3975,5.61,87,97,74,82,84,35,99,86,50,97,61,41,75,70,92,70,76,79,66,96,86,89,54,73,72,3,5,0,4,35,8,Industry Ready
S3976,9.11,94,50,96,60,90,45,52,41,86,90,78,35,61,74,20,46,17,99,70,84,85,89,94,57,86,3,1,5,4,458,4,Industry Ready
S3977,5.55,98,62,80,51,69,70,92,80,71,27,89,95,72,23,12,89,97,74,93,66,50,84,47,99,74,1,1,0,6,284,12,Industry Ready
S3978,8.53,80,36,40,40,50,93,60,67,80,75,30,24,93,81,70,62,23,62,51,99,54,65,79,83,98,2,2,0,5,483,9,Industry Ready
S3979,9.67,51,94,35,63,95,90,63,42,75,55,97,45,69,44,75,21,70,60,96,63,95,82,61,95,81,0,2,4,2,97,2,Industry Ready
S3980,7.38,82,32,96,44,37,85,78,39,39,88,47,96,23,89,65,90,44,29,75,59,77,40,78,88,65,2,1,3,6,174,10,Industry Ready
S3981,6.51,65,80,91,39,39,63,39,95,39,32,58,43,82,33,35,34,25,94,60,83,69,46,59,47,76,0,5,5,1,120,4,Moderately Ready
S3982,8.53,97,83,34,82,86,36,67,94,97,58,73,86,86,60,95,88,80,26,92,54,95,82,52,58,61,3,6,0,3,49,3,Industry Ready
S3983,9.01,65,88,38,77,33,40,39,58,37,25,30,51,75,76,90,34,44,40,58,45,66,42,65,83,50,1,7,2,7,8,4,Moderately Ready
S3984,7.85,81,35,57,60,72,65,70,41,42,38,77,42,68,57,43,30,17,94,42,57,55,58,78,71,88,1,5,3,3,75,7,Moderately Ready
S3985,9.66,82,58,67,66,92,88,47,95,60,44,59,68,41,81,64,92,69,63,99,61,40,77,46,60,65,3,5,4,7,84,8,Industry Ready
S3986,5.72,79,46,72,57,72,74,59,70,87,22,23,81,31,60,88,97,21,56,56,88,64,64,96,76,80,1,3,1,0,445,14,Industry Ready
S3987,7.67,70,89,50,60,96,51,92,61,63,72,83,96,68,64,85,16,58,63,69,60,67,33,50,37,52,3,4,0,6,4,0,Industry Ready
S3988,8.59,47,51,91,99,80,39,36,63,48,47,67,98,32,99,25,85,89,84,75,63,82,41,70,95,53,2,2,0,0,6,18,Industry Ready
S3989,9.21,51,53,75,43,85,36,70,54,39,45,89,85,52,35,89,58,77,25,48,56,53,36,73,77,80,0,2,4,4,427,11,Industry Ready
S3990,6.27,95,80,99,45,72,92,59,37,61,66,50,30,66,38,48,48,44,57,73,50,73,48,50,99,88,1,7,2,4,36,12,Industry Ready
S3991,8.94,50,79,67,54,53,46,68,73,63,27,21,99,83,56,15,84,54,62,68,57,95,57,63,52,46,3,6,5,3,380,3,Industry Ready
S3992,7.88,73,40,78,68,63,39,46,79,37,76,62,37,36,98,81,58,50,76,49,74,87,50,64,48,55,0,0,5,1,245,15,Industry Ready
S3993,7.21,76,85,68,95,88,94,53,65,64,74,60,29,53,80,61,98,70,94,91,94,43,77,90,98,59,3,4,5,6,498,11,Industry Ready
S3994,6.07,68,71,59,67,31,75,71,72,43,98,79,96,87,45,34,43,85,99,96,70,53,36,95,66,84,1,2,2,2,2,14,Industry Ready
S3995,9.22,58,68,50,70,31,54,35,40,35,20,94,79,58,98,65,84,94,89,48,67,55,42,72,94,85,0,4,3,5,142,0,Industry Ready
S3996,6.18,83,98,30,69,39,35,94,42,57,59,65,27,91,83,92,25,24,84,79,63,54,39,68,55,89,1,4,3,0,82,13,Industry Ready
S3997,6.83,46,77,61,93,52,90,83,62,66,42,59,90,20,32,28,24,76,74,89,75,73,95,97,61,99,0,0,2,4,368,14,Industry Ready
S3998,6.75,89,86,37,45,44,90,80,49,40,73,78,67,24,53,85,49,68,54,50,84,52,23,60,39,82,0,1,1,0,258,7,Moderately Ready
S3999,9.25,60,50,98,88,46,88,82,42,83,61,64,60,59,42,82,88,11,43,58,63,56,92,88,75,66,3,7,2,3,339,1,Industry Ready
